<?xml version="1.0" encoding="UTF-8"?>
<osm version="0.6" generator="Overpass API 0.7.62.8 e802775f">
<bounds minlat="38.253468" minlon="-85.684703" maxlat="38.267210" maxlon="-85.667275"/>

<note>The data included in this document is from www.openstreetmap.org. The data is made available under ODbL.</note>
<meta osm_base="2025-11-18T21:35:51Z"/>

  <node id="164632325" lat="38.2562130" lon="-85.6869730">
    <tag k="highway" v="stop"/>
    <tag k="stop" v="all"/>
  </node>
  <node id="164632328" lat="38.2564290" lon="-85.6852950"/>
  <node id="164632330" lat="38.2564480" lon="-85.6850680"/>
  <node id="164632333" lat="38.2564810" lon="-85.6844650"/>
  <node id="164632336" lat="38.2565250" lon="-85.6837480"/>
  <node id="164632338" lat="38.2565180" lon="-85.6830270">
    <tag k="highway" v="stop"/>
    <tag k="stop" v="all"/>
  </node>
  <node id="164636726" lat="38.2543390" lon="-85.6755600"/>
  <node id="164636730" lat="38.2545040" lon="-85.6755500">
    <tag k="railway" v="level_crossing"/>
  </node>
  <node id="164636733" lat="38.2546480" lon="-85.6755420"/>
  <node id="164636737" lat="38.2552940" lon="-85.6755050"/>
  <node id="164636740" lat="38.2560660" lon="-85.6754480"/>
  <node id="164636744" lat="38.2562670" lon="-85.6754410"/>
  <node id="164636748" lat="38.2575760" lon="-85.6753680"/>
  <node id="164636751" lat="38.2577780" lon="-85.6753690"/>
  <node id="164636754" lat="38.2578550" lon="-85.6753620"/>
  <node id="164636759" lat="38.2580080" lon="-85.6753280"/>
  <node id="164636761" lat="38.2581290" lon="-85.6752820"/>
  <node id="164636765" lat="38.2582810" lon="-85.6751870"/>
  <node id="164636767" lat="38.2583300" lon="-85.6751410"/>
  <node id="164636769" lat="38.2583670" lon="-85.6750920"/>
  <node id="164636772" lat="38.2583950" lon="-85.6750450"/>
  <node id="164636776" lat="38.2585300" lon="-85.6747650"/>
  <node id="164636779" lat="38.2587480" lon="-85.6743470"/>
  <node id="164636783" lat="38.2587540" lon="-85.6743100"/>
  <node id="164657803" lat="38.2606736" lon="-85.6669524"/>
  <node id="164657806" lat="38.2601930" lon="-85.6668750"/>
  <node id="164657812" lat="38.2599710" lon="-85.6668130"/>
  <node id="164657816" lat="38.2597870" lon="-85.6667230"/>
  <node id="164657818" lat="38.2596940" lon="-85.6666270"/>
  <node id="164657821" lat="38.2596530" lon="-85.6665360"/>
  <node id="164657824" lat="38.2596650" lon="-85.6664220"/>
  <node id="164657826" lat="38.2596950" lon="-85.6663560"/>
  <node id="164657829" lat="38.2597290" lon="-85.6663080"/>
  <node id="164657832" lat="38.2597540" lon="-85.6662710"/>
  <node id="164657836" lat="38.2598130" lon="-85.6662270"/>
  <node id="164657840" lat="38.2598870" lon="-85.6662290"/>
  <node id="164657844" lat="38.2600250" lon="-85.6663090"/>
  <node id="164657848" lat="38.2603970" lon="-85.6666700"/>
  <node id="164657852" lat="38.2607330" lon="-85.6670130"/>
  <node id="164657855" lat="38.2610170" lon="-85.6672430"/>
  <node id="164657862" lat="38.2620833" lon="-85.6681257"/>
  <node id="164658771" lat="38.2576040" lon="-85.6888520">
    <tag k="access:delivery" v="no"/>
    <tag k="barrier" v="gate"/>
  </node>
  <node id="164658775" lat="38.2577310" lon="-85.6878840"/>
  <node id="164658779" lat="38.2577820" lon="-85.6876480"/>
  <node id="164658781" lat="38.2578140" lon="-85.6875000"/>
  <node id="164658784" lat="38.2578540" lon="-85.6872070"/>
  <node id="164658788" lat="38.2581640" lon="-85.6847560"/>
  <node id="164658794" lat="38.2584700" lon="-85.6833660">
    <tag k="crossing" v="unmarked"/>
    <tag k="highway" v="crossing"/>
  </node>
  <node id="164658796" lat="38.2585050" lon="-85.6832870">
    <tag k="highway" v="stop"/>
    <tag k="stop" v="all"/>
  </node>
  <node id="164663308" lat="38.2546110" lon="-85.6854090">
    <tag k="highway" v="traffic_signals"/>
  </node>
  <node id="164663318" lat="38.2535790" lon="-85.6846340"/>
  <node id="164663320" lat="38.2533430" lon="-85.6844340"/>
  <node id="164663323" lat="38.2532580" lon="-85.6843690"/>
  <node id="164681008" lat="38.2538000" lon="-85.6669720"/>
  <node id="164691029" lat="38.2672260" lon="-85.6848950"/>
  <node id="164695299" lat="38.2639050" lon="-85.6852650"/>
  <node id="164695302" lat="38.2641370" lon="-85.6848070"/>
  <node id="164695304" lat="38.2643010" lon="-85.6844860"/>
  <node id="164703881" lat="38.2659620" lon="-85.6749930"/>
  <node id="164703884" lat="38.2660880" lon="-85.6748860"/>
  <node id="164703887" lat="38.2662900" lon="-85.6747260"/>
  <node id="164703889" lat="38.2666160" lon="-85.6744350"/>
  <node id="164703892" lat="38.2667280" lon="-85.6743300"/>
  <node id="164703895" lat="38.2668090" lon="-85.6742650"/>
  <node id="164703898" lat="38.2668720" lon="-85.6741700"/>
  <node id="164703901" lat="38.2669200" lon="-85.6740730"/>
  <node id="164703903" lat="38.2673790" lon="-85.6731670"/>
  <node id="164703906" lat="38.2674910" lon="-85.6729310"/>
  <node id="164708351" lat="38.2546120" lon="-85.6740550"/>
  <node id="164708355" lat="38.2546760" lon="-85.6740090"/>
  <node id="164708358" lat="38.2547150" lon="-85.6739940"/>
  <node id="164708365" lat="38.2551770" lon="-85.6739620"/>
  <node id="164708370" lat="38.2557470" lon="-85.6739350"/>
  <node id="164708376" lat="38.2562100" lon="-85.6739140"/>
  <node id="164708380" lat="38.2568280" lon="-85.6738860"/>
  <node id="164708383" lat="38.2570090" lon="-85.6738660"/>
  <node id="164708386" lat="38.2571320" lon="-85.6738350"/>
  <node id="164708390" lat="38.2571710" lon="-85.6738100"/>
  <node id="164708393" lat="38.2571970" lon="-85.6737840"/>
  <node id="164708397" lat="38.2572820" lon="-85.6736440"/>
  <node id="164708400" lat="38.2573490" lon="-85.6735140"/>
  <node id="164708403" lat="38.2574900" lon="-85.6732070"/>
  <node id="164724220" lat="38.2545838" lon="-85.6843204">
    <tag k="highway" v="traffic_signals"/>
  </node>
  <node id="164724223" lat="38.2545561" lon="-85.6830757"/>
  <node id="164724226" lat="38.2544960" lon="-85.6808219"/>
  <node id="164724231" lat="38.2544599" lon="-85.6794378"/>
  <node id="164724234" lat="38.2544260" lon="-85.6782200"/>
  <node id="164724237" lat="38.2543900" lon="-85.6770950"/>
  <node id="164724240" lat="38.2543670" lon="-85.6763660"/>
  <node id="164724243" lat="38.2543430" lon="-85.6756820"/>
  <node id="164724246" lat="38.2543160" lon="-85.6748440"/>
  <node id="164724249" lat="38.2542870" lon="-85.6740320"/>
  <node id="164724252" lat="38.2542660" lon="-85.6734210"/>
  <node id="164724255" lat="38.2542050" lon="-85.6724470"/>
  <node id="164724265" lat="38.2541710" lon="-85.6719870"/>
  <node id="164724269" lat="38.2539900" lon="-85.6695730"/>
  <node id="164724271" lat="38.2539080" lon="-85.6684490"/>
  <node id="164724273" lat="38.2538810" lon="-85.6680760"/>
  <node id="164724275" lat="38.2536960" lon="-85.6655540"/>
  <node id="164725084" lat="38.2434570" lon="-85.6620950"/>
  <node id="164726867" lat="38.2639680" lon="-85.6792980"/>
  <node id="164726869" lat="38.2656890" lon="-85.6806950"/>
  <node id="164726871" lat="38.2658670" lon="-85.6808440"/>
  <node id="164726873" lat="38.2661270" lon="-85.6810490"/>
  <node id="164726876" lat="38.2664580" lon="-85.6813210"/>
  <node id="164726879" lat="38.2666420" lon="-85.6814730"/>
  <node id="164726884" lat="38.2668260" lon="-85.6816250"/>
  <node id="164726888" lat="38.2671016" lon="-85.6818531"/>
  <node id="164729446" lat="38.2620290" lon="-85.6813570"/>
  <node id="164729457" lat="38.2621640" lon="-85.6814850"/>
  <node id="164729459" lat="38.2644540" lon="-85.6833340"/>
  <node id="164729464" lat="38.2646340" lon="-85.6834960"/>
  <node id="164729586" lat="38.2743400" lon="-85.6876880"/>
  <node id="164732387" lat="38.2713890" lon="-85.6716280"/>
  <node id="164744495" lat="38.2633190" lon="-85.6765420"/>
  <node id="164744500" lat="38.2635360" lon="-85.6767200"/>
  <node id="164744503" lat="38.2636130" lon="-85.6767530"/>
  <node id="164744509" lat="38.2637970" lon="-85.6768800"/>
  <node id="164744513" lat="38.2643010" lon="-85.6772670"/>
  <node id="164744516" lat="38.2645060" lon="-85.6773780"/>
  <node id="164744519" lat="38.2646390" lon="-85.6774470"/>
  <node id="164744524" lat="38.2648480" lon="-85.6775330"/>
  <node id="164744530" lat="38.2649490" lon="-85.6775850"/>
  <node id="164744537" lat="38.2651460" lon="-85.6777060"/>
  <node id="164744540" lat="38.2658220" lon="-85.6781800"/>
  <node id="164744543" lat="38.2659580" lon="-85.6782900"/>
  <node id="164744547" lat="38.2660830" lon="-85.6784050"/>
  <node id="164744551" lat="38.2662240" lon="-85.6785520"/>
  <node id="164744554" lat="38.2663870" lon="-85.6787530"/>
  <node id="164744556" lat="38.2666830" lon="-85.6791750"/>
  <node id="164744559" lat="38.2667390" lon="-85.6792410"/>
  <node id="164744562" lat="38.2668260" lon="-85.6793320"/>
  <node id="164744565" lat="38.2668930" lon="-85.6793870"/>
  <node id="164744569" lat="38.2670860" lon="-85.6795450"/>
  <node id="164744573" lat="38.2679270" lon="-85.6802360"/>
  <node id="164744576" lat="38.2681130" lon="-85.6803830"/>
  <node id="164744579" lat="38.2684330" lon="-85.6806520"/>
  <node id="164744582" lat="38.2695520" lon="-85.6815770"/>
  <node id="164744586" lat="38.2696870" lon="-85.6817000"/>
  <node id="164744589" lat="38.2699920" lon="-85.6820040"/>
  <node id="164744592" lat="38.2701040" lon="-85.6820850"/>
  <node id="164744595" lat="38.2701800" lon="-85.6821330"/>
  <node id="164744597" lat="38.2703650" lon="-85.6822060"/>
  <node id="164744599" lat="38.2708010" lon="-85.6823320"/>
  <node id="164744601" lat="38.2710930" lon="-85.6824050"/>
  <node id="164744603" lat="38.2712420" lon="-85.6824210"/>
  <node id="164744606" lat="38.2713950" lon="-85.6824200"/>
  <node id="164744608" lat="38.2715300" lon="-85.6824060"/>
  <node id="164744611" lat="38.2717040" lon="-85.6823600"/>
  <node id="164744613" lat="38.2722090" lon="-85.6821730"/>
  <node id="164744616" lat="38.2723300" lon="-85.6821360"/>
  <node id="164744619" lat="38.2725050" lon="-85.6821040"/>
  <node id="164744622" lat="38.2726380" lon="-85.6820970"/>
  <node id="164744625" lat="38.2727270" lon="-85.6821010"/>
  <node id="164744628" lat="38.2728190" lon="-85.6820910"/>
  <node id="164744632" lat="38.2728800" lon="-85.6821350"/>
  <node id="164744635" lat="38.2729120" lon="-85.6821810"/>
  <node id="164744638" lat="38.2729680" lon="-85.6823180"/>
  <node id="164744641" lat="38.2730140" lon="-85.6824480"/>
  <node id="164744645" lat="38.2733920" lon="-85.6838300"/>
  <node id="164744648" lat="38.2734580" lon="-85.6841270"/>
  <node id="164744650" lat="38.2734930" lon="-85.6843280"/>
  <node id="164744653" lat="38.2735280" lon="-85.6845900"/>
  <node id="164744656" lat="38.2735730" lon="-85.6851330"/>
  <node id="164744660" lat="38.2736020" lon="-85.6853460"/>
  <node id="164744663" lat="38.2736460" lon="-85.6855400"/>
  <node id="164744666" lat="38.2736890" lon="-85.6856800"/>
  <node id="164744670" lat="38.2737750" lon="-85.6859390"/>
  <node id="164744676" lat="38.2738780" lon="-85.6862270"/>
  <node id="164744681" lat="38.2739260" lon="-85.6863600"/>
  <node id="164744684" lat="38.2740470" lon="-85.6867260"/>
  <node id="164744687" lat="38.2740550" lon="-85.6867540"/>
  <node id="164744688" lat="38.2741220" lon="-85.6870020"/>
  <node id="164744689" lat="38.2741460" lon="-85.6871100"/>
  <node id="164744690" lat="38.2742320" lon="-85.6873930"/>
  <node id="164744692" lat="38.2744510" lon="-85.6879510"/>
  <node id="164744693" lat="38.2746050" lon="-85.6882950"/>
  <node id="164744694" lat="38.2748990" lon="-85.6889050"/>
  <node id="164744695" lat="38.2750140" lon="-85.6891930"/>
  <node id="164744697" lat="38.2751050" lon="-85.6895020"/>
  <node id="164744699" lat="38.2752390" lon="-85.6901010"/>
  <node id="164744701" lat="38.2752760" lon="-85.6902640"/>
  <node id="164744704" lat="38.2753430" lon="-85.6906030"/>
  <node id="164744706" lat="38.2754400" lon="-85.6912430"/>
  <node id="164744711" lat="38.2755090" lon="-85.6915340"/>
  <node id="164744716" lat="38.2758310" lon="-85.6926190"/>
  <node id="164744721" lat="38.2759180" lon="-85.6929130"/>
  <node id="164744725" lat="38.2759570" lon="-85.6930290"/>
  <node id="164744727" lat="38.2760400" lon="-85.6931740"/>
  <node id="164744730" lat="38.2761260" lon="-85.6932600"/>
  <node id="164754023" lat="38.2625463" lon="-85.6714417"/>
  <node id="164754026" lat="38.2625230" lon="-85.6716850"/>
  <node id="164754029" lat="38.2625030" lon="-85.6717850"/>
  <node id="164754033" lat="38.2624760" lon="-85.6718880"/>
  <node id="164754036" lat="38.2623940" lon="-85.6720590"/>
  <node id="164754039" lat="38.2623340" lon="-85.6721500"/>
  <node id="164754042" lat="38.2622790" lon="-85.6722240"/>
  <node id="164754045" lat="38.2622070" lon="-85.6722950"/>
  <node id="164754048" lat="38.2621210" lon="-85.6723630"/>
  <node id="164754051" lat="38.2620510" lon="-85.6724100"/>
  <node id="164754054" lat="38.2619610" lon="-85.6724470"/>
  <node id="164754057" lat="38.2618530" lon="-85.6724760"/>
  <node id="164754067" lat="38.2617630" lon="-85.6724770"/>
  <node id="164754070" lat="38.2616000" lon="-85.6724560"/>
  <node id="164754073" lat="38.2614910" lon="-85.6724200"/>
  <node id="164754076" lat="38.2614020" lon="-85.6723690"/>
  <node id="164754079" lat="38.2613070" lon="-85.6722950"/>
  <node id="164754082" lat="38.2612170" lon="-85.6721900"/>
  <node id="164754084" lat="38.2611410" lon="-85.6720910"/>
  <node id="164754085" lat="38.2610720" lon="-85.6719660"/>
  <node id="164754086" lat="38.2610440" lon="-85.6718930"/>
  <node id="164754088" lat="38.2610170" lon="-85.6718080"/>
  <node id="164754091" lat="38.2608220" lon="-85.6708190"/>
  <node id="164754093" lat="38.2608240" lon="-85.6706440"/>
  <node id="164754094" lat="38.2608350" lon="-85.6705670"/>
  <node id="164754095" lat="38.2608600" lon="-85.6704800"/>
  <node id="164754097" lat="38.2608830" lon="-85.6704180"/>
  <node id="164754100" lat="38.2609170" lon="-85.6703500"/>
  <node id="164754102" lat="38.2610490" lon="-85.6701350"/>
  <node id="164754103" lat="38.2611020" lon="-85.6700570"/>
  <node id="164758992" lat="38.2454640" lon="-85.6636690"/>
  <node id="164759559" lat="38.2547410" lon="-85.6777950"/>
  <node id="164759563" lat="38.2546980" lon="-85.6770750"/>
  <node id="164759566" lat="38.2546680" lon="-85.6764240"/>
  <node id="164759570" lat="38.2546600" lon="-85.6758330"/>
  <node id="164759573" lat="38.2546200" lon="-85.6747430"/>
  <node id="164759577" lat="38.2545900" lon="-85.6743490"/>
  <node id="164759580" lat="38.2545910" lon="-85.6742430"/>
  <node id="164759584" lat="38.2545960" lon="-85.6741730"/>
  <node id="164759586" lat="38.2545870" lon="-85.6733000"/>
  <node id="164759588" lat="38.2545931" lon="-85.6729086"/>
  <node id="164759644" lat="38.2574438" lon="-85.6717705"/>
  <node id="164759647" lat="38.2574850" lon="-85.6716580"/>
  <node id="164759650" lat="38.2575520" lon="-85.6715390"/>
  <node id="164759653" lat="38.2576360" lon="-85.6714290"/>
  <node id="164759655" lat="38.2577230" lon="-85.6713440"/>
  <node id="164759657" lat="38.2578280" lon="-85.6712680"/>
  <node id="164759659" lat="38.2579360" lon="-85.6712160"/>
  <node id="164759661" lat="38.2580370" lon="-85.6711850"/>
  <node id="164759664" lat="38.2580970" lon="-85.6711750"/>
  <node id="164759670" lat="38.2581960" lon="-85.6711700"/>
  <node id="164759671" lat="38.2582690" lon="-85.6711770"/>
  <node id="164759672" lat="38.2587713" lon="-85.6712509"/>
  <node id="164759673" lat="38.2589030" lon="-85.6712260"/>
  <node id="164759676" lat="38.2590750" lon="-85.6711800"/>
  <node id="164759678" lat="38.2593130" lon="-85.6710880"/>
  <node id="164767831" lat="38.2664450" lon="-85.6663510"/>
  <node id="164771265" lat="38.2634350" lon="-85.6803610"/>
  <node id="164771268" lat="38.2638770" lon="-85.6794890"/>
  <node id="164771271" lat="38.2641370" lon="-85.6789590"/>
  <node id="164771274" lat="38.2641960" lon="-85.6788610"/>
  <node id="164771277" lat="38.2642210" lon="-85.6788320"/>
  <node id="164771280" lat="38.2642420" lon="-85.6788150"/>
  <node id="164771283" lat="38.2642840" lon="-85.6788060"/>
  <node id="164771287" lat="38.2643220" lon="-85.6788110"/>
  <node id="164771289" lat="38.2643540" lon="-85.6788240"/>
  <node id="164771292" lat="38.2644970" lon="-85.6789370"/>
  <node id="164771295" lat="38.2645940" lon="-85.6790250"/>
  <node id="164771298" lat="38.2647780" lon="-85.6791710"/>
  <node id="164771301" lat="38.2648830" lon="-85.6792610"/>
  <node id="164771303" lat="38.2655710" lon="-85.6798050"/>
  <node id="164771306" lat="38.2656820" lon="-85.6798990"/>
  <node id="164771308" lat="38.2657270" lon="-85.6799530"/>
  <node id="164771311" lat="38.2657660" lon="-85.6800260"/>
  <node id="164771314" lat="38.2657920" lon="-85.6801230"/>
  <node id="164771317" lat="38.2657980" lon="-85.6801800"/>
  <node id="164771320" lat="38.2657980" lon="-85.6802380"/>
  <node id="164771323" lat="38.2657850" lon="-85.6803490"/>
  <node id="164771327" lat="38.2657250" lon="-85.6806060"/>
  <node id="164771737" lat="38.2615987" lon="-85.6690908"/>
  <node id="164771741" lat="38.2606632" lon="-85.6683394"/>
  <node id="164771743" lat="38.2605262" lon="-85.6682244"/>
  <node id="164771745" lat="38.2603462" lon="-85.6680714"/>
  <node id="164771747" lat="38.2601322" lon="-85.6679514"/>
  <node id="164771748" lat="38.2600012" lon="-85.6679144"/>
  <node id="164771750" lat="38.2599072" lon="-85.6678954"/>
  <node id="164771753" lat="38.2595972" lon="-85.6678724"/>
  <node id="164771756" lat="38.2594485" lon="-85.6678663"/>
  <node id="164774390" lat="38.2625730" lon="-85.6796630"/>
  <node id="164774392" lat="38.2652200" lon="-85.6818060"/>
  <node id="164774394" lat="38.2654140" lon="-85.6819550"/>
  <node id="164774396" lat="38.2660920" lon="-85.6825020"/>
  <node id="164774398" lat="38.2662120" lon="-85.6825980"/>
  <node id="164774400" lat="38.2663530" lon="-85.6827120"/>
  <node id="164774402" lat="38.2676510" lon="-85.6837580"/>
  <node id="164774404" lat="38.2677610" lon="-85.6838530"/>
  <node id="164774407" lat="38.2681730" lon="-85.6841880"/>
  <node id="164774409" lat="38.2683300" lon="-85.6843160"/>
  <node id="164774410" lat="38.2684190" lon="-85.6843970"/>
  <node id="164774412" lat="38.2684990" lon="-85.6844800"/>
  <node id="164774414" lat="38.2686060" lon="-85.6846230"/>
  <node id="164774416" lat="38.2687010" lon="-85.6847900"/>
  <node id="164774417" lat="38.2687960" lon="-85.6849970"/>
  <node id="164774418" lat="38.2688750" lon="-85.6852140"/>
  <node id="164774419" lat="38.2689210" lon="-85.6854050"/>
  <node id="164774420" lat="38.2689410" lon="-85.6856140"/>
  <node id="164774421" lat="38.2689380" lon="-85.6857810"/>
  <node id="164774424" lat="38.2689140" lon="-85.6859490"/>
  <node id="164774426" lat="38.2688600" lon="-85.6862030"/>
  <node id="164774428" lat="38.2688510" lon="-85.6862330"/>
  <node id="164774430" lat="38.2687160" lon="-85.6866990"/>
  <node id="164774432" lat="38.2686260" lon="-85.6870290"/>
  <node id="164774434" lat="38.2685980" lon="-85.6871730"/>
  <node id="164774437" lat="38.2685740" lon="-85.6873220"/>
  <node id="164774440" lat="38.2685650" lon="-85.6874250"/>
  <node id="164774445" lat="38.2685590" lon="-85.6876250"/>
  <node id="164774449" lat="38.2685700" lon="-85.6877820"/>
  <node id="164774454" lat="38.2685990" lon="-85.6879450"/>
  <node id="164774457" lat="38.2686410" lon="-85.6880810"/>
  <node id="164774459" lat="38.2686690" lon="-85.6881390"/>
  <node id="164774461" lat="38.2687240" lon="-85.6882490"/>
  <node id="164774462" lat="38.2687730" lon="-85.6883350"/>
  <node id="164774463" lat="38.2688060" lon="-85.6884040"/>
  <node id="164774465" lat="38.2688280" lon="-85.6884660"/>
  <node id="164774467" lat="38.2688540" lon="-85.6885800"/>
  <node id="164774470" lat="38.2688610" lon="-85.6886910"/>
  <node id="164774473" lat="38.2688530" lon="-85.6887810"/>
  <node id="164792502" lat="38.2548097" lon="-85.6686051"/>
  <node id="164792505" lat="38.2552140" lon="-85.6689370"/>
  <node id="164792509" lat="38.2558720" lon="-85.6694660"/>
  <node id="164792513" lat="38.2563619" lon="-85.6698653"/>
  <node id="164798103" lat="38.2418280" lon="-85.6607850"/>
  <node id="164803357" lat="38.2484570" lon="-85.6660020"/>
  <node id="164803400" lat="38.2471530" lon="-85.6691180"/>
  <node id="164803413" lat="38.2475670" lon="-85.6695640"/>
  <node id="164807774" lat="38.2655070" lon="-85.6817670"/>
  <node id="164807777" lat="38.2656100" lon="-85.6816040"/>
  <node id="164807780" lat="38.2656700" lon="-85.6815250"/>
  <node id="164807783" lat="38.2657990" lon="-85.6813850"/>
  <node id="164807785" lat="38.2659920" lon="-85.6811910"/>
  <node id="164807788" lat="38.2661780" lon="-85.6809970"/>
  <node id="164807792" lat="38.2662960" lon="-85.6808480"/>
  <node id="164807795" lat="38.2663550" lon="-85.6807670"/>
  <node id="164807798" lat="38.2665240" lon="-85.6804990"/>
  <node id="164807801" lat="38.2666420" lon="-85.6802750"/>
  <node id="164807804" lat="38.2667140" lon="-85.6801020"/>
  <node id="164807811" lat="38.2667590" lon="-85.6799440"/>
  <node id="164807814" lat="38.2668140" lon="-85.6797240"/>
  <node id="164807818" lat="38.2668480" lon="-85.6795470"/>
  <node id="164807821" lat="38.2668480" lon="-85.6795170"/>
  <node id="164825008" lat="38.2416500" lon="-85.6606550"/>
  <node id="164832111" lat="38.2524650" lon="-85.6766070"/>
  <node id="164832115" lat="38.2538480" lon="-85.6777530"/>
  <node id="164832127" lat="38.2520610" lon="-85.6774300"/>
  <node id="164832130" lat="38.2521630" lon="-85.6771860"/>
  <node id="164832133" lat="38.2529150" lon="-85.6757280"/>
  <node id="164832137" lat="38.2529480" lon="-85.6756680"/>
  <node id="164832140" lat="38.2531130" lon="-85.6753690"/>
  <node id="164832143" lat="38.2532240" lon="-85.6751510"/>
  <node id="164832146" lat="38.2533430" lon="-85.6749030"/>
  <node id="164832149" lat="38.2536370" lon="-85.6743020"/>
  <node id="164836204" lat="38.2645670" lon="-85.6771990"/>
  <node id="164836208" lat="38.2646240" lon="-85.6770460"/>
  <node id="164836211" lat="38.2646730" lon="-85.6768930"/>
  <node id="164836213" lat="38.2647530" lon="-85.6765800"/>
  <node id="164836215" lat="38.2647820" lon="-85.6764170"/>
  <node id="164836217" lat="38.2648080" lon="-85.6761620"/>
  <node id="164836219" lat="38.2648260" lon="-85.6758680"/>
  <node id="164836221" lat="38.2648160" lon="-85.6756360"/>
  <node id="164836224" lat="38.2647870" lon="-85.6754240"/>
  <node id="164836228" lat="38.2646940" lon="-85.6749810"/>
  <node id="164836231" lat="38.2646800" lon="-85.6748890"/>
  <node id="164836234" lat="38.2646710" lon="-85.6747290"/>
  <node id="164836237" lat="38.2646770" lon="-85.6746670"/>
  <node id="164836240" lat="38.2646880" lon="-85.6746070"/>
  <node id="164836243" lat="38.2647150" lon="-85.6745150"/>
  <node id="164836246" lat="38.2647590" lon="-85.6744100"/>
  <node id="164836250" lat="38.2648720" lon="-85.6741730"/>
  <node id="164836253" lat="38.2649830" lon="-85.6738760"/>
  <node id="164845675" lat="38.2546470" lon="-85.6808160">
    <tag k="crossing:barrier" v="yes"/>
    <tag k="crossing:bell" v="yes"/>
    <tag k="crossing:light" v="yes"/>
    <tag k="railway" v="level_crossing"/>
  </node>
  <node id="164852381" lat="38.2655050" lon="-85.6671120"/>
  <node id="164852387" lat="38.2653338" lon="-85.6677728"/>
  <node id="164852391" lat="38.2652340" lon="-85.6681130"/>
  <node id="164852394" lat="38.2651900" lon="-85.6682750"/>
  <node id="164852396" lat="38.2649942" lon="-85.6690302"/>
  <node id="164852398" lat="38.2648840" lon="-85.6694390"/>
  <node id="164852400" lat="38.2648078" lon="-85.6697488">
    <tag k="bus" v="yes"/>
    <tag k="highway" v="bus_stop"/>
    <tag k="name" v="Brownsboro / Country"/>
    <tag k="network" v="TARC"/>
    <tag k="network:wikidata" v="Q3537637"/>
    <tag k="network:wikipedia" v="en:Transit Authority of River City"/>
    <tag k="operator" v="Transit Authority of River City"/>
    <tag k="public_transport" v="stop_position"/>
    <tag k="tactile_paving" v="no"/>
  </node>
  <node id="164852405" lat="38.2647640" lon="-85.6699250">
    <tag k="highway" v="traffic_signals"/>
  </node>
  <node id="164852412" lat="38.2645455" lon="-85.6707211"/>
  <node id="164852414" lat="38.2644060" lon="-85.6712350"/>
  <node id="164852416" lat="38.2643440" lon="-85.6714760"/>
  <node id="164852419" lat="38.2642990" lon="-85.6716270"/>
  <node id="164852422" lat="38.2641910" lon="-85.6720450"/>
  <node id="164852424" lat="38.2638480" lon="-85.6733420"/>
  <node id="164852426" lat="38.2635430" lon="-85.6745100"/>
  <node id="164852429" lat="38.2634820" lon="-85.6748320"/>
  <node id="164852433" lat="38.2634380" lon="-85.6751170"/>
  <node id="164852436" lat="38.2634180" lon="-85.6753150"/>
  <node id="164852438" lat="38.2633726" lon="-85.6760339">
    <tag k="bus" v="yes"/>
    <tag k="highway" v="bus_stop"/>
    <tag k="name" v="Brownsboro / Mockingbird Valley"/>
    <tag k="network" v="TARC"/>
    <tag k="network:wikidata" v="Q3537637"/>
    <tag k="network:wikipedia" v="en:Transit Authority of River City"/>
    <tag k="operator" v="Transit Authority of River City"/>
    <tag k="public_transport" v="stop_position"/>
    <tag k="tactile_paving" v="no"/>
  </node>
  <node id="164852441" lat="38.2632620" lon="-85.6770020"/>
  <node id="164852444" lat="38.2631648" lon="-85.6775671"/>
  <node id="164852447" lat="38.2631460" lon="-85.6776670"/>
  <node id="164852450" lat="38.2630800" lon="-85.6779810"/>
  <node id="164852454" lat="38.2629610" lon="-85.6784190"/>
  <node id="164852458" lat="38.2628830" lon="-85.6786840"/>
  <node id="164852462" lat="38.2624720" lon="-85.6799860"/>
  <node id="164852465" lat="38.2615950" lon="-85.6827130"/>
  <node id="164852468" lat="38.2612630" lon="-85.6837470"/>
  <node id="164852473" lat="38.2611000" lon="-85.6842420"/>
  <node id="164852477" lat="38.2609260" lon="-85.6847810"/>
  <node id="164859968" lat="38.2542850" lon="-85.6756660"/>
  <node id="164859971" lat="38.2542000" lon="-85.6756230"/>
  <node id="164859974" lat="38.2540190" lon="-85.6754550"/>
  <node id="164859977" lat="38.2537420" lon="-85.6752150"/>
  <node id="164859980" lat="38.2533790" lon="-85.6749270"/>
  <node id="164859983" lat="38.2529200" lon="-85.6745770"/>
  <node id="164859986" lat="38.2522080" lon="-85.6740100"/>
  <node id="164859990" lat="38.2518140" lon="-85.6737050"/>
  <node id="164859993" lat="38.2516340" lon="-85.6735560"/>
  <node id="164859996" lat="38.2515590" lon="-85.6735120"/>
  <node id="164859999" lat="38.2514540" lon="-85.6734370"/>
  <node id="164860003" lat="38.2507540" lon="-85.6728900"/>
  <node id="164860006" lat="38.2503970" lon="-85.6725980"/>
  <node id="164860009" lat="38.2488860" lon="-85.6713990"/>
  <node id="164862353" lat="38.2557245" lon="-85.6727117">
    <tag k="noexit" v="yes"/>
  </node>
  <node id="164865949" lat="38.2633370" lon="-85.6860690"/>
  <node id="164869402" lat="38.2537610" lon="-85.6679870"/>
  <node id="164869406" lat="38.2535590" lon="-85.6678200"/>
  <node id="164869410" lat="38.2533240" lon="-85.6676420"/>
  <node id="164869413" lat="38.2525820" lon="-85.6670490"/>
  <node id="164869417" lat="38.2519140" lon="-85.6665050"/>
  <node id="164869419" lat="38.2516480" lon="-85.6662980"/>
  <node id="164869421" lat="38.2515090" lon="-85.6661850"/>
  <node id="164869443" lat="38.2502170" lon="-85.6651370"/>
  <node id="164869454" lat="38.2485520" lon="-85.6638300"/>
  <node id="164869458" lat="38.2471300" lon="-85.6627000"/>
  <node id="164870034" lat="38.2565294" lon="-85.6656867"/>
  <node id="164870597" lat="38.2679245" lon="-85.6700301"/>
  <node id="164870680" lat="38.2703202" lon="-85.6713738"/>
  <node id="164879926" lat="38.2380570" lon="-85.6592900">
    <tag k="highway" v="traffic_signals"/>
  </node>
  <node id="164892261" lat="38.2640590" lon="-85.6847150"/>
  <node id="164893746" lat="38.2610860" lon="-85.6646970"/>
  <node id="164893748" lat="38.2611470" lon="-85.6647420"/>
  <node id="164893750" lat="38.2615910" lon="-85.6651120"/>
  <node id="164893752" lat="38.2625790" lon="-85.6659150"/>
  <node id="164893754" lat="38.2642870" lon="-85.6673050"/>
  <node id="164893756" lat="38.2643980" lon="-85.6673690"/>
  <node id="164893758" lat="38.2646010" lon="-85.6674790"/>
  <node id="164893760" lat="38.2650430" lon="-85.6676790"/>
  <node id="164893763" lat="38.2651990" lon="-85.6677340"/>
  <node id="164919663" lat="38.2616260" lon="-85.6638210"/>
  <node id="164919666" lat="38.2617110" lon="-85.6639150"/>
  <node id="164919670" lat="38.2630360" lon="-85.6650070"/>
  <node id="164919672" lat="38.2631790" lon="-85.6651210"/>
  <node id="164919674" lat="38.2634360" lon="-85.6653410"/>
  <node id="164919677" lat="38.2636280" lon="-85.6654870"/>
  <node id="164919680" lat="38.2639310" lon="-85.6657370"/>
  <node id="164919683" lat="38.2644700" lon="-85.6661670"/>
  <node id="164919689" lat="38.2645070" lon="-85.6662010"/>
  <node id="164919710" lat="38.2645380" lon="-85.6662390"/>
  <node id="164919718" lat="38.2645650" lon="-85.6662830"/>
  <node id="164919724" lat="38.2645870" lon="-85.6663310"/>
  <node id="164919730" lat="38.2646100" lon="-85.6664100"/>
  <node id="164919736" lat="38.2646180" lon="-85.6664910"/>
  <node id="164919743" lat="38.2646170" lon="-85.6665460"/>
  <node id="164919746" lat="38.2645970" lon="-85.6666570"/>
  <node id="164919750" lat="38.2644420" lon="-85.6672270"/>
  <node id="164923436" lat="38.2580680" lon="-85.6707460"/>
  <node id="164923440" lat="38.2580740" lon="-85.6706000"/>
  <node id="164923445" lat="38.2580930" lon="-85.6704560"/>
  <node id="164923456" lat="38.2581280" lon="-85.6703090"/>
  <node id="164923461" lat="38.2581760" lon="-85.6701690"/>
  <node id="164923464" lat="38.2582600" lon="-85.6699960"/>
  <node id="164923466" lat="38.2584640" lon="-85.6697230"/>
  <node id="164923469" lat="38.2586040" lon="-85.6695060"/>
  <node id="164923472" lat="38.2587504" lon="-85.6692475"/>
  <node id="164926251" lat="38.2656090" lon="-85.6704110"/>
  <node id="164926259" lat="38.2655590" lon="-85.6706560"/>
  <node id="164926261" lat="38.2653990" lon="-85.6713350"/>
  <node id="164926264" lat="38.2653860" lon="-85.6714080"/>
  <node id="164926267" lat="38.2653760" lon="-85.6715240"/>
  <node id="164926272" lat="38.2653790" lon="-85.6715830"/>
  <node id="164926275" lat="38.2653990" lon="-85.6717060"/>
  <node id="164926278" lat="38.2654370" lon="-85.6718210"/>
  <node id="164926280" lat="38.2654820" lon="-85.6719080"/>
  <node id="164926282" lat="38.2655140" lon="-85.6719520"/>
  <node id="164926284" lat="38.2655500" lon="-85.6719910"/>
  <node id="164926288" lat="38.2656800" lon="-85.6720930"/>
  <node id="164926291" lat="38.2657810" lon="-85.6721530"/>
  <node id="164926294" lat="38.2662210" lon="-85.6723550"/>
  <node id="164926297" lat="38.2669050" lon="-85.6726610"/>
  <node id="164926302" lat="38.2676460" lon="-85.6730050"/>
  <node id="164926305" lat="38.2678320" lon="-85.6731050"/>
  <node id="164926307" lat="38.2682120" lon="-85.6733390"/>
  <node id="164926311" lat="38.2683460" lon="-85.6734280"/>
  <node id="164926314" lat="38.2695490" lon="-85.6743250"/>
  <node id="164926317" lat="38.2698070" lon="-85.6745380"/>
  <node id="164926319" lat="38.2699100" lon="-85.6746410"/>
  <node id="164926322" lat="38.2700230" lon="-85.6747820"/>
  <node id="164926324" lat="38.2701550" lon="-85.6749620"/>
  <node id="164926327" lat="38.2702700" lon="-85.6751430"/>
  <node id="164926331" lat="38.2703660" lon="-85.6753280"/>
  <node id="164926335" lat="38.2704290" lon="-85.6754740"/>
  <node id="164926338" lat="38.2705170" lon="-85.6757100"/>
  <node id="164926342" lat="38.2705930" lon="-85.6759830"/>
  <node id="164926345" lat="38.2706300" lon="-85.6761750"/>
  <node id="164926349" lat="38.2706590" lon="-85.6764140"/>
  <node id="164926353" lat="38.2706670" lon="-85.6766050"/>
  <node id="164926356" lat="38.2706580" lon="-85.6768230"/>
  <node id="164926357" lat="38.2706451" lon="-85.6769178"/>
  <node id="164926359" lat="38.2706167" lon="-85.6770306"/>
  <node id="164926361" lat="38.2705681" lon="-85.6771478"/>
  <node id="164926362" lat="38.2704330" lon="-85.6773990"/>
  <node id="164926364" lat="38.2703940" lon="-85.6774990"/>
  <node id="164926369" lat="38.2703790" lon="-85.6775850"/>
  <node id="164926379" lat="38.2703770" lon="-85.6776390"/>
  <node id="164926382" lat="38.2703820" lon="-85.6776930"/>
  <node id="164926384" lat="38.2703920" lon="-85.6777470"/>
  <node id="164926387" lat="38.2704240" lon="-85.6778170"/>
  <node id="164926389" lat="38.2704480" lon="-85.6778520"/>
  <node id="164926392" lat="38.2704900" lon="-85.6778960"/>
  <node id="164926396" lat="38.2706950" lon="-85.6780520"/>
  <node id="164926398" lat="38.2713940" lon="-85.6785690"/>
  <node id="164926401" lat="38.2715030" lon="-85.6786790"/>
  <node id="164926404" lat="38.2715860" lon="-85.6787950"/>
  <node id="164926406" lat="38.2716450" lon="-85.6789010"/>
  <node id="164926408" lat="38.2717340" lon="-85.6791220"/>
  <node id="164926411" lat="38.2719210" lon="-85.6796440"/>
  <node id="164926414" lat="38.2719740" lon="-85.6797670"/>
  <node id="164926416" lat="38.2720620" lon="-85.6799360"/>
  <node id="164926418" lat="38.2721250" lon="-85.6800330"/>
  <node id="164926420" lat="38.2721633" lon="-85.6800923"/>
  <node id="164926423" lat="38.2721974" lon="-85.6801311"/>
  <node id="164926428" lat="38.2722257" lon="-85.6801572"/>
  <node id="164926431" lat="38.2722545" lon="-85.6801879"/>
  <node id="164926435" lat="38.2722811" lon="-85.6802216">
    <tag k="highway" v="turning_circle"/>
  </node>
  <node id="164928205" lat="38.2613703" lon="-85.6703196"/>
  <node id="164928207" lat="38.2611710" lon="-85.6701250"/>
  <node id="164928209" lat="38.2609690" lon="-85.6699180"/>
  <node id="164928211" lat="38.2608040" lon="-85.6697880"/>
  <node id="164928212" lat="38.2607170" lon="-85.6697350"/>
  <node id="164928215" lat="38.2606220" lon="-85.6696840"/>
  <node id="164928218" lat="38.2605370" lon="-85.6696490"/>
  <node id="164928221" lat="38.2604280" lon="-85.6696110"/>
  <node id="164928224" lat="38.2602640" lon="-85.6695790"/>
  <node id="164928228" lat="38.2601720" lon="-85.6695800"/>
  <node id="164928231" lat="38.2600210" lon="-85.6696170"/>
  <node id="164928234" lat="38.2599950" lon="-85.6696270"/>
  <node id="164928237" lat="38.2598630" lon="-85.6696780"/>
  <node id="164928239" lat="38.2596950" lon="-85.6697850"/>
  <node id="164928242" lat="38.2596090" lon="-85.6698520"/>
  <node id="164928245" lat="38.2595300" lon="-85.6699320"/>
  <node id="164928248" lat="38.2594500" lon="-85.6700370"/>
  <node id="164928255" lat="38.2593820" lon="-85.6701550"/>
  <node id="164928258" lat="38.2593340" lon="-85.6702670"/>
  <node id="164928261" lat="38.2592930" lon="-85.6704040"/>
  <node id="164928264" lat="38.2592670" lon="-85.6705460"/>
  <node id="164928267" lat="38.2592580" lon="-85.6706730"/>
  <node id="164928270" lat="38.2592620" lon="-85.6708190"/>
  <node id="164928273" lat="38.2592790" lon="-85.6709460"/>
  <node id="164928276" lat="38.2593290" lon="-85.6711360"/>
  <node id="164928279" lat="38.2593830" lon="-85.6712650"/>
  <node id="164928282" lat="38.2595620" lon="-85.6715810"/>
  <node id="164928285" lat="38.2596790" lon="-85.6718620"/>
  <node id="164928288" lat="38.2597880" lon="-85.6722000"/>
  <node id="164928289" lat="38.2598890" lon="-85.6726730"/>
  <node id="164928292" lat="38.2599460" lon="-85.6733080"/>
  <node id="164928295" lat="38.2599560" lon="-85.6734170"/>
  <node id="164928298" lat="38.2600340" lon="-85.6737220"/>
  <node id="164928301" lat="38.2601320" lon="-85.6739630"/>
  <node id="164928305" lat="38.2602120" lon="-85.6741010"/>
  <node id="164928308" lat="38.2602823" lon="-85.6741980"/>
  <node id="164928314" lat="38.2605672" lon="-85.6744588"/>
  <node id="164941756" lat="38.2550060" lon="-85.6712000"/>
  <node id="164941759" lat="38.2552893" lon="-85.6707020"/>
  <node id="164941762" lat="38.2563463" lon="-85.6685307"/>
  <node id="164943882" lat="38.2639560" lon="-85.6848880"/>
  <node id="164943885" lat="38.2641620" lon="-85.6845400"/>
  <node id="164943889" lat="38.2642160" lon="-85.6844210"/>
  <node id="164943892" lat="38.2642700" lon="-85.6842570"/>
  <node id="164943894" lat="38.2643430" lon="-85.6839790"/>
  <node id="164943897" lat="38.2643920" lon="-85.6838620"/>
  <node id="164943899" lat="38.2644940" lon="-85.6836950"/>
  <node id="164943901" lat="38.2645810" lon="-85.6835780"/>
  <node id="164943906" lat="38.2648050" lon="-85.6831740"/>
  <node id="164943909" lat="38.2648720" lon="-85.6829320"/>
  <node id="164966065" lat="38.2621120" lon="-85.6668140"/>
  <node id="164968624" lat="38.2490130" lon="-85.6705970"/>
  <node id="164968648" lat="38.2496145" lon="-85.6669290">
    <tag k="highway" v="traffic_signals"/>
  </node>
  <node id="164969116" lat="38.2532306" lon="-85.6807567"/>
  <node id="164972228" lat="38.2477570" lon="-85.6654630"/>
  <node id="164980129" lat="38.2547235" lon="-85.6808115">
    <tag k="crossing:barrier" v="yes"/>
    <tag k="crossing:bell" v="yes"/>
    <tag k="crossing:light" v="yes"/>
    <tag k="railway" v="level_crossing"/>
  </node>
  <node id="164996518" lat="38.2547518" lon="-85.6830670">
    <tag k="crossing:barrier" v="half"/>
    <tag k="crossing:bell" v="yes"/>
    <tag k="crossing:light" v="yes"/>
    <tag k="railway" v="level_crossing"/>
  </node>
  <node id="164996527" lat="38.2547410" lon="-85.6843067">
    <tag k="crossing:barrier" v="half"/>
    <tag k="crossing:bell" v="yes"/>
    <tag k="crossing:light" v="yes"/>
    <tag k="railway" v="level_crossing"/>
  </node>
  <node id="164997684" lat="38.2547060" lon="-85.6830710">
    <tag k="crossing:barrier" v="half"/>
    <tag k="crossing:bell" v="yes"/>
    <tag k="crossing:light" v="yes"/>
    <tag k="railway" v="level_crossing"/>
  </node>
  <node id="165003785" lat="38.2586570" lon="-85.6805250"/>
  <node id="165003788" lat="38.2587010" lon="-85.6805690">
    <tag k="highway" v="stop"/>
  </node>
  <node id="165003794" lat="38.2591360" lon="-85.6825100"/>
  <node id="165003797" lat="38.2591600" lon="-85.6825960"/>
  <node id="165003799" lat="38.2591930" lon="-85.6826610"/>
  <node id="165003801" lat="38.2592960" lon="-85.6827780"/>
  <node id="165003803" lat="38.2610190" lon="-85.6841660"/>
  <node id="165003806" lat="38.2611920" lon="-85.6843230"/>
  <node id="165003810" lat="38.2632000" lon="-85.6859500"/>
  <node id="165010627" lat="38.2524180" lon="-85.6691690"/>
  <node id="165010629" lat="38.2518640" lon="-85.6687290"/>
  <node id="165010631" lat="38.2517900" lon="-85.6686640"/>
  <node id="165010635" lat="38.2495420" lon="-85.6668520"/>
  <node id="165010636" lat="38.2478770" lon="-85.6655490"/>
  <node id="165010637" lat="38.2477960" lon="-85.6654990"/>
  <node id="165010644" lat="38.2462900" lon="-85.6643090"/>
  <node id="165010653" lat="38.2453100" lon="-85.6635500"/>
  <node id="165010656" lat="38.2449020" lon="-85.6632330"/>
  <node id="165010658" lat="38.2443870" lon="-85.6628320"/>
  <node id="165010660" lat="38.2442500" lon="-85.6627280"/>
  <node id="165010662" lat="38.2425750" lon="-85.6613890"/>
  <node id="165010664" lat="38.2417180" lon="-85.6607090"/>
  <node id="165010667" lat="38.2415010" lon="-85.6605290"/>
  <node id="165010671" lat="38.2413440" lon="-85.6604160"/>
  <node id="165010676" lat="38.2413240" lon="-85.6604010"/>
  <node id="165010678" lat="38.2411410" lon="-85.6602800"/>
  <node id="165010679" lat="38.2409530" lon="-85.6601700"/>
  <node id="165010680" lat="38.2407360" lon="-85.6600630"/>
  <node id="165010681" lat="38.2405120" lon="-85.6599730"/>
  <node id="165010683" lat="38.2402630" lon="-85.6598980"/>
  <node id="165010684" lat="38.2382270" lon="-85.6593460"/>
  <node id="165012740" lat="38.2605640" lon="-85.6655480"/>
  <node id="165012741" lat="38.2606160" lon="-85.6655900"/>
  <node id="165012742" lat="38.2606440" lon="-85.6656200"/>
  <node id="165012743" lat="38.2638710" lon="-85.6682510"/>
  <node id="165012744" lat="38.2639070" lon="-85.6682720"/>
  <node id="165012745" lat="38.2639460" lon="-85.6682870"/>
  <node id="165012746" lat="38.2640140" lon="-85.6682950"/>
  <node id="165012748" lat="38.2640660" lon="-85.6682830"/>
  <node id="165012749" lat="38.2641110" lon="-85.6682550"/>
  <node id="165012750" lat="38.2641450" lon="-85.6682190"/>
  <node id="165012751" lat="38.2641830" lon="-85.6681410"/>
  <node id="165012752" lat="38.2642170" lon="-85.6680300"/>
  <node id="165012753" lat="38.2643450" lon="-85.6675430"/>
  <node id="165023487" lat="38.2548340" lon="-85.6830660"/>
  <node id="165023490" lat="38.2548330" lon="-85.6837000"/>
  <node id="165023493" lat="38.2548500" lon="-85.6843100"/>
  <node id="165023496" lat="38.2548540" lon="-85.6843730"/>
  <node id="165023501" lat="38.2548729" lon="-85.6849701"/>
  <node id="165027525" lat="38.2523120" lon="-85.6705080"/>
  <node id="165027528" lat="38.2519170" lon="-85.6701980"/>
  <node id="165028451" lat="38.2585600" lon="-85.6805350"/>
  <node id="165028878" lat="38.2540600" lon="-85.6704690">
    <tag k="highway" v="traffic_signals"/>
    <tag k="traffic_signals:direction" v="both"/>
  </node>
  <node id="165028883" lat="38.2542523" lon="-85.6706028">
    <tag k="railway" v="level_crossing"/>
  </node>
  <node id="165028885" lat="38.2546060" lon="-85.6708440"/>
  <node id="165028887" lat="38.2547510" lon="-85.6709630"/>
  <node id="165028889" lat="38.2554420" lon="-85.6715710"/>
  <node id="165028893" lat="38.2566670" lon="-85.6725610"/>
  <node id="165028896" lat="38.2577150" lon="-85.6733790"/>
  <node id="165028898" lat="38.2581860" lon="-85.6737530"/>
  <node id="165028900" lat="38.2582420" lon="-85.6738100"/>
  <node id="165028903" lat="38.2582960" lon="-85.6738910"/>
  <node id="165028907" lat="38.2583750" lon="-85.6739680"/>
  <node id="165028910" lat="38.2587120" lon="-85.6742450"/>
  <node id="165028913" lat="38.2587470" lon="-85.6742840"/>
  <node id="165045863" lat="38.2625790" lon="-85.6800910"/>
  <node id="165045865" lat="38.2626240" lon="-85.6801230"/>
  <node id="165045869" lat="38.2627800" lon="-85.6802740"/>
  <node id="165045873" lat="38.2631180" lon="-85.6805750"/>
  <node id="165045877" lat="38.2635120" lon="-85.6809030"/>
  <node id="165045880" lat="38.2650840" lon="-85.6821370"/>
  <node id="165045884" lat="38.2651570" lon="-85.6821760"/>
  <node id="165047544" lat="38.2674340" lon="-85.6687200"/>
  <node id="165059447" lat="38.2669360" lon="-85.6683930"/>
  <node id="165059448" lat="38.2670460" lon="-85.6677130"/>
  <node id="165059449" lat="38.2670570" lon="-85.6676610"/>
  <node id="165059451" lat="38.2670700" lon="-85.6676240"/>
  <node id="165059453" lat="38.2670890" lon="-85.6675890"/>
  <node id="165059455" lat="38.2671170" lon="-85.6675520"/>
  <node id="165059457" lat="38.2671650" lon="-85.6675130"/>
  <node id="165059460" lat="38.2672020" lon="-85.6674970"/>
  <node id="165059462" lat="38.2672630" lon="-85.6674870"/>
  <node id="165059464" lat="38.2677510" lon="-85.6675840"/>
  <node id="165059466" lat="38.2679310" lon="-85.6676350"/>
  <node id="165066599" lat="38.2667610" lon="-85.6845240"/>
  <node id="165066602" lat="38.2671270" lon="-85.6850800"/>
  <node id="165066606" lat="38.2670680" lon="-85.6852110"/>
  <node id="165066610" lat="38.2670230" lon="-85.6853400"/>
  <node id="165066614" lat="38.2669860" lon="-85.6855070"/>
  <node id="165066617" lat="38.2669690" lon="-85.6856800"/>
  <node id="165066620" lat="38.2669580" lon="-85.6859380"/>
  <node id="165066623" lat="38.2669280" lon="-85.6860980"/>
  <node id="165066627" lat="38.2669060" lon="-85.6861710"/>
  <node id="165066631" lat="38.2668790" lon="-85.6862410"/>
  <node id="165066634" lat="38.2668090" lon="-85.6863660"/>
  <node id="165066637" lat="38.2667230" lon="-85.6864840"/>
  <node id="165066640" lat="38.2666610" lon="-85.6865510"/>
  <node id="165066643" lat="38.2664870" lon="-85.6867150"/>
  <node id="165066646" lat="38.2663620" lon="-85.6868120"/>
  <node id="165066650" lat="38.2663130" lon="-85.6868350"/>
  <node id="165066652" lat="38.2662620" lon="-85.6868500"/>
  <node id="165066655" lat="38.2662100" lon="-85.6868580"/>
  <node id="165066658" lat="38.2661570" lon="-85.6868570"/>
  <node id="165066661" lat="38.2661020" lon="-85.6868460"/>
  <node id="165066664" lat="38.2660390" lon="-85.6868230"/>
  <node id="165066667" lat="38.2659940" lon="-85.6868000"/>
  <node id="165066670" lat="38.2659520" lon="-85.6867700"/>
  <node id="165066673" lat="38.2658910" lon="-85.6867110"/>
  <node id="165066678" lat="38.2658410" lon="-85.6866380"/>
  <node id="165066684" lat="38.2657970" lon="-85.6865640"/>
  <node id="165066687" lat="38.2657250" lon="-85.6864150"/>
  <node id="165066690" lat="38.2656880" lon="-85.6863190"/>
  <node id="165066697" lat="38.2656540" lon="-85.6862160"/>
  <node id="165066700" lat="38.2656360" lon="-85.6860930"/>
  <node id="165066703" lat="38.2656340" lon="-85.6860440"/>
  <node id="165066706" lat="38.2656380" lon="-85.6859800"/>
  <node id="165066709" lat="38.2656670" lon="-85.6858250"/>
  <node id="165066712" lat="38.2656860" lon="-85.6857620"/>
  <node id="165066716" lat="38.2657100" lon="-85.6857020"/>
  <node id="165066720" lat="38.2657380" lon="-85.6856450"/>
  <node id="165066724" lat="38.2657800" lon="-85.6855810"/>
  <node id="165066727" lat="38.2659070" lon="-85.6854140"/>
  <node id="165066731" lat="38.2661120" lon="-85.6851260"/>
  <node id="165066734" lat="38.2664460" lon="-85.6845480"/>
  <node id="165066737" lat="38.2664720" lon="-85.6845180"/>
  <node id="165066741" lat="38.2665260" lon="-85.6844820"/>
  <node id="165066744" lat="38.2665970" lon="-85.6844610"/>
  <node id="165066748" lat="38.2666340" lon="-85.6844640"/>
  <node id="165066752" lat="38.2666950" lon="-85.6844840"/>
  <node id="165070087" lat="38.2549700" lon="-85.6830630"/>
  <node id="165070091" lat="38.2577780" lon="-85.6829970"/>
  <node id="165070095" lat="38.2578770" lon="-85.6830000"/>
  <node id="165070100" lat="38.2580080" lon="-85.6830240"/>
  <node id="165070103" lat="38.2581430" lon="-85.6830740"/>
  <node id="165070106" lat="38.2583050" lon="-85.6831640"/>
  <node id="165078974" lat="38.2669170" lon="-85.6744470"/>
  <node id="165078975" lat="38.2671090" lon="-85.6747940"/>
  <node id="165078977" lat="38.2673950" lon="-85.6753260"/>
  <node id="165078979" lat="38.2675740" lon="-85.6756410"/>
  <node id="165078981" lat="38.2678240" lon="-85.6761030"/>
  <node id="165078983" lat="38.2678620" lon="-85.6761730"/>
  <node id="165078984" lat="38.2679440" lon="-85.6763450"/>
  <node id="165078986" lat="38.2679890" lon="-85.6764870"/>
  <node id="165078987" lat="38.2680190" lon="-85.6766370"/>
  <node id="165078989" lat="38.2680420" lon="-85.6768630"/>
  <node id="165078991" lat="38.2680450" lon="-85.6770260"/>
  <node id="165078993" lat="38.2680340" lon="-85.6771140"/>
  <node id="165078996" lat="38.2680100" lon="-85.6772400"/>
  <node id="165086385" lat="38.2575050" lon="-85.6845650"/>
  <node id="165086386" lat="38.2576650" lon="-85.6845900"/>
  <node id="165086388" lat="38.2578860" lon="-85.6846500"/>
  <node id="165086389" lat="38.2583340" lon="-85.6848130"/>
  <node id="165086392" lat="38.2599690" lon="-85.6854210"/>
  <node id="165090226" lat="38.2593400" lon="-85.6734950"/>
  <node id="165090227" lat="38.2592420" lon="-85.6735040"/>
  <node id="165090229" lat="38.2591490" lon="-85.6734960"/>
  <node id="165090231" lat="38.2590570" lon="-85.6734720"/>
  <node id="165090235" lat="38.2589650" lon="-85.6734300"/>
  <node id="165090238" lat="38.2588730" lon="-85.6733670"/>
  <node id="165090242" lat="38.2587940" lon="-85.6732910"/>
  <node id="165090245" lat="38.2586395" lon="-85.6730913"/>
  <node id="165094906" lat="38.2549620" lon="-85.6770640"/>
  <node id="165094908" lat="38.2563280" lon="-85.6769710"/>
  <node id="165094909" lat="38.2574490" lon="-85.6768860"/>
  <node id="165094911" lat="38.2589850" lon="-85.6767790"/>
  <node id="165094912" lat="38.2590040" lon="-85.6767710"/>
  <node id="165094913" lat="38.2590470" lon="-85.6767100"/>
  <node id="165094914" lat="38.2591670" lon="-85.6764570"/>
  <node id="165094917" lat="38.2592270" lon="-85.6763500">
    <tag k="noexit" v="yes"/>
  </node>
  <node id="165108364" lat="38.2660920" lon="-85.6682450"/>
  <node id="165108366" lat="38.2660830" lon="-85.6685210"/>
  <node id="165108368" lat="38.2660830" lon="-85.6686790"/>
  <node id="165108372" lat="38.2661040" lon="-85.6688880"/>
  <node id="165108375" lat="38.2661440" lon="-85.6690830"/>
  <node id="165108378" lat="38.2662110" lon="-85.6692860"/>
  <node id="165108382" lat="38.2662690" lon="-85.6694160"/>
  <node id="165108384" lat="38.2663250" lon="-85.6695220"/>
  <node id="165108385" lat="38.2664080" lon="-85.6696430"/>
  <node id="165108387" lat="38.2665050" lon="-85.6697520"/>
  <node id="165108390" lat="38.2666060" lon="-85.6698430"/>
  <node id="165108394" lat="38.2676395" lon="-85.6706096"/>
  <node id="165108397" lat="38.2677934" lon="-85.6707038"/>
  <node id="165108400" lat="38.2679034" lon="-85.6707591"/>
  <node id="165108403" lat="38.2680197" lon="-85.6708068"/>
  <node id="165108424" lat="38.2682267" lon="-85.6708488"/>
  <node id="165108431" lat="38.2685046" lon="-85.6707647"/>
  <node id="165108435" lat="38.2685938" lon="-85.6707487"/>
  <node id="165108438" lat="38.2688453" lon="-85.6707280"/>
  <node id="165108440" lat="38.2689153" lon="-85.6707347"/>
  <node id="165108441" lat="38.2691576" lon="-85.6708065"/>
  <node id="165108442" lat="38.2692443" lon="-85.6708347"/>
  <node id="165108445" lat="38.2693559" lon="-85.6708802"/>
  <node id="165108447" lat="38.2694703" lon="-85.6709288"/>
  <node id="165108449" lat="38.2700489" lon="-85.6712564"/>
  <node id="165108455" lat="38.2709265" lon="-85.6715568"/>
  <node id="165108456" lat="38.2710360" lon="-85.6715670"/>
  <node id="165108458" lat="38.2712530" lon="-85.6715970"/>
  <node id="165123341" lat="38.2503150" lon="-85.6716520"/>
  <node id="165131455" lat="38.2641530" lon="-85.6734780"/>
  <node id="165131457" lat="38.2647980" lon="-85.6737540"/>
  <node id="165131461" lat="38.2648700" lon="-85.6737950"/>
  <node id="165131464" lat="38.2651000" lon="-85.6739620"/>
  <node id="165131467" lat="38.2652690" lon="-85.6741080"/>
  <node id="165131470" lat="38.2654480" lon="-85.6742780"/>
  <node id="165131473" lat="38.2655880" lon="-85.6744270"/>
  <node id="165131476" lat="38.2657230" lon="-85.6745970"/>
  <node id="165131479" lat="38.2658030" lon="-85.6747200"/>
  <node id="165131484" lat="38.2661940" lon="-85.6753950"/>
  <node id="165131487" lat="38.2663260" lon="-85.6756070"/>
  <node id="165131490" lat="38.2664160" lon="-85.6757430"/>
  <node id="165131493" lat="38.2664980" lon="-85.6758540"/>
  <node id="165131500" lat="38.2666810" lon="-85.6760790"/>
  <node id="165131506" lat="38.2669230" lon="-85.6763420"/>
  <node id="165131509" lat="38.2670290" lon="-85.6764390"/>
  <node id="165131512" lat="38.2672800" lon="-85.6766440"/>
  <node id="165131515" lat="38.2676050" lon="-85.6768860"/>
  <node id="165131518" lat="38.2676810" lon="-85.6769430"/>
  <node id="165131521" lat="38.2678400" lon="-85.6770730"/>
  <node id="165131523" lat="38.2679320" lon="-85.6771560"/>
  <node id="165131526" lat="38.2680930" lon="-85.6773290"/>
  <node id="165131528" lat="38.2682680" lon="-85.6775900"/>
  <node id="165131530" lat="38.2683140" lon="-85.6776870"/>
  <node id="165131531" lat="38.2683590" lon="-85.6778250"/>
  <node id="165131533" lat="38.2683820" lon="-85.6779380"/>
  <node id="165131535" lat="38.2683900" lon="-85.6780070"/>
  <node id="165131536" lat="38.2683930" lon="-85.6780810"/>
  <node id="165131539" lat="38.2683830" lon="-85.6782100"/>
  <node id="165131541" lat="38.2683720" lon="-85.6782910"/>
  <node id="165131543" lat="38.2683450" lon="-85.6784100"/>
  <node id="165131544" lat="38.2683090" lon="-85.6785180"/>
  <node id="165131546" lat="38.2682680" lon="-85.6785970"/>
  <node id="165131548" lat="38.2681930" lon="-85.6786980"/>
  <node id="165131550" lat="38.2681160" lon="-85.6787920"/>
  <node id="165131552" lat="38.2679970" lon="-85.6789220"/>
  <node id="165131554" lat="38.2679580" lon="-85.6789780"/>
  <node id="165131557" lat="38.2679220" lon="-85.6790480"/>
  <node id="165131559" lat="38.2678850" lon="-85.6791660"/>
  <node id="165131561" lat="38.2678660" lon="-85.6792710"/>
  <node id="165131562" lat="38.2678570" lon="-85.6793570"/>
  <node id="165131564" lat="38.2678690" lon="-85.6794900"/>
  <node id="165131566" lat="38.2678890" lon="-85.6796020"/>
  <node id="165131568" lat="38.2679480" lon="-85.6798080"/>
  <node id="165131570" lat="38.2680050" lon="-85.6799600"/>
  <node id="165131571" lat="38.2681200" lon="-85.6802240"/>
  <node id="165132037" lat="38.2648621" lon="-85.6699730">
    <tag k="crossing" v="traffic_signals"/>
    <tag k="highway" v="crossing"/>
    <tag k="traffic_signals:sound" v="yes"/>
    <tag k="traffic_signals:vibration" v="yes"/>
  </node>
  <node id="165132040" lat="38.2649310" lon="-85.6700020"/>
  <node id="165132043" lat="38.2651130" lon="-85.6700900"/>
  <node id="165132051" lat="38.2652040" lon="-85.6701540"/>
  <node id="165132054" lat="38.2654430" lon="-85.6702800"/>
  <node id="165132057" lat="38.2654850" lon="-85.6703080"/>
  <node id="165132061" lat="38.2657450" lon="-85.6705160"/>
  <node id="165132066" lat="38.2668000" lon="-85.6713670"/>
  <node id="165132070" lat="38.2669110" lon="-85.6714390"/>
  <node id="165132076" lat="38.2671000" lon="-85.6715500"/>
  <node id="165132079" lat="38.2673020" lon="-85.6716560"/>
  <node id="165132082" lat="38.2674390" lon="-85.6717180"/>
  <node id="165132086" lat="38.2675940" lon="-85.6717800"/>
  <node id="165132088" lat="38.2677090" lon="-85.6718170"/>
  <node id="165132092" lat="38.2679900" lon="-85.6718870"/>
  <node id="165132095" lat="38.2682550" lon="-85.6719250"/>
  <node id="165132098" lat="38.2683840" lon="-85.6719340"/>
  <node id="165132111" lat="38.2686070" lon="-85.6719340"/>
  <node id="165132125" lat="38.2686110" lon="-85.6721400"/>
  <node id="165138952" lat="38.2658340" lon="-85.6731190"/>
  <node id="165138959" lat="38.2661520" lon="-85.6734390"/>
  <node id="165138966" lat="38.2661950" lon="-85.6734470"/>
  <node id="165138973" lat="38.2662700" lon="-85.6734980"/>
  <node id="165138978" lat="38.2666340" lon="-85.6737920"/>
  <node id="165138983" lat="38.2668860" lon="-85.6740040"/>
  <node id="165138988" lat="38.2669960" lon="-85.6741040"/>
  <node id="165138994" lat="38.2671090" lon="-85.6741990"/>
  <node id="165138995" lat="38.2677050" lon="-85.6746710"/>
  <node id="165138996" lat="38.2681202" lon="-85.6750096"/>
  <node id="165138998" lat="38.2684614" lon="-85.6752859"/>
  <node id="165138999" lat="38.2686635" lon="-85.6754548"/>
  <node id="165139000" lat="38.2690278" lon="-85.6757593"/>
  <node id="165139001" lat="38.2693279" lon="-85.6759980"/>
  <node id="165139002" lat="38.2695564" lon="-85.6761857"/>
  <node id="165139003" lat="38.2697617" lon="-85.6763480"/>
  <node id="165139005" lat="38.2703292" lon="-85.6767959"/>
  <node id="165146089" lat="38.2648590" lon="-85.6836860"/>
  <node id="165146091" lat="38.2649810" lon="-85.6838040"/>
  <node id="165146093" lat="38.2651740" lon="-85.6840340"/>
  <node id="165146096" lat="38.2653360" lon="-85.6842880"/>
  <node id="165152890" lat="38.2602746" lon="-85.6691704"/>
  <node id="165152895" lat="38.2603270" lon="-85.6689558"/>
  <node id="165158265" lat="38.2519490" lon="-85.6729540"/>
  <node id="165158268" lat="38.2509470" lon="-85.6721570"/>
  <node id="165158275" lat="38.2489430" lon="-85.6705250"/>
  <node id="165158278" lat="38.2487230" lon="-85.6704500"/>
  <node id="165158281" lat="38.2486080" lon="-85.6703910"/>
  <node id="165158284" lat="38.2484750" lon="-85.6702910"/>
  <node id="165158287" lat="38.2482570" lon="-85.6701510"/>
  <node id="165158290" lat="38.2477860" lon="-85.6697460"/>
  <node id="165158293" lat="38.2476130" lon="-85.6695970"/>
  <node id="165158296" lat="38.2475170" lon="-85.6694960"/>
  <node id="165161748" lat="38.2562970" lon="-85.6762580"/>
  <node id="165161751" lat="38.2562890" lon="-85.6758210"/>
  <node id="165161756" lat="38.2562750" lon="-85.6755150"/>
  <node id="165161761" lat="38.2562310" lon="-85.6746800"/>
  <node id="165188002" lat="38.2526500" lon="-85.6721380"/>
  <node id="165188005" lat="38.2514370" lon="-85.6711690"/>
  <node id="165194928" lat="38.2533470" lon="-85.6755510"/>
  <node id="165208456" lat="38.2655060" lon="-85.6681490"/>
  <node id="165208459" lat="38.2655270" lon="-85.6681520"/>
  <node id="165208461" lat="38.2656470" lon="-85.6681760"/>
  <node id="165208463" lat="38.2668370" lon="-85.6683630"/>
  <node id="165208465" lat="38.2670060" lon="-85.6684180"/>
  <node id="165208470" lat="38.2670690" lon="-85.6684470"/>
  <node id="165208474" lat="38.2672070" lon="-85.6685290"/>
  <node id="165208477" lat="38.2673210" lon="-85.6686140"/>
  <node id="165208480" lat="38.2675000" lon="-85.6687870"/>
  <node id="165208483" lat="38.2675590" lon="-85.6688610"/>
  <node id="165208485" lat="38.2676580" lon="-85.6690090"/>
  <node id="165208488" lat="38.2677110" lon="-85.6691130"/>
  <node id="165208491" lat="38.2677800" lon="-85.6693100"/>
  <node id="165208493" lat="38.2678010" lon="-85.6693850"/>
  <node id="165208495" lat="38.2678160" lon="-85.6694920"/>
  <node id="165208496" lat="38.2678960" lon="-85.6699059"/>
  <node id="165208497" lat="38.2679739" lon="-85.6701976"/>
  <node id="165208498" lat="38.2680560" lon="-85.6704180"/>
  <node id="165208499" lat="38.2681158" lon="-85.6705843"/>
  <node id="165208510" lat="38.2683260" lon="-85.6710720"/>
  <node id="165208512" lat="38.2684960" lon="-85.6714830"/>
  <node id="165208514" lat="38.2685390" lon="-85.6715970"/>
  <node id="165208517" lat="38.2685810" lon="-85.6717360"/>
  <node id="165208519" lat="38.2686230" lon="-85.6720580"/>
  <node id="165208521" lat="38.2685340" lon="-85.6725440"/>
  <node id="165208523" lat="38.2684930" lon="-85.6726970"/>
  <node id="165208526" lat="38.2684530" lon="-85.6728270"/>
  <node id="165208529" lat="38.2683980" lon="-85.6729580"/>
  <node id="165210632" lat="38.2531700" lon="-85.6679520"/>
  <node id="165210633" lat="38.2528690" lon="-85.6685550"/>
  <node id="165210635" lat="38.2528490" lon="-85.6686090"/>
  <node id="165210637" lat="38.2528480" lon="-85.6686450"/>
  <node id="165210639" lat="38.2528820" lon="-85.6686960"/>
  <node id="165218911" lat="38.2619160" lon="-85.6829640"/>
  <node id="165218913" lat="38.2633340" lon="-85.6841140"/>
  <node id="165218916" lat="38.2638360" lon="-85.6845150"/>
  <node id="165222100" lat="38.2653960" lon="-85.6680180"/>
  <node id="165222102" lat="38.2655482" lon="-85.6678160">
    <tag k="bus" v="yes"/>
    <tag k="highway" v="bus_stop"/>
    <tag k="name" v="Old Brownsboro / Chenoweth"/>
    <tag k="network" v="TARC"/>
    <tag k="network:wikidata" v="Q3537637"/>
    <tag k="network:wikipedia" v="en:Transit Authority of River City"/>
    <tag k="operator" v="Transit Authority of River City"/>
    <tag k="public_transport" v="stop_position"/>
    <tag k="tactile_paving" v="no"/>
  </node>
  <node id="165222105" lat="38.2656860" lon="-85.6676020"/>
  <node id="165222108" lat="38.2660150" lon="-85.6670630"/>
  <node id="165222110" lat="38.2663240" lon="-85.6665410"/>
  <node id="753997129" lat="38.2619652" lon="-85.6751948"/>
  <node id="753997131" lat="38.2619334" lon="-85.6752694"/>
  <node id="753997133" lat="38.2610269" lon="-85.6758188"/>
  <node id="753997136" lat="38.2603698" lon="-85.6759797"/>
  <node id="753997139" lat="38.2600160" lon="-85.6764625"/>
  <node id="753997142" lat="38.2595695" lon="-85.6770741"/>
  <node id="753997146" lat="38.2591146" lon="-85.6776212"/>
  <node id="753997148" lat="38.2586597" lon="-85.6777178"/>
  <node id="753997150" lat="38.2584996" lon="-85.6777392"/>
  <node id="753997158" lat="38.2590135" lon="-85.6802176"/>
  <node id="753997164" lat="38.2587102" lon="-85.6803464"/>
  <node id="753997169" lat="38.2587326" lon="-85.6804298"/>
  <node id="753997172" lat="38.2588197" lon="-85.6807541"/>
  <node id="753997178" lat="38.2591988" lon="-85.6824814"/>
  <node id="753997183" lat="38.2592410" lon="-85.6826101"/>
  <node id="753997187" lat="38.2593252" lon="-85.6827067"/>
  <node id="753997190" lat="38.2610606" lon="-85.6840800"/>
  <node id="753997193" lat="38.2627539" lon="-85.6786834"/>
  <node id="753997197" lat="38.2631790" lon="-85.6771738"/>
  <node id="753997200" lat="38.2633220" lon="-85.6758726"/>
  <node id="753997205" lat="38.2633773" lon="-85.6747030"/>
  <node id="753997208" lat="38.2636216" lon="-85.6737267"/>
  <node id="753997212" lat="38.2638574" lon="-85.6727718"/>
  <node id="753997216" lat="38.2640259" lon="-85.6720852"/>
  <node id="753997222" lat="38.2633014" lon="-85.6715273"/>
  <node id="753997225" lat="38.2617606" lon="-85.6743056"/>
  <node id="753997228" lat="38.2619442" lon="-85.6749851"/>
  <node id="1829949303" lat="38.2584484" lon="-85.6779836"/>
  <node id="1829949305" lat="38.2588823" lon="-85.6800382"/>
  <node id="1829949315" lat="38.2549859" lon="-85.6782089"/>
  <node id="1829949316" lat="38.2550364" lon="-85.6803011"/>
  <node id="1829949327" lat="38.2549943" lon="-85.6802796"/>
  <node id="1829949329" lat="38.2549227" lon="-85.6782787"/>
  <node id="2280207043" lat="38.2537802" lon="-85.6789213"/>
  <node id="2280207044" lat="38.2537455" lon="-85.6789931">
    <tag k="access:delivery" v="no"/>
    <tag k="barrier" v="gate"/>
  </node>
  <node id="2280207045" lat="38.2522005" lon="-85.6789742"/>
  <node id="2280207046" lat="38.2521306" lon="-85.6790141"/>
  <node id="2280207047" lat="38.2520921" lon="-85.6790694"/>
  <node id="2280207048" lat="38.2521030" lon="-85.6795854"/>
  <node id="2280214428" lat="38.2598344" lon="-85.6742322"/>
  <node id="2280214429" lat="38.2598681" lon="-85.6741145"/>
  <node id="2280214430" lat="38.2599481" lon="-85.6740489"/>
  <node id="2280214431" lat="38.2601163" lon="-85.6739243"/>
  <node id="2280214432" lat="38.2602191" lon="-85.6734198"/>
  <node id="2280214433" lat="38.2601435" lon="-85.6734515"/>
  <node id="2280214434" lat="38.2600432" lon="-85.6732207"/>
  <node id="2280214435" lat="38.2599845" lon="-85.6731596"/>
  <node id="2280214436" lat="38.2599331" lon="-85.6731643"/>
  <node id="2280214437" lat="38.2599286" lon="-85.6731146"/>
  <node id="2280214438" lat="38.2597922" lon="-85.6730641"/>
  <node id="2280214439" lat="38.2597153" lon="-85.6729205"/>
  <node id="2280214440" lat="38.2597698" lon="-85.6726901"/>
  <node id="2280214441" lat="38.2598644" lon="-85.6725579"/>
  <node id="2280214442" lat="38.2598628" lon="-85.6739778"/>
  <node id="2280214443" lat="38.2599495" lon="-85.6738027"/>
  <node id="2280214444" lat="38.2595855" lon="-85.6734192"/>
  <node id="2280214445" lat="38.2596385" lon="-85.6736322"/>
  <node id="2280214446" lat="38.2597575" lon="-85.6737758"/>
  <node id="2280214447" lat="38.2598194" lon="-85.6738074"/>
  <node id="2280214448" lat="38.2601120" lon="-85.6736606"/>
  <node id="2280214449" lat="38.2601771" lon="-85.6736698"/>
  <node id="2280214450" lat="38.2602567" lon="-85.6738079"/>
  <node id="2280214451" lat="38.2602928" lon="-85.6739062"/>
  <node id="2280214452" lat="38.2602663" lon="-85.6739583"/>
  <node id="2280214453" lat="38.2601810" lon="-85.6740476"/>
  <node id="2280214454" lat="38.2605049" lon="-85.6738601"/>
  <node id="2280214455" lat="38.2604447" lon="-85.6739307"/>
  <node id="2280214456" lat="38.2602779" lon="-85.6739355"/>
  <node id="2769924797" lat="38.2568692" lon="-85.6801758"/>
  <node id="2807509416" lat="38.2462533" lon="-85.6642785"/>
  <node id="3213252234" lat="38.2503745" lon="-85.6725801"/>
  <node id="3236466474" lat="38.2634419" lon="-85.6766428">
    <tag k="direction" v="backward"/>
    <tag k="highway" v="stop"/>
  </node>
  <node id="3236466475" lat="38.2639446" lon="-85.6733851">
    <tag k="direction" v="backward"/>
    <tag k="highway" v="stop"/>
  </node>
  <node id="3395741405" lat="38.2547820" lon="-85.6805298"/>
  <node id="3395741686" lat="38.2548837" lon="-85.6809725"/>
  <node id="3395741846" lat="38.2548967" lon="-85.6809721"/>
  <node id="3395741913" lat="38.2549035" lon="-85.6824815"/>
  <node id="3395742204" lat="38.2549788" lon="-85.6824803"/>
  <node id="3395743732" lat="38.2555030" lon="-85.6810688"/>
  <node id="3395744227" lat="38.2556479" lon="-85.6810586"/>
  <node id="3395746405" lat="38.2565824" lon="-85.6809847"/>
  <node id="3395746928" lat="38.2568084" lon="-85.6809709"/>
  <node id="3395747149" lat="38.2568628" lon="-85.6800658">
    <tag k="entrance" v="main"/>
    <tag k="name" v="Gatehouse"/>
  </node>
  <node id="3395752268" lat="38.2586742" lon="-85.6808522"/>
  <node id="3410913263" lat="38.2539458" lon="-85.6791758"/>
  <node id="3468387715" lat="38.2521678" lon="-85.6775933"/>
  <node id="3469681725" lat="38.2504364" lon="-85.6726302"/>
  <node id="3469681748" lat="38.2507179" lon="-85.6728604"/>
  <node id="3469682320" lat="38.2521407" lon="-85.6775518"/>
  <node id="3469682345" lat="38.2584789" lon="-85.6730009"/>
  <node id="3469682346" lat="38.2584853" lon="-85.6730474"/>
  <node id="3469682347" lat="38.2584870" lon="-85.6729548"/>
  <node id="3469682348" lat="38.2585052" lon="-85.6730873"/>
  <node id="3469682349" lat="38.2585083" lon="-85.6729162"/>
  <node id="3469682350" lat="38.2585355" lon="-85.6731144"/>
  <node id="3469682351" lat="38.2585396" lon="-85.6728909"/>
  <node id="3469682352" lat="38.2585717" lon="-85.6731247"/>
  <node id="3469682353" lat="38.2585761" lon="-85.6728828"/>
  <node id="3469682354" lat="38.2586082" lon="-85.6731166"/>
  <node id="3469682355" lat="38.2586123" lon="-85.6728931"/>
  <node id="3469682356" lat="38.2586176" lon="-85.6779753"/>
  <node id="3469682357" lat="38.2586426" lon="-85.6729202"/>
  <node id="3469682358" lat="38.2586608" lon="-85.6730526"/>
  <node id="3469682359" lat="38.2586625" lon="-85.6729601"/>
  <node id="3469682360" lat="38.2586651" lon="-85.6779854"/>
  <node id="3469682361" lat="38.2586689" lon="-85.6730066"/>
  <node id="3469682365" lat="38.2587391" lon="-85.6780089"/>
  <node id="3469682366" lat="38.2587806" lon="-85.6784758"/>
  <node id="3469682367" lat="38.2587825" lon="-85.6785055"/>
  <node id="3469682368" lat="38.2587844" lon="-85.6784425"/>
  <node id="3469682369" lat="38.2587888" lon="-85.6785342"/>
  <node id="3469682370" lat="38.2587974" lon="-85.6784175"/>
  <node id="3469682371" lat="38.2588264" lon="-85.6783890"/>
  <node id="3469682372" lat="38.2588355" lon="-85.6781182">
    <tag k="access" v="private"/>
    <tag k="barrier" v="gate"/>
  </node>
  <node id="3469682375" lat="38.2588637" lon="-85.6783795"/>
  <node id="3469682376" lat="38.2588843" lon="-85.6781939"/>
  <node id="3469682377" lat="38.2588983" lon="-85.6783997"/>
  <node id="3469682378" lat="38.2589003" lon="-85.6783173"/>
  <node id="3469682380" lat="38.2589132" lon="-85.6784175"/>
  <node id="3469682382" lat="38.2589298" lon="-85.6780543"/>
  <node id="3469682383" lat="38.2589600" lon="-85.6786346"/>
  <node id="3469682384" lat="38.2589668" lon="-85.6779349"/>
  <node id="3469682385" lat="38.2590137" lon="-85.6795582"/>
  <node id="3469682386" lat="38.2590183" lon="-85.6778391"/>
  <node id="3469682389" lat="38.2590843" lon="-85.6777567"/>
  <node id="3469682391" lat="38.2590959" lon="-85.6803907"/>
  <node id="3469682593" lat="38.2591046" lon="-85.6802929"/>
  <node id="3469682594" lat="38.2591149" lon="-85.6802786"/>
  <node id="3469682595" lat="38.2591289" lon="-85.6802358"/>
  <node id="3469682596" lat="38.2591345" lon="-85.6801086"/>
  <node id="3469682597" lat="38.2591373" lon="-85.6801811"/>
  <node id="3469682598" lat="38.2591381" lon="-85.6794615"/>
  <node id="3469682599" lat="38.2591408" lon="-85.6803571"/>
  <node id="3469682601" lat="38.2591923" lon="-85.6802948"/>
  <node id="3469682603" lat="38.2592031" lon="-85.6776726"/>
  <node id="3469682604" lat="38.2592214" lon="-85.6802343"/>
  <node id="3469682606" lat="38.2592527" lon="-85.6799932"/>
  <node id="3469682607" lat="38.2592557" lon="-85.6800073"/>
  <node id="3469682608" lat="38.2592560" lon="-85.6800202"/>
  <node id="3469682610" lat="38.2592570" lon="-85.6800796"/>
  <node id="3469682617" lat="38.2593497" lon="-85.6776070"/>
  <node id="3469682618" lat="38.2593970" lon="-85.6780894"/>
  <node id="3469682620" lat="38.2594514" lon="-85.6775296"/>
  <node id="3469682628" lat="38.2595725" lon="-85.6773997"/>
  <node id="3469682629" lat="38.2595800" lon="-85.6785366"/>
  <node id="3469682639" lat="38.2598667" lon="-85.6770572"/>
  <node id="3469682641" lat="38.2599010" lon="-85.6770707"/>
  <node id="3469682652" lat="38.2600595" lon="-85.6774508"/>
  <node id="3469682655" lat="38.2601066" lon="-85.6801634"/>
  <node id="3469682661" lat="38.2601413" lon="-85.6777333"/>
  <node id="3469682667" lat="38.2601845" lon="-85.6775131"/>
  <node id="3469682668" lat="38.2602030" lon="-85.6774122"/>
  <node id="3469682669" lat="38.2602082" lon="-85.6776106"/>
  <node id="3469682670" lat="38.2602126" lon="-85.6778376"/>
  <node id="3469682671" lat="38.2602637" lon="-85.6773348"/>
  <node id="3469682672" lat="38.2602954" lon="-85.6777284"/>
  <node id="3469682673" lat="38.2603156" lon="-85.6779620"/>
  <node id="3469682674" lat="38.2603773" lon="-85.6777923"/>
  <node id="3469682676" lat="38.2605519" lon="-85.6745179"/>
  <node id="3469682677" lat="38.2605555" lon="-85.6745799"/>
  <node id="3469682678" lat="38.2605662" lon="-85.6834770"/>
  <node id="3469682679" lat="38.2605775" lon="-85.6746354"/>
  <node id="3469682681" lat="38.2605990" lon="-85.6744117"/>
  <node id="3469682682" lat="38.2606145" lon="-85.6746759"/>
  <node id="3469682683" lat="38.2606150" lon="-85.6770254"/>
  <node id="3469682684" lat="38.2606269" lon="-85.6833425"/>
  <node id="3469682685" lat="38.2606396" lon="-85.6838603"/>
  <node id="3469682686" lat="38.2606426" lon="-85.6743837"/>
  <node id="3469682687" lat="38.2606608" lon="-85.6746954"/>
  <node id="3469682688" lat="38.2606913" lon="-85.6743791"/>
  <node id="3469682689" lat="38.2607095" lon="-85.6746908"/>
  <node id="3469682690" lat="38.2607306" lon="-85.6824993"/>
  <node id="3469682691" lat="38.2607376" lon="-85.6743986"/>
  <node id="3469682692" lat="38.2607431" lon="-85.6836486"/>
  <node id="3469682793" lat="38.2607531" lon="-85.6746628"/>
  <node id="3469682795" lat="38.2607662" lon="-85.6823731"/>
  <node id="3469682796" lat="38.2607724" lon="-85.6791446"/>
  <node id="3469682797" lat="38.2607746" lon="-85.6744392"/>
  <node id="3469682798" lat="38.2607788" lon="-85.6834501"/>
  <node id="3469682799" lat="38.2607849" lon="-85.6746157"/>
  <node id="3469682800" lat="38.2607966" lon="-85.6744947"/>
  <node id="3469682801" lat="38.2608002" lon="-85.6745567"/>
  <node id="3469682803" lat="38.2608526" lon="-85.6770254"/>
  <node id="3469682804" lat="38.2608679" lon="-85.6830072"/>
  <node id="3469682805" lat="38.2608844" lon="-85.6796203"/>
  <node id="3469682806" lat="38.2609194" lon="-85.6830374"/>
  <node id="3469682807" lat="38.2609218" lon="-85.6801911"/>
  <node id="3469682808" lat="38.2609433" lon="-85.6830622"/>
  <node id="3469682809" lat="38.2609477" lon="-85.6769682"/>
  <node id="3469682810" lat="38.2609504" lon="-85.6812735"/>
  <node id="3469682812" lat="38.2609551" lon="-85.6830744"/>
  <node id="3469682813" lat="38.2609583" lon="-85.6807522"/>
  <node id="3469682814" lat="38.2609741" lon="-85.6809842"/>
  <node id="3469682815" lat="38.2610151" lon="-85.6838571"/>
  <node id="3469682816" lat="38.2610196" lon="-85.6823008"/>
  <node id="3469682817" lat="38.2610248" lon="-85.6824219"/>
  <node id="3469682818" lat="38.2610296" lon="-85.6780445"/>
  <node id="3469682820" lat="38.2610340" lon="-85.6833457"/>
  <node id="3469682822" lat="38.2610560" lon="-85.6813206"/>
  <node id="3469682823" lat="38.2610565" lon="-85.6825093"/>
  <node id="3469682824" lat="38.2610645" lon="-85.6821292"/>
  <node id="3469682825" lat="38.2611076" lon="-85.6833156"/>
  <node id="3469682826" lat="38.2611133" lon="-85.6828709"/>
  <node id="3469682827" lat="38.2611199" lon="-85.6826472"/>
  <node id="3469682828" lat="38.2611273" lon="-85.6807421"/>
  <node id="3469682829" lat="38.2611318" lon="-85.6828457"/>
  <node id="3469682831" lat="38.2611366" lon="-85.6833744"/>
  <node id="3469682833" lat="38.2611406" lon="-85.6834064"/>
  <node id="3469682834" lat="38.2611410" lon="-85.6827347"/>
  <node id="3469682835" lat="38.2611432" lon="-85.6805873"/>
  <node id="3469682837" lat="38.2611537" lon="-85.6809304"/>
  <node id="3469682840" lat="38.2611907" lon="-85.6801568"/>
  <node id="3469682842" lat="38.2612620" lon="-85.6797734"/>
  <node id="3469682843" lat="38.2613442" lon="-85.6815435"/>
  <node id="3469682844" lat="38.2613650" lon="-85.6794740"/>
  <node id="3469682845" lat="38.2614152" lon="-85.6781421"/>
  <node id="3469682846" lat="38.2617163" lon="-85.6787408"/>
  <node id="3469682847" lat="38.2617638" lon="-85.6787071"/>
  <node id="3469682848" lat="38.2619249" lon="-85.6785861"/>
  <node id="3469682849" lat="38.2620147" lon="-85.6781892"/>
  <node id="3469682850" lat="38.2620253" lon="-85.6784179"/>
  <node id="3469682851" lat="38.2620332" lon="-85.6782228"/>
  <node id="3469682852" lat="38.2620827" lon="-85.6791601"/>
  <node id="3469682853" lat="38.2620860" lon="-85.6760769"/>
  <node id="3469682854" lat="38.2621070" lon="-85.6790911"/>
  <node id="3469682855" lat="38.2621652" lon="-85.6760231"/>
  <node id="3469682856" lat="38.2621667" lon="-85.6790127"/>
  <node id="3469682857" lat="38.2622545" lon="-85.6789199"/>
  <node id="3469682858" lat="38.2622629" lon="-85.6759793"/>
  <node id="3469682859" lat="38.2623031" lon="-85.6788509"/>
  <node id="3469682860" lat="38.2623105" lon="-85.6759053"/>
  <node id="3469682861" lat="38.2623329" lon="-85.6780970"/>
  <node id="3469682862" lat="38.2623329" lon="-85.6781612"/>
  <node id="3469682863" lat="38.2623535" lon="-85.6786987"/>
  <node id="3469682864" lat="38.2623703" lon="-85.6780423"/>
  <node id="3469682865" lat="38.2623740" lon="-85.6785275"/>
  <node id="3469682866" lat="38.2623925" lon="-85.6767556"/>
  <node id="3469682867" lat="38.2624029" lon="-85.6753436"/>
  <node id="3469682868" lat="38.2624135" lon="-85.6755286"/>
  <node id="3469682869" lat="38.2624242" lon="-85.6779530"/>
  <node id="3469682870" lat="38.2624504" lon="-85.6748559"/>
  <node id="3469682871" lat="38.2624504" lon="-85.6749299"/>
  <node id="3469682872" lat="38.2624557" lon="-85.6750577"/>
  <node id="3469682873" lat="38.2624638" lon="-85.6765168"/>
  <node id="3469682874" lat="38.2625087" lon="-85.6764395"/>
  <node id="3469682875" lat="38.2625297" lon="-85.6744658"/>
  <node id="3469682876" lat="38.2625536" lon="-85.6764092"/>
  <node id="3469682877" lat="38.2625800" lon="-85.6768834"/>
  <node id="3469682878" lat="38.2625825" lon="-85.6737460"/>
  <node id="3469682879" lat="38.2625879" lon="-85.6769373"/>
  <node id="3469682880" lat="38.2626223" lon="-85.6763655"/>
  <node id="3469682881" lat="38.2626327" lon="-85.6735240"/>
  <node id="3469682882" lat="38.2626619" lon="-85.6762982"/>
  <node id="3469682883" lat="38.2627198" lon="-85.6733524"/>
  <node id="3469682884" lat="38.2629498" lon="-85.6752320"/>
  <node id="3469682885" lat="38.2631822" lon="-85.6745357"/>
  <node id="3469682886" lat="38.2632698" lon="-85.6742966"/>
  <node id="3469682887" lat="38.2633136" lon="-85.6742265"/>
  <node id="3469682888" lat="38.2633547" lon="-85.6741837"/>
  <node id="3469682889" lat="38.2633631" lon="-85.6741492"/>
  <node id="3469682890" lat="38.2633642" lon="-85.6740285"/>
  <node id="3469682891" lat="38.2634197" lon="-85.6722627"/>
  <node id="3469682892" lat="38.2634250" lon="-85.6738334"/>
  <node id="3469683093" lat="38.2634540" lon="-85.6736013"/>
  <node id="3469683094" lat="38.2634619" lon="-85.6722324"/>
  <node id="3469683095" lat="38.2635121" lon="-85.6722290"/>
  <node id="3469683096" lat="38.2635491" lon="-85.6733794"/>
  <node id="3469683097" lat="38.2635570" lon="-85.6722627"/>
  <node id="3469683098" lat="38.2636045" lon="-85.6730867"/>
  <node id="3469683099" lat="38.2637604" lon="-85.6727235"/>
  <node id="3469683100" lat="38.2637656" lon="-85.6725418"/>
  <node id="3469683101" lat="38.2637788" lon="-85.6726427"/>
  <node id="3469726590" lat="38.2534312" lon="-85.6807532"/>
  <node id="3469726591" lat="38.2535000" lon="-85.6808347"/>
  <node id="3469726600" lat="38.2538536" lon="-85.6832835"/>
  <node id="3469726604" lat="38.2538956" lon="-85.6830764"/>
  <node id="3469726605" lat="38.2538961" lon="-85.6808257"/>
  <node id="3469726607" lat="38.2539056" lon="-85.6844753"/>
  <node id="3469726611" lat="38.2539425" lon="-85.6829674"/>
  <node id="3469726618" lat="38.2541270" lon="-85.6828393"/>
  <node id="3469726619" lat="38.2541639" lon="-85.6828329"/>
  <node id="3469726621" lat="38.2541840" lon="-85.6828478"/>
  <node id="3469726631" lat="38.2542459" lon="-85.6794076"/>
  <node id="3469726634" lat="38.2542536" lon="-85.6794446"/>
  <node id="3469726639" lat="38.2542677" lon="-85.6792795"/>
  <node id="3469726642" lat="38.2542803" lon="-85.6795058"/>
  <node id="3469726643" lat="38.2542821" lon="-85.6829467">
    <tag k="barrier" v="gate"/>
  </node>
  <node id="3469726649" lat="38.2542996" lon="-85.6802263"/>
  <node id="3469726653" lat="38.2544306" lon="-85.6830529"/>
  <node id="3469726656" lat="38.2544742" lon="-85.6830721">
    <tag k="crossing" v="unmarked"/>
    <tag k="highway" v="crossing"/>
  </node>
  <node id="3470668921" lat="38.2540209" lon="-85.6654843"/>
  <node id="3470668922" lat="38.2540380" lon="-85.6654050"/>
  <node id="3470668923" lat="38.2540746" lon="-85.6653311"/>
  <node id="3470668924" lat="38.2540767" lon="-85.6663132"/>
  <node id="3470668926" lat="38.2541003" lon="-85.6663980"/>
  <node id="3470668932" lat="38.2541326" lon="-85.6664609"/>
  <node id="3470668933" lat="38.2541433" lon="-85.6652709"/>
  <node id="3470668941" lat="38.2542077" lon="-85.6652463"/>
  <node id="3470668947" lat="38.2543079" lon="-85.6666021"/>
  <node id="3470668958" lat="38.2544904" lon="-85.6667490"/>
  <node id="3470668966" lat="38.2545670" lon="-85.6652397"/>
  <node id="3470669095" lat="38.2547152" lon="-85.6652370"/>
  <node id="3470669100" lat="38.2547311" lon="-85.6669427"/>
  <node id="3470669148" lat="38.2549553" lon="-85.6652326"/>
  <node id="3470669167" lat="38.2550563" lon="-85.6652463"/>
  <node id="3470669180" lat="38.2551508" lon="-85.6652737"/>
  <node id="3470669202" lat="38.2552733" lon="-85.6653475"/>
  <node id="3470669219" lat="38.2553871" lon="-85.6654460"/>
  <node id="3470669224" lat="38.2554709" lon="-85.6655527"/>
  <node id="3470669226" lat="38.2555074" lon="-85.6656102"/>
  <node id="3470669231" lat="38.2555495" lon="-85.6676013"/>
  <node id="3470669240" lat="38.2556406" lon="-85.6658618"/>
  <node id="3470669242" lat="38.2556601" lon="-85.6658802"/>
  <node id="3470669244" lat="38.2556900" lon="-85.6659083"/>
  <node id="3470669246" lat="38.2557018" lon="-85.6672965"/>
  <node id="3470669250" lat="38.2557673" lon="-85.6671994"/>
  <node id="3470669251" lat="38.2558500" lon="-85.6670982"/>
  <node id="3470669252" lat="38.2558833" lon="-85.6670257"/>
  <node id="3470669253" lat="38.2558888" lon="-85.6678744"/>
  <node id="3470669257" lat="38.2559295" lon="-85.6669108"/>
  <node id="3470669260" lat="38.2559465" lon="-85.6679092"/>
  <node id="3470669261" lat="38.2559477" lon="-85.6668438"/>
  <node id="3470669262" lat="38.2559488" lon="-85.6667220"/>
  <node id="3470669265" lat="38.2559563" lon="-85.6665675"/>
  <node id="3470669269" lat="38.2559757" lon="-85.6664881"/>
  <node id="3470669272" lat="38.2559939" lon="-85.6664238"/>
  <node id="3470669276" lat="38.2560179" lon="-85.6679034"/>
  <node id="3470669277" lat="38.2560240" lon="-85.6663459"/>
  <node id="3470669290" lat="38.2560907" lon="-85.6662255"/>
  <node id="3470669292" lat="38.2561104" lon="-85.6676205"/>
  <node id="3470669294" lat="38.2561125" lon="-85.6675759"/>
  <node id="3470669295" lat="38.2561150" lon="-85.6675238"/>
  <node id="3470669296" lat="38.2561150" lon="-85.6677095"/>
  <node id="3470669299" lat="38.2561226" lon="-85.6678333"/>
  <node id="3470669301" lat="38.2561329" lon="-85.6678857"/>
  <node id="3470669302" lat="38.2561393" lon="-85.6673981"/>
  <node id="3470669303" lat="38.2561469" lon="-85.6679571"/>
  <node id="3470669308" lat="38.2561788" lon="-85.6672936"/>
  <node id="3470669310" lat="38.2561924" lon="-85.6680712"/>
  <node id="3470669311" lat="38.2562473" lon="-85.6677106"/>
  <node id="3470669312" lat="38.2562484" lon="-85.6675902"/>
  <node id="3470669313" lat="38.2562602" lon="-85.6678268"/>
  <node id="3470669314" lat="38.2562613" lon="-85.6674986"/>
  <node id="3470669315" lat="38.2562638" lon="-85.6681660"/>
  <node id="3470669316" lat="38.2562881" lon="-85.6674056"/>
  <node id="3470669317" lat="38.2562903" lon="-85.6679308"/>
  <node id="3470669318" lat="38.2562908" lon="-85.6681933"/>
  <node id="3470669320" lat="38.2563161" lon="-85.6673454"/>
  <node id="3470669321" lat="38.2563291" lon="-85.6669918"/>
  <node id="3470669322" lat="38.2563343" lon="-85.6680129"/>
  <node id="3470669323" lat="38.2563633" lon="-85.6681155"/>
  <node id="3470669324" lat="38.2563778" lon="-85.6668487"/>
  <node id="3470669325" lat="38.2563823" lon="-85.6682859"/>
  <node id="3470669326" lat="38.2563932" lon="-85.6667756"/>
  <node id="3470669327" lat="38.2563988" lon="-85.6681059"/>
  <node id="3470669329" lat="38.2564031" lon="-85.6671867"/>
  <node id="3470669330" lat="38.2564157" lon="-85.6666688"/>
  <node id="3470669332" lat="38.2564248" lon="-85.6660440"/>
  <node id="3470669333" lat="38.2564279" lon="-85.6665779"/>
  <node id="3470669334" lat="38.2564297" lon="-85.6664938"/>
  <node id="3470669335" lat="38.2564309" lon="-85.6664347"/>
  <node id="3470669336" lat="38.2564404" lon="-85.6659432"/>
  <node id="3470669337" lat="38.2564417" lon="-85.6671511"/>
  <node id="3470669338" lat="38.2564557" lon="-85.6681127"/>
  <node id="3470669339" lat="38.2564600" lon="-85.6668010"/>
  <node id="3470669344" lat="38.2564856" lon="-85.6683556"/>
  <node id="3470669346" lat="38.2564933" lon="-85.6668270"/>
  <node id="3470669347" lat="38.2564933" lon="-85.6671265"/>
  <node id="3470669348" lat="38.2564965" lon="-85.6681291"/>
  <node id="3470669351" lat="38.2565234" lon="-85.6668639"/>
  <node id="3470669353" lat="38.2565266" lon="-85.6670841"/>
  <node id="3470669355" lat="38.2565427" lon="-85.6670445"/>
  <node id="3470669356" lat="38.2565448" lon="-85.6681770"/>
  <node id="3470669357" lat="38.2565470" lon="-85.6669296"/>
  <node id="3470669359" lat="38.2565502" lon="-85.6669897"/>
  <node id="3470669360" lat="38.2565544" lon="-85.6683853"/>
  <node id="3470669362" lat="38.2565577" lon="-85.6682016"/>
  <node id="3470669363" lat="38.2565642" lon="-85.6682960"/>
  <node id="3470669364" lat="38.2565663" lon="-85.6682591"/>
  <node id="3470669367" lat="38.2565798" lon="-85.6683962"/>
  <node id="3470669463" lat="38.2570164" lon="-85.6682509"/>
  <node id="3470669496" lat="38.2571160" lon="-85.6685432"/>
  <node id="3470669515" lat="38.2571886" lon="-85.6685494"/>
  <node id="3470669520" lat="38.2572280" lon="-85.6683015"/>
  <node id="3470669524" lat="38.2572299" lon="-85.6685529"/>
  <node id="3470669539" lat="38.2573210" lon="-85.6685374"/>
  <node id="3470669554" lat="38.2573939" lon="-85.6685045"/>
  <node id="3470669904" lat="38.2579848" lon="-85.6681486"/>
  <node id="3470669932" lat="38.2580866" lon="-85.6680345"/>
  <node id="3470669953" lat="38.2581610" lon="-85.6679068"/>
  <node id="3470669956" lat="38.2582005" lon="-85.6677637"/>
  <node id="3470669961" lat="38.2582172" lon="-85.6675973"/>
  <node id="3470669965" lat="38.2582407" lon="-85.6674338"/>
  <node id="3470669970" lat="38.2582780" lon="-85.6672955"/>
  <node id="3470669982" lat="38.2583741" lon="-85.6671047"/>
  <node id="3470670008" lat="38.2587061" lon="-85.6660580"/>
  <node id="3470670009" lat="38.2587891" lon="-85.6661266"/>
  <node id="3470670010" lat="38.2588248" lon="-85.6662103"/>
  <node id="3470670011" lat="38.2588247" lon="-85.6661617"/>
  <node id="3470670014" lat="38.2589708" lon="-85.6655300"/>
  <node id="3470675564" lat="38.2544044" lon="-85.6684239"/>
  <node id="3470675565" lat="38.2545060" lon="-85.6682150"/>
  <node id="3470675566" lat="38.2545828" lon="-85.6670911"/>
  <node id="3470675567" lat="38.2546747" lon="-85.6686408"/>
  <node id="3470675568" lat="38.2547747" lon="-85.6684378"/>
  <node id="3470675569" lat="38.2549102" lon="-85.6702902"/>
  <node id="3470675570" lat="38.2549268" lon="-85.6709696"/>
  <node id="3470675571" lat="38.2549913" lon="-85.6711864"/>
  <node id="3470675572" lat="38.2550354" lon="-85.6712250"/>
  <node id="3470675573" lat="38.2550527" lon="-85.6707217"/>
  <node id="3470675574" lat="38.2551633" lon="-85.6708179"/>
  <node id="3470675575" lat="38.2551676" lon="-85.6704955"/>
  <node id="3470675576" lat="38.2552394" lon="-85.6706573"/>
  <node id="3470675577" lat="38.2553055" lon="-85.6706037"/>
  <node id="3470675578" lat="38.2563526" lon="-85.6699530"/>
  <node id="3470675579" lat="38.2563732" lon="-85.6700300"/>
  <node id="3470675580" lat="38.2564096" lon="-85.6698107"/>
  <node id="3470675581" lat="38.2564814" lon="-85.6698078"/>
  <node id="3470675582" lat="38.2565941" lon="-85.6702101"/>
  <node id="3470675583" lat="38.2565966" lon="-85.6714590"/>
  <node id="3470675584" lat="38.2565970" lon="-85.6699101"/>
  <node id="3470675585" lat="38.2566003" lon="-85.6702900"/>
  <node id="3470675586" lat="38.2566159" lon="-85.6703606"/>
  <node id="3470675587" lat="38.2566354" lon="-85.6704143"/>
  <node id="3470675588" lat="38.2566690" lon="-85.6704869"/>
  <node id="3470675589" lat="38.2567068" lon="-85.6700075"/>
  <node id="3470675590" lat="38.2567276" lon="-85.6705784"/>
  <node id="3470675591" lat="38.2567260" lon="-85.6696753"/>
  <node id="3470675592" lat="38.2567463" lon="-85.6706471"/>
  <node id="3470675693" lat="38.2567620" lon="-85.6707416"/>
  <node id="3470675694" lat="38.2568737" lon="-85.6708898"/>
  <node id="3470675695" lat="38.2569893" lon="-85.6691130"/>
  <node id="3470675696" lat="38.2572427" lon="-85.6694101"/>
  <node id="3470675697" lat="38.2572814" lon="-85.6719191"/>
  <node id="3470675698" lat="38.2572597" lon="-85.6693545"/>
  <node id="3470675699" lat="38.2572890" lon="-85.6718601"/>
  <node id="3470675700" lat="38.2572921" lon="-85.6719772"/>
  <node id="3470675701" lat="38.2573137" lon="-85.6718094"/>
  <node id="3470675702" lat="38.2573195" lon="-85.6720258"/>
  <node id="3470675703" lat="38.2573518" lon="-85.6717745"/>
  <node id="3470675704" lat="38.2573593" lon="-85.6720572"/>
  <node id="3470675705" lat="38.2573975" lon="-85.6717609"/>
  <node id="3470675706" lat="38.2574056" lon="-85.6720669"/>
  <node id="3470675707" lat="38.2574513" lon="-85.6720533"/>
  <node id="3470675708" lat="38.2574836" lon="-85.6718020"/>
  <node id="3470675709" lat="38.2574894" lon="-85.6720184"/>
  <node id="3470675710" lat="38.2575110" lon="-85.6718505"/>
  <node id="3470675711" lat="38.2575141" lon="-85.6719677"/>
  <node id="3470675712" lat="38.2575217" lon="-85.6719087"/>
  <node id="3470675713" lat="38.2587103" lon="-85.6691664"/>
  <node id="3470675714" lat="38.2587113" lon="-85.6691176"/>
  <node id="3470675715" lat="38.2587240" lon="-85.6692121"/>
  <node id="3470675716" lat="38.2587269" lon="-85.6690729"/>
  <node id="3470675717" lat="38.2587547" lon="-85.6690393"/>
  <node id="3470675718" lat="38.2587855" lon="-85.6692674"/>
  <node id="3470675719" lat="38.2587905" lon="-85.6690218"/>
  <node id="3470675720" lat="38.2588239" lon="-85.6692686"/>
  <node id="3470675721" lat="38.2588289" lon="-85.6690231"/>
  <node id="3470675722" lat="38.2588597" lon="-85.6692511"/>
  <node id="3470675723" lat="38.2588639" lon="-85.6690429"/>
  <node id="3470675724" lat="38.2588875" lon="-85.6692175"/>
  <node id="3470675725" lat="38.2588903" lon="-85.6690784"/>
  <node id="3470675726" lat="38.2589031" lon="-85.6691728"/>
  <node id="3470675727" lat="38.2589041" lon="-85.6691240"/>
  <node id="3470675728" lat="38.2590616" lon="-85.6676212"/>
  <node id="3470675729" lat="38.2590680" lon="-85.6675333"/>
  <node id="3470675730" lat="38.2590825" lon="-85.6676867"/>
  <node id="3470675731" lat="38.2591002" lon="-85.6674862"/>
  <node id="3470675732" lat="38.2591355" lon="-85.6677665"/>
  <node id="3470675733" lat="38.2591612" lon="-85.6674637"/>
  <node id="3470675734" lat="38.2592126" lon="-85.6674739"/>
  <node id="3470675735" lat="38.2592142" lon="-85.6678340"/>
  <node id="3470675736" lat="38.2592608" lon="-85.6675026"/>
  <node id="3470675737" lat="38.2592865" lon="-85.6678627"/>
  <node id="3470675738" lat="38.2593026" lon="-85.6675394"/>
  <node id="3470675739" lat="38.2593395" lon="-85.6675926"/>
  <node id="3470675740" lat="38.2593668" lon="-85.6676663"/>
  <node id="3470675741" lat="38.2594022" lon="-85.6677829"/>
  <node id="3470675742" lat="38.2594231" lon="-85.6678402"/>
  <node id="3470675763" lat="38.2599393" lon="-85.6694467"/>
  <node id="3470675769" lat="38.2599546" lon="-85.6696426"/>
  <node id="3470675770" lat="38.2599554" lon="-85.6693567"/>
  <node id="3470675774" lat="38.2599843" lon="-85.6692912"/>
  <node id="3470675775" lat="38.2600325" lon="-85.6692380"/>
  <node id="3470675776" lat="38.2600807" lon="-85.6692032"/>
  <node id="3470675777" lat="38.2600951" lon="-85.6687756"/>
  <node id="3470675778" lat="38.2600968" lon="-85.6691933"/>
  <node id="3470675781" lat="38.2601273" lon="-85.6691746"/>
  <node id="3470675782" lat="38.2602699" lon="-85.6688062"/>
  <node id="3470675783" lat="38.2602811" lon="-85.6686467"/>
  <node id="3470675784" lat="38.2603116" lon="-85.6685198"/>
  <node id="3470675785" lat="38.2603598" lon="-85.6683807"/>
  <node id="3470675786" lat="38.2603791" lon="-85.6687694"/>
  <node id="3470675787" lat="38.2604225" lon="-85.6686426"/>
  <node id="3470675788" lat="38.2604577" lon="-85.6681661"/>
  <node id="3470675789" lat="38.2605928" lon="-85.6682803"/>
  <node id="3470675790" lat="38.2609563" lon="-85.6671939"/>
  <node id="3470675791" lat="38.2610928" lon="-85.6673038"/>
  <node id="3470675792" lat="38.2615195" lon="-85.6705194"/>
  <node id="3470675793" lat="38.2615490" lon="-85.6704228"/>
  <node id="3470675794" lat="38.2615879" lon="-85.6691305"/>
  <node id="3470675795" lat="38.2615899" lon="-85.6691725"/>
  <node id="3470675796" lat="38.2616044" lon="-85.6692103"/>
  <node id="3470675797" lat="38.2616206" lon="-85.6690593"/>
  <node id="3470675798" lat="38.2616291" lon="-85.6692382"/>
  <node id="3470675799" lat="38.2616503" lon="-85.6690408"/>
  <node id="3470675800" lat="38.2616527" lon="-85.6710737"/>
  <node id="3470675801" lat="38.2616539" lon="-85.6710231"/>
  <node id="3470675802" lat="38.2616604" lon="-85.6692519"/>
  <node id="3470675803" lat="38.2616720" lon="-85.6709724"/>
  <node id="3470675804" lat="38.2616754" lon="-85.6711359"/>
  <node id="3470675805" lat="38.2616833" lon="-85.6690383"/>
  <node id="3470675806" lat="38.2616933" lon="-85.6692494"/>
  <node id="3470675807" lat="38.2617145" lon="-85.6690520"/>
  <node id="3470675808" lat="38.2617220" lon="-85.6711678"/>
  <node id="3470675809" lat="38.2617230" lon="-85.6692309"/>
  <node id="3470675810" lat="38.2617392" lon="-85.6690799"/>
  <node id="3470675811" lat="38.2617449" lon="-85.6691994"/>
  <node id="3470675812" lat="38.2617537" lon="-85.6691177"/>
  <node id="3470675813" lat="38.2617557" lon="-85.6691597"/>
  <node id="3470675814" lat="38.2617675" lon="-85.6711663"/>
  <node id="3470675815" lat="38.2617690" lon="-85.6728064"/>
  <node id="3470675816" lat="38.2617861" lon="-85.6728542"/>
  <node id="3470675817" lat="38.2617891" lon="-85.6707877"/>
  <node id="3470675818" lat="38.2618074" lon="-85.6711473"/>
  <node id="3470675819" lat="38.2618270" lon="-85.6728831"/>
  <node id="3470675820" lat="38.2618457" lon="-85.6706983"/>
  <node id="3470675821" lat="38.2618724" lon="-85.6728889"/>
  <node id="3470675822" lat="38.2619156" lon="-85.6728614"/>
  <node id="3470675823" lat="38.2619197" lon="-85.6724581"/>
  <node id="3470675824" lat="38.2619330" lon="-85.6709308"/>
  <node id="3470675825" lat="38.2619349" lon="-85.6728180"/>
  <node id="3470675826" lat="38.2619901" lon="-85.6708323"/>
  <node id="3470675827" lat="38.2620705" lon="-85.6681679"/>
  <node id="3470675828" lat="38.2620714" lon="-85.6682131"/>
  <node id="3470675829" lat="38.2620743" lon="-85.6710713"/>
  <node id="3470675830" lat="38.2620852" lon="-85.6709205"/>
  <node id="3470675831" lat="38.2620858" lon="-85.6682545"/>
  <node id="3470675832" lat="38.2621079" lon="-85.6680929"/>
  <node id="3470675833" lat="38.2621115" lon="-85.6682857"/>
  <node id="3470675834" lat="38.2621403" lon="-85.6680746"/>
  <node id="3470675835" lat="38.2621446" lon="-85.6683020"/>
  <node id="3470675836" lat="38.2621759" lon="-85.6680735"/>
  <node id="3470675837" lat="38.2621801" lon="-85.6683009"/>
  <node id="3470675838" lat="38.2621802" lon="-85.6709912"/>
  <node id="3470675839" lat="38.2621852" lon="-85.6711429"/>
  <node id="3470675840" lat="38.2622090" lon="-85.6680899"/>
  <node id="3470675841" lat="38.2622126" lon="-85.6682826"/>
  <node id="3470675842" lat="38.2622347" lon="-85.6681211"/>
  <node id="3470675843" lat="38.2622371" lon="-85.6682499"/>
  <node id="3470675844" lat="38.2622491" lon="-85.6681624"/>
  <node id="3470675845" lat="38.2622499" lon="-85.6682077"/>
  <node id="3470675846" lat="38.2622870" lon="-85.6710505"/>
  <node id="3470675847" lat="38.2623008" lon="-85.6711940"/>
  <node id="3470675848" lat="38.2623939" lon="-85.6710915"/>
  <node id="3470675849" lat="38.2624390" lon="-85.6712390"/>
  <node id="3470675850" lat="38.2624898" lon="-85.6712145"/>
  <node id="3470675851" lat="38.2624905" lon="-85.6711729"/>
  <node id="3470675852" lat="38.2625016" lon="-85.6712534"/>
  <node id="3470675853" lat="38.2625037" lon="-85.6711348"/>
  <node id="3470675854" lat="38.2625131" lon="-85.6711233"/>
  <node id="3470675855" lat="38.2625242" lon="-85.6712834"/>
  <node id="3470675856" lat="38.2625273" lon="-85.6711060"/>
  <node id="3470675857" lat="38.2625541" lon="-85.6713002"/>
  <node id="3470675858" lat="38.2625578" lon="-85.6710910"/>
  <node id="3470675859" lat="38.2625848" lon="-85.6688615"/>
  <node id="3470675860" lat="38.2625868" lon="-85.6713012"/>
  <node id="3470675861" lat="38.2625905" lon="-85.6710919"/>
  <node id="3470675862" lat="38.2626173" lon="-85.6712861"/>
  <node id="3470675863" lat="38.2626204" lon="-85.6711087"/>
  <node id="3470675864" lat="38.2626409" lon="-85.6712573"/>
  <node id="3470675865" lat="38.2626430" lon="-85.6711388"/>
  <node id="3470675866" lat="38.2626541" lon="-85.6712192"/>
  <node id="3470675867" lat="38.2626548" lon="-85.6711776"/>
  <node id="3470675868" lat="38.2626961" lon="-85.6689672"/>
  <node id="3470675869" lat="38.2627938" lon="-85.6684709"/>
  <node id="3470675870" lat="38.2628234" lon="-85.6684593"/>
  <node id="3470675871" lat="38.2628540" lon="-85.6684753"/>
  <node id="3470675872" lat="38.2628722" lon="-85.6684883"/>
  <node id="3470675873" lat="38.2629154" lon="-85.6685331"/>
  <node id="3470675874" lat="38.2629177" lon="-85.6685924"/>
  <node id="3470675875" lat="38.2629845" lon="-85.6711925"/>
  <node id="3470675876" lat="38.2630134" lon="-85.6713091"/>
  <node id="3470675877" lat="38.2631162" lon="-85.6713254"/>
  <node id="3470675878" lat="38.2631335" lon="-85.6686633"/>
  <node id="3470675879" lat="38.2631530" lon="-85.6689194"/>
  <node id="3470675880" lat="38.2631570" lon="-85.6688549"/>
  <node id="3470675881" lat="38.2631687" lon="-85.6689810"/>
  <node id="3470675882" lat="38.2631744" lon="-85.6686981"/>
  <node id="3470675883" lat="38.2631801" lon="-85.6687973"/>
  <node id="3470675884" lat="38.2631853" lon="-85.6712497"/>
  <node id="3470675885" lat="38.2632014" lon="-85.6713602"/>
  <node id="3470675886" lat="38.2632016" lon="-85.6690302"/>
  <node id="3470675887" lat="38.2632187" lon="-85.6687553"/>
  <node id="3470675888" lat="38.2632469" lon="-85.6690596"/>
  <node id="3470675889" lat="38.2632670" lon="-85.6687353"/>
  <node id="3470675890" lat="38.2632720" lon="-85.6712968"/>
  <node id="3470675891" lat="38.2632817" lon="-85.6714032"/>
  <node id="3470675892" lat="38.2632976" lon="-85.6690647"/>
  <node id="3470675893" lat="38.2633177" lon="-85.6687404"/>
  <node id="3470675894" lat="38.2633459" lon="-85.6690447"/>
  <node id="3470675895" lat="38.2633629" lon="-85.6687698"/>
  <node id="3470675896" lat="38.2633684" lon="-85.6713541"/>
  <node id="3470675897" lat="38.2633845" lon="-85.6690027"/>
  <node id="3470675898" lat="38.2633893" lon="-85.6714830"/>
  <node id="3470675899" lat="38.2633959" lon="-85.6688190"/>
  <node id="3470675900" lat="38.2633973" lon="-85.6713761"/>
  <node id="3470675901" lat="38.2634076" lon="-85.6689451"/>
  <node id="3470675902" lat="38.2634116" lon="-85.6688806"/>
  <node id="3470675903" lat="38.2634487" lon="-85.6714155"/>
  <node id="3470675905" lat="38.2636185" lon="-85.6692429"/>
  <node id="3470675914" lat="38.2638707" lon="-85.6694570"/>
  <node id="3470675918" lat="38.2640606" lon="-85.6706173"/>
  <node id="3470675919" lat="38.2640854" lon="-85.6719554">
    <tag k="highway" v="stop"/>
  </node>
  <node id="3470675920" lat="38.2640855" lon="-85.6704282"/>
  <node id="3470675921" lat="38.2641392" lon="-85.6702019"/>
  <node id="3470675922" lat="38.2641707" lon="-85.6721216"/>
  <node id="3470675923" lat="38.2642347" lon="-85.6699269"/>
  <node id="3470675924" lat="38.2643378" lon="-85.6697017"/>
  <node id="3470675925" lat="38.2643889" lon="-85.6695872"/>
  <node id="3470675926" lat="38.2644398" lon="-85.6705881"/>
  <node id="3470675927" lat="38.2645032" lon="-85.6703551"/>
  <node id="3470675928" lat="38.2645184" lon="-85.6708213"/>
  <node id="3470675929" lat="38.2645761" lon="-85.6700875"/>
  <node id="3470675930" lat="38.2646315" lon="-85.6697120"/>
  <node id="3470675931" lat="38.2646524" lon="-85.6690634"/>
  <node id="3470675932" lat="38.2647375" lon="-85.6686624"/>
  <node id="3470675933" lat="38.2648805" lon="-85.6687278"/>
  <node id="3470675934" lat="38.2650482" lon="-85.6688044"/>
  <node id="3517269026" lat="38.2676328" lon="-85.6822835"/>
  <node id="3517269027" lat="38.2677135" lon="-85.6822906"/>
  <node id="3517269028" lat="38.2678017" lon="-85.6822189"/>
  <node id="3517269029" lat="38.2678505" lon="-85.6820468"/>
  <node id="3517269030" lat="38.2678505" lon="-85.6818938"/>
  <node id="3517269031" lat="38.2677792" lon="-85.6817240"/>
  <node id="3517269032" lat="38.2676685" lon="-85.6816212"/>
  <node id="3517269033" lat="38.2674883" lon="-85.6816117"/>
  <node id="3642890839" lat="38.2756039" lon="-85.6918539"/>
  <node id="4065368803" lat="38.2763907" lon="-85.6935652"/>
  <node id="4585787106" lat="38.2677218" lon="-85.6706632"/>
  <node id="4585787108" lat="38.2680770" lon="-85.6704788"/>
  <node id="4587671850" lat="38.2537355" lon="-85.6847635"/>
  <node id="4591209460" lat="38.2551378" lon="-85.6732533"/>
  <node id="4614857700" lat="38.2552337" lon="-85.6762861"/>
  <node id="4614857701" lat="38.2554906" lon="-85.6762714"/>
  <node id="4614857702" lat="38.2557897" lon="-85.6762566"/>
  <node id="4614857703" lat="38.2562969" lon="-85.6762506"/>
  <node id="4618637989" lat="38.2541156" lon="-85.6712296"/>
  <node id="4618637990" lat="38.2521715" lon="-85.6696830"/>
  <node id="4618696411" lat="38.2546513" lon="-85.6732752"/>
  <node id="4618696412" lat="38.2548777" lon="-85.6732470"/>
  <node id="4618696413" lat="38.2552789" lon="-85.6732417"/>
  <node id="4618696414" lat="38.2557333" lon="-85.6731921"/>
  <node id="4619027186" lat="38.2543818" lon="-85.6768338"/>
  <node id="4619027187" lat="38.2542885" lon="-85.6768551"/>
  <node id="4619027188" lat="38.2541495" lon="-85.6768222"/>
  <node id="4619027589" lat="38.2536429" lon="-85.6764095"/>
  <node id="4619027590" lat="38.2528805" lon="-85.6757953"/>
  <node id="4621359984" lat="38.2547863" lon="-85.6778360"/>
  <node id="4621359985" lat="38.2548168" lon="-85.6778427"/>
  <node id="4621359986" lat="38.2556267" lon="-85.6777757"/>
  <node id="4621359987" lat="38.2569494" lon="-85.6776791"/>
  <node id="4621359988" lat="38.2569799" lon="-85.6776590"/>
  <node id="4621361389" lat="38.2569989" lon="-85.6776228"/>
  <node id="4621361390" lat="38.2570031" lon="-85.6775718"/>
  <node id="4621361391" lat="38.2569810" lon="-85.6769254"/>
  <node id="4621361392" lat="38.2570010" lon="-85.6767537"/>
  <node id="4621361393" lat="38.2569820" lon="-85.6764426"/>
  <node id="4621361394" lat="38.2569583" lon="-85.6759330"/>
  <node id="4668493642" lat="38.2589936" lon="-85.6807304"/>
  <node id="5170902222" lat="38.2647264" lon="-85.6697183">
    <tag k="bench" v="no"/>
    <tag k="bin" v="no"/>
    <tag k="highway" v="platform"/>
    <tag k="name" v="Brownsboro / Country"/>
    <tag k="public_transport" v="platform"/>
    <tag k="shelter" v="no"/>
    <tag k="tactile_paving" v="no"/>
  </node>
  <node id="5170902223" lat="38.2655141" lon="-85.6677818">
    <tag k="bench" v="no"/>
    <tag k="bin" v="no"/>
    <tag k="highway" v="platform"/>
    <tag k="name" v="Old Brownsboro / Chenoweth"/>
    <tag k="public_transport" v="platform"/>
    <tag k="shelter" v="no"/>
    <tag k="tactile_paving" v="no"/>
  </node>
  <node id="5170902224" lat="38.2648802" lon="-85.6697854">
    <tag k="bench" v="no"/>
    <tag k="bin" v="no"/>
    <tag k="highway" v="platform"/>
    <tag k="name" v="Brownsboro / Country"/>
    <tag k="public_transport" v="platform"/>
    <tag k="shelter" v="no"/>
    <tag k="tactile_paving" v="no"/>
  </node>
  <node id="5170905563" lat="38.2639578" lon="-85.6732870">
    <tag k="bench" v="no"/>
    <tag k="bin" v="no"/>
    <tag k="highway" v="platform"/>
    <tag k="name" v="Brownsboro / Lightfoot"/>
    <tag k="public_transport" v="platform"/>
    <tag k="shelter" v="no"/>
    <tag k="tactile_paving" v="no"/>
  </node>
  <node id="5170905564" lat="38.2638714" lon="-85.6732536">
    <tag k="bus" v="yes"/>
    <tag k="highway" v="bus_stop"/>
    <tag k="name" v="Brownsboro / Lightfoot"/>
    <tag k="network" v="TARC"/>
    <tag k="network:wikidata" v="Q3537637"/>
    <tag k="network:wikipedia" v="en:Transit Authority of River City"/>
    <tag k="operator" v="Transit Authority of River City"/>
    <tag k="public_transport" v="stop_position"/>
    <tag k="tactile_paving" v="no"/>
  </node>
  <node id="5170913728" lat="38.2634197" lon="-85.6762414">
    <tag k="bench" v="no"/>
    <tag k="bin" v="no"/>
    <tag k="highway" v="platform"/>
    <tag k="name" v="Brownsboro / Mockingbird Valley"/>
    <tag k="public_transport" v="platform"/>
    <tag k="shelter" v="no"/>
    <tag k="tactile_paving" v="no"/>
  </node>
  <node id="5170913729" lat="38.2633217" lon="-85.6757841">
    <tag k="bench" v="no"/>
    <tag k="bin" v="no"/>
    <tag k="highway" v="platform"/>
    <tag k="name" v="Brownsboro / Mockingbird Valley"/>
    <tag k="public_transport" v="platform"/>
    <tag k="shelter" v="no"/>
    <tag k="tactile_paving" v="no"/>
  </node>
  <node id="5170918464" lat="38.2625379" lon="-85.6797752">
    <tag k="bus" v="yes"/>
    <tag k="highway" v="bus_stop"/>
    <tag k="name" v="Brownsboro / Jarvis"/>
    <tag k="network" v="TARC"/>
    <tag k="network:wikidata" v="Q3537637"/>
    <tag k="network:wikipedia" v="en:Transit Authority of River City"/>
    <tag k="operator" v="Transit Authority of River City"/>
    <tag k="public_transport" v="stop_position"/>
    <tag k="tactile_paving" v="no"/>
  </node>
  <node id="5170918465" lat="38.2625161" lon="-85.6796318">
    <tag k="bench" v="no"/>
    <tag k="bin" v="no"/>
    <tag k="highway" v="platform"/>
    <tag k="name" v="Brownsboro / Jarvis"/>
    <tag k="public_transport" v="platform"/>
    <tag k="shelter" v="no"/>
    <tag k="tactile_paving" v="no"/>
  </node>
  <node id="5170918466" lat="38.2625635" lon="-85.6799442">
    <tag k="bench" v="no"/>
    <tag k="bin" v="no"/>
    <tag k="highway" v="platform"/>
    <tag k="name" v="Brownsboro / Jarvis"/>
    <tag k="public_transport" v="platform"/>
    <tag k="shelter" v="no"/>
    <tag k="tactile_paving" v="no"/>
  </node>
  <node id="5170921427" lat="38.2621087" lon="-85.6813417">
    <tag k="bench" v="no"/>
    <tag k="bin" v="no"/>
    <tag k="highway" v="platform"/>
    <tag k="name" v="Brownsboro / Winton"/>
    <tag k="public_transport" v="platform"/>
    <tag k="shelter" v="no"/>
    <tag k="tactile_paving" v="no"/>
  </node>
  <node id="5170921428" lat="38.2620452" lon="-85.6813091">
    <tag k="bus" v="yes"/>
    <tag k="highway" v="bus_stop"/>
    <tag k="name" v="Brownsboro / Winton"/>
    <tag k="network" v="TARC"/>
    <tag k="network:wikidata" v="Q3537637"/>
    <tag k="network:wikipedia" v="en:Transit Authority of River City"/>
    <tag k="operator" v="Transit Authority of River City"/>
    <tag k="public_transport" v="stop_position"/>
    <tag k="tactile_paving" v="no"/>
  </node>
  <node id="5170921429" lat="38.2619855" lon="-85.6812974">
    <tag k="bench" v="no"/>
    <tag k="bin" v="no"/>
    <tag k="highway" v="platform"/>
    <tag k="name" v="Brownsboro / Winton"/>
    <tag k="public_transport" v="platform"/>
    <tag k="shelter" v="no"/>
    <tag k="tactile_paving" v="no"/>
  </node>
  <node id="5170933462" lat="38.2611178" lon="-85.6841879">
    <tag k="bus" v="yes"/>
    <tag k="highway" v="bus_stop"/>
    <tag k="name" v="Brownsboro / Zorn"/>
    <tag k="network" v="TARC"/>
    <tag k="network:wikidata" v="Q3537637"/>
    <tag k="network:wikipedia" v="en:Transit Authority of River City"/>
    <tag k="operator" v="Transit Authority of River City"/>
    <tag k="public_transport" v="stop_position"/>
    <tag k="tactile_paving" v="no"/>
  </node>
  <node id="5170933463" lat="38.2610051" lon="-85.6843109">
    <tag k="bench" v="no"/>
    <tag k="bin" v="no"/>
    <tag k="highway" v="platform"/>
    <tag k="name" v="Brownsboro / Zorn"/>
    <tag k="public_transport" v="platform"/>
    <tag k="shelter" v="no"/>
    <tag k="tactile_paving" v="no"/>
  </node>
  <node id="5170933464" lat="38.2611999" lon="-85.6842545">
    <tag k="bench" v="no"/>
    <tag k="bin" v="no"/>
    <tag k="highway" v="platform"/>
    <tag k="name" v="Brownsboro / Zorn"/>
    <tag k="public_transport" v="platform"/>
    <tag k="shelter" v="no"/>
    <tag k="tactile_paving" v="no"/>
  </node>
  <node id="5170933465" lat="38.2610675" lon="-85.6843426">
    <tag k="bus" v="yes"/>
    <tag k="highway" v="bus_stop"/>
    <tag k="name" v="Brownsboro / Zorn"/>
    <tag k="network" v="TARC"/>
    <tag k="network:wikidata" v="Q3537637"/>
    <tag k="network:wikipedia" v="en:Transit Authority of River City"/>
    <tag k="operator" v="Transit Authority of River City"/>
    <tag k="public_transport" v="stop_position"/>
    <tag k="tactile_paving" v="no"/>
  </node>
  <node id="5650759629" lat="38.2549114" lon="-85.6816653"/>
  <node id="5650759630" lat="38.2549138" lon="-85.6818463"/>
  <node id="5650759631" lat="38.2549054" lon="-85.6819503"/>
  <node id="5650759632" lat="38.2548848" lon="-85.6820905"/>
  <node id="5650759633" lat="38.2548606" lon="-85.6822591"/>
  <node id="5650759634" lat="38.2548195" lon="-85.6824525"/>
  <node id="5650759635" lat="38.2548514" lon="-85.6824658">
    <tag k="barrier" v="gate"/>
  </node>
  <node id="5650759636" lat="38.2548903" lon="-85.6824787"/>
  <node id="5650759637" lat="38.2548491" lon="-85.6816653"/>
  <node id="5650759638" lat="38.2548370" lon="-85.6813626"/>
  <node id="5650759639" lat="38.2548364" lon="-85.6809820"/>
  <node id="5650759640" lat="38.2548829" lon="-85.6809782"/>
  <node id="5650759641" lat="38.2549039" lon="-85.6809722"/>
  <node id="5650759642" lat="38.2549060" lon="-85.6809764"/>
  <node id="5650759643" lat="38.2549312" lon="-85.6809764"/>
  <node id="5650759644" lat="38.2550155" lon="-85.6810174"/>
  <node id="5650759645" lat="38.2550182" lon="-85.6811050"/>
  <node id="6034793665" lat="38.2537351" lon="-85.6669762"/>
  <node id="6034793666" lat="38.2538035" lon="-85.6678921"/>
  <node id="6034793667" lat="38.2538136" lon="-85.6680260">
    <tag k="crossing" v="unmarked"/>
    <tag k="highway" v="crossing"/>
    <tag k="kerb" v="flush"/>
    <tag k="tactile_paving" v="yes"/>
  </node>
  <node id="6034793668" lat="38.2538193" lon="-85.6681241"/>
  <node id="6034793669" lat="38.2539241" lon="-85.6695208">
    <tag k="crossing" v="unmarked"/>
    <tag k="highway" v="crossing"/>
    <tag k="kerb" v="flush"/>
    <tag k="tactile_paving" v="yes"/>
  </node>
  <node id="6034793670" lat="38.2539925" lon="-85.6704156">
    <tag k="button_operated" v="yes"/>
    <tag k="crossing" v="traffic_signals"/>
    <tag k="highway" v="crossing"/>
    <tag k="kerb" v="lowered"/>
    <tag k="tactile_paving" v="yes"/>
  </node>
  <node id="6034793671" lat="38.2540009" lon="-85.6705132"/>
  <node id="6034793672" lat="38.2540430" lon="-85.6711234"/>
  <node id="6034793673" lat="38.2540483" lon="-85.6711761">
    <tag k="crossing" v="unmarked"/>
    <tag k="highway" v="crossing"/>
  </node>
  <node id="6034793674" lat="38.2540528" lon="-85.6712255"/>
  <node id="6034793675" lat="38.2540978" lon="-85.6718383"/>
  <node id="6034793676" lat="38.2541065" lon="-85.6719357">
    <tag k="crossing" v="unmarked"/>
    <tag k="highway" v="crossing"/>
    <tag k="kerb" v="flush"/>
    <tag k="tactile_paving" v="yes"/>
  </node>
  <node id="6034793677" lat="38.2541144" lon="-85.6720152"/>
  <node id="6034793678" lat="38.2541985" lon="-85.6732894"/>
  <node id="6034793679" lat="38.2542052" lon="-85.6733727">
    <tag k="crossing" v="unmarked"/>
    <tag k="highway" v="crossing"/>
  </node>
  <node id="6034793680" lat="38.2542093" lon="-85.6734675"/>
  <node id="6333023196" lat="38.2742144" lon="-85.6873352"/>
  <node id="6333231277" lat="38.2546984" lon="-85.6728915"/>
  <node id="6333231278" lat="38.2548340" lon="-85.6729168"/>
  <node id="6333231279" lat="38.2548066" lon="-85.6723988"/>
  <node id="6333231280" lat="38.2546746" lon="-85.6722704"/>
  <node id="6338026580" lat="38.2617337" lon="-85.6847619"/>
  <node id="6505679084" lat="38.2757490" lon="-85.6923427"/>
  <node id="6505688243" lat="38.2748706" lon="-85.6888462"/>
  <node id="6604650870" lat="38.2734318" lon="-85.6840089"/>
  <node id="6609119479" lat="38.2655087" lon="-85.6820314"/>
  <node id="6609119480" lat="38.2654669" lon="-85.6822011"/>
  <node id="6609119481" lat="38.2654163" lon="-85.6823701"/>
  <node id="6609119482" lat="38.2653637" lon="-85.6825350"/>
  <node id="6609119483" lat="38.2653131" lon="-85.6825954"/>
  <node id="6609119484" lat="38.2652471" lon="-85.6826406"/>
  <node id="6646872757" lat="38.2759784" lon="-85.6930665"/>
  <node id="6662676286" lat="38.2544930" lon="-85.6807031"/>
  <node id="6662676287" lat="38.2544979" lon="-85.6808999"/>
  <node id="6662676288" lat="38.2544915" lon="-85.6806477">
    <tag k="crossing" v="marked"/>
    <tag k="highway" v="crossing"/>
  </node>
  <node id="6662676289" lat="38.2545588" lon="-85.6831797">
    <tag k="crossing" v="marked"/>
    <tag k="highway" v="crossing"/>
    <tag k="kerb:left" v="flush"/>
    <tag k="kerb:right" v="raised"/>
  </node>
  <node id="6662676290" lat="38.2547788" lon="-85.6808094">
    <tag k="direction" v="backward"/>
    <tag k="highway" v="stop"/>
  </node>
  <node id="6662676291" lat="38.2545713" lon="-85.6808176">
    <tag k="crossing" v="unmarked"/>
    <tag k="highway" v="crossing"/>
  </node>
  <node id="6870944878" lat="38.2742680" lon="-85.6874913"/>
  <node id="6892595908" lat="38.2644122" lon="-85.6735889"/>
  <node id="6892595909" lat="38.2643163" lon="-85.6738739"/>
  <node id="6892595910" lat="38.2641782" lon="-85.6743368"/>
  <node id="6892595911" lat="38.2640769" lon="-85.6747103"/>
  <node id="6892595912" lat="38.2640523" lon="-85.6749555"/>
  <node id="6892595913" lat="38.2640611" lon="-85.6754028"/>
  <node id="6892595914" lat="38.2640945" lon="-85.6756295"/>
  <node id="6892595915" lat="38.2641300" lon="-85.6758058"/>
  <node id="6892595916" lat="38.2641206" lon="-85.6723111"/>
  <node id="6892595917" lat="38.2642895" lon="-85.6724560"/>
  <node id="6892595918" lat="38.2645554" lon="-85.6726731"/>
  <node id="6892595919" lat="38.2649081" lon="-85.6729684"/>
  <node id="6892595920" lat="38.2650612" lon="-85.6730701"/>
  <node id="6892661174" lat="38.2603356" lon="-85.6668980"/>
  <node id="6895920543" lat="38.2688479" lon="-85.6809949"/>
  <node id="6895920578" lat="38.2682048" lon="-85.6786822"/>
  <node id="6895928986" lat="38.2683893" lon="-85.6781288"/>
  <node id="6902277292" lat="38.2539420" lon="-85.6689152"/>
  <node id="6902277293" lat="38.2537993" lon="-85.6688931"/>
  <node id="6902277294" lat="38.2535681" lon="-85.6687127"/>
  <node id="6902277295" lat="38.2538781" lon="-85.6689074">
    <tag k="crossing" v="unmarked"/>
    <tag k="highway" v="crossing"/>
  </node>
  <node id="6902723824" lat="38.2513149" lon="-85.6682884"/>
  <node id="7027088085" lat="38.2545400" lon="-85.6855436"/>
  <node id="7027088086" lat="38.2545314" lon="-85.6852416"/>
  <node id="7027088088" lat="38.2545165" lon="-85.6844222"/>
  <node id="7027088089" lat="38.2545856" lon="-85.6844179">
    <tag k="button_operated" v="yes"/>
    <tag k="crossing" v="traffic_signals"/>
    <tag k="highway" v="crossing"/>
    <tag k="kerb" v="lowered"/>
    <tag k="tactile_paving" v="yes"/>
    <tag k="traffic_signals:sound" v="yes"/>
  </node>
  <node id="7027088090" lat="38.2546586" lon="-85.6844116"/>
  <node id="7027088091" lat="38.2546552" lon="-85.6842331"/>
  <node id="7027088092" lat="38.2545101" lon="-85.6842173"/>
  <node id="7027088093" lat="38.2546563" lon="-85.6843081">
    <tag k="button_operated" v="yes"/>
    <tag k="crossing" v="traffic_signals"/>
    <tag k="highway" v="crossing"/>
    <tag k="kerb" v="lowered"/>
    <tag k="tactile_paving" v="yes"/>
    <tag k="traffic_signals:sound" v="yes"/>
  </node>
  <node id="7027088094" lat="38.2545809" lon="-85.6842245">
    <tag k="button_operated" v="yes"/>
    <tag k="crossing" v="traffic_signals"/>
    <tag k="highway" v="crossing"/>
    <tag k="kerb" v="lowered"/>
    <tag k="tactile_paving" v="yes"/>
    <tag k="traffic_signals:sound" v="yes"/>
  </node>
  <node id="7027104326" lat="38.2546509" lon="-85.6842224"/>
  <node id="7027104327" lat="38.2546478" lon="-85.6842141"/>
  <node id="7027104328" lat="38.2546456" lon="-85.6840927">
    <tag k="noexit" v="yes"/>
  </node>
  <node id="7029820249" lat="38.2646591" lon="-85.6698701">
    <tag k="crossing" v="traffic_signals"/>
    <tag k="highway" v="crossing"/>
    <tag k="traffic_signals:sound" v="yes"/>
    <tag k="traffic_signals:vibration" v="yes"/>
  </node>
  <node id="7029820250" lat="38.2648033" lon="-85.6701000"/>
  <node id="7029820251" lat="38.2647207" lon="-85.6700507">
    <tag k="crossing" v="traffic_signals"/>
    <tag k="highway" v="crossing"/>
    <tag k="traffic_signals:sound" v="yes"/>
    <tag k="traffic_signals:vibration" v="yes"/>
  </node>
  <node id="7029820252" lat="38.2646497" lon="-85.6700054"/>
  <node id="7029820253" lat="38.2648636" lon="-85.6698269"/>
  <node id="7029820254" lat="38.2647968" lon="-85.6697932">
    <tag k="crossing" v="traffic_signals"/>
    <tag k="highway" v="crossing"/>
    <tag k="traffic_signals:sound" v="yes"/>
    <tag k="traffic_signals:vibration" v="yes"/>
  </node>
  <node id="7029820255" lat="38.2647211" lon="-85.6697540"/>
  <node id="7029820256" lat="38.2646635" lon="-85.6698135"/>
  <node id="7029820257" lat="38.2646837" lon="-85.6698139"/>
  <node id="7029820258" lat="38.2646923" lon="-85.6698064"/>
  <node id="7029820259" lat="38.2646992" lon="-85.6697985"/>
  <node id="7029820260" lat="38.2647069" lon="-85.6697867"/>
  <node id="7029820261" lat="38.2647146" lon="-85.6697713"/>
  <node id="7029820262" lat="38.2648722" lon="-85.6697967"/>
  <node id="7029820263" lat="38.2648625" lon="-85.6698337"/>
  <node id="7029820264" lat="38.2648638" lon="-85.6698493"/>
  <node id="7029820265" lat="38.2648655" lon="-85.6698620"/>
  <node id="7029820266" lat="38.2648681" lon="-85.6698770"/>
  <node id="7029820267" lat="38.2648709" lon="-85.6698893"/>
  <node id="7029820268" lat="38.2648729" lon="-85.6698961"/>
  <node id="7029820269" lat="38.2648819" lon="-85.6699130"/>
  <node id="7029820270" lat="38.2648872" lon="-85.6699179"/>
  <node id="7029820271" lat="38.2648916" lon="-85.6699212"/>
  <node id="7029820272" lat="38.2648982" lon="-85.6699247"/>
  <node id="7029820273" lat="38.2647954" lon="-85.6701216"/>
  <node id="7029820274" lat="38.2648101" lon="-85.6700905"/>
  <node id="7029820275" lat="38.2648156" lon="-85.6700855"/>
  <node id="7029820276" lat="38.2648225" lon="-85.6700801"/>
  <node id="7029820277" lat="38.2648288" lon="-85.6700766"/>
  <node id="7029820278" lat="38.2648368" lon="-85.6700729"/>
  <node id="7029820279" lat="38.2648477" lon="-85.6700707"/>
  <node id="7029820280" lat="38.2648526" lon="-85.6700715"/>
  <node id="7029820281" lat="38.2648593" lon="-85.6700737"/>
  <node id="7029836473" lat="38.2608473" lon="-85.6848237"/>
  <node id="7029836474" lat="38.2608721" lon="-85.6847477">
    <tag k="crossing" v="unmarked"/>
    <tag k="highway" v="crossing"/>
    <tag k="kerb" v="lowered"/>
    <tag k="tactile_paving" v="yes"/>
  </node>
  <node id="7029836475" lat="38.2608889" lon="-85.6846976"/>
  <node id="7029836476" lat="38.2610245" lon="-85.6842886"/>
  <node id="7029836477" lat="38.2610507" lon="-85.6841980">
    <tag k="crossing" v="unmarked"/>
    <tag k="highway" v="crossing"/>
  </node>
  <node id="7029836478" lat="38.2610709" lon="-85.6841104"/>
  <node id="7029836479" lat="38.2640569" lon="-85.6720639"/>
  <node id="7029836480" lat="38.2640698" lon="-85.6720392"/>
  <node id="7029836481" lat="38.2641034" lon="-85.6719707"/>
  <node id="7029836482" lat="38.2641459" lon="-85.6718781"/>
  <node id="7029836483" lat="38.2641646" lon="-85.6718183"/>
  <node id="7029836484" lat="38.2643038" lon="-85.6712982"/>
  <node id="7029840385" lat="38.2643151" lon="-85.6711997"/>
  <node id="7029840386" lat="38.2643576" lon="-85.6711108"/>
  <node id="7029840387" lat="38.2644165" lon="-85.6708874"/>
  <node id="7029840388" lat="38.2644427" lon="-85.6707873"/>
  <node id="7029840389" lat="38.2644696" lon="-85.6706834"/>
  <node id="7029840392" lat="38.2646485" lon="-85.6699942"/>
  <node id="7029840393" lat="38.2646458" lon="-85.6699817"/>
  <node id="7029840394" lat="38.2646419" lon="-85.6699644"/>
  <node id="7029840395" lat="38.2646384" lon="-85.6699557"/>
  <node id="7029840396" lat="38.2646345" lon="-85.6699493"/>
  <node id="7029840398" lat="38.2646752" lon="-85.6698172"/>
  <node id="7029840399" lat="38.2648408" lon="-85.6700715"/>
  <node id="7029840400" lat="38.2648761" lon="-85.6699063"/>
  <node id="7087380770" lat="38.2669391" lon="-85.6794248"/>
  <node id="7087380771" lat="38.2671222" lon="-85.6793647"/>
  <node id="7087380772" lat="38.2672694" lon="-85.6793080"/>
  <node id="7087380773" lat="38.2673754" lon="-85.6792388"/>
  <node id="7087380774" lat="38.2674409" lon="-85.6791580"/>
  <node id="7087380775" lat="38.2675082" lon="-85.6789822"/>
  <node id="7087875336" lat="38.2619960" lon="-85.6849744"/>
  <node id="7087875337" lat="38.2622502" lon="-85.6844190"/>
  <node id="7087875338" lat="38.2623803" lon="-85.6852859"/>
  <node id="7094788035" lat="38.2683146" lon="-85.6785013"/>
  <node id="7094788041" lat="38.2662854" lon="-85.6786277"/>
  <node id="7094788042" lat="38.2665313" lon="-85.6784319"/>
  <node id="7094788043" lat="38.2666760" lon="-85.6782939"/>
  <node id="7094788044" lat="38.2666970" lon="-85.6782510"/>
  <node id="7094788045" lat="38.2648237" lon="-85.6758153"/>
  <node id="7094788046" lat="38.2652437" lon="-85.6757791"/>
  <node id="7094788047" lat="38.2653056" lon="-85.6757791"/>
  <node id="7094788048" lat="38.2652396" lon="-85.6756120"/>
  <node id="7094788049" lat="38.2648207" lon="-85.6757441"/>
  <node id="7094788050" lat="38.2645615" lon="-85.6712951"/>
  <node id="7094788051" lat="38.2648263" lon="-85.6703599"/>
  <node id="7094788052" lat="38.2645300" lon="-85.6714172"/>
  <node id="7098960763" lat="38.2743021" lon="-85.6875843"/>
  <node id="7099268174" lat="38.2720303" lon="-85.6822392"/>
  <node id="7122120092" lat="38.2621546" lon="-85.6851030"/>
  <node id="7122120093" lat="38.2623786" lon="-85.6849036"/>
  <node id="7122120094" lat="38.2624776" lon="-85.6848254"/>
  <node id="7122120095" lat="38.2625102" lon="-85.6847919"/>
  <node id="7122120096" lat="38.2625565" lon="-85.6846945"/>
  <node id="7122120097" lat="38.2623295" lon="-85.6852448"/>
  <node id="7130807704" lat="38.2665854" lon="-85.6828993"/>
  <node id="7130807705" lat="38.2665349" lon="-85.6830606"/>
  <node id="7130807706" lat="38.2664676" lon="-85.6831718"/>
  <node id="7130807707" lat="38.2663803" lon="-85.6832214"/>
  <node id="7130807708" lat="38.2662799" lon="-85.6831538"/>
  <node id="7130807709" lat="38.2662316" lon="-85.6831297"/>
  <node id="7130807710" lat="38.2662068" lon="-85.6831358"/>
  <node id="7130807711" lat="38.2661914" lon="-85.6831643"/>
  <node id="7130807712" lat="38.2661950" lon="-85.6832004"/>
  <node id="7130807713" lat="38.2662127" lon="-85.6832455"/>
  <node id="7130807714" lat="38.2663047" lon="-85.6833101"/>
  <node id="7130807715" lat="38.2660431" lon="-85.6824626"/>
  <node id="7130807716" lat="38.2658863" lon="-85.6827822"/>
  <node id="7130807717" lat="38.2658345" lon="-85.6827804"/>
  <node id="7130807718" lat="38.2657597" lon="-85.6827804"/>
  <node id="7130807719" lat="38.2657339" lon="-85.6827932"/>
  <node id="7130807720" lat="38.2657195" lon="-85.6828133"/>
  <node id="7130807721" lat="38.2656950" lon="-85.6828829"/>
  <node id="7130807722" lat="38.2657022" lon="-85.6829709"/>
  <node id="7130807723" lat="38.2657612" lon="-85.6830368"/>
  <node id="7130807724" lat="38.2658115" lon="-85.6830643"/>
  <node id="7130807725" lat="38.2658561" lon="-85.6830643"/>
  <node id="7130807726" lat="38.2659036" lon="-85.6830533"/>
  <node id="7130807727" lat="38.2659309" lon="-85.6830112"/>
  <node id="7130807728" lat="38.2659381" lon="-85.6829562"/>
  <node id="7130807729" lat="38.2659338" lon="-85.6828939"/>
  <node id="7133561311" lat="38.2533048" lon="-85.6845131"/>
  <node id="7133561312" lat="38.2545222" lon="-85.6855134"/>
  <node id="7133561313" lat="38.2536868" lon="-85.6848215">
    <tag k="highway" v="crossing"/>
  </node>
  <node id="7138434001" lat="38.2657841" lon="-85.6681973"/>
  <node id="7138434002" lat="38.2654984" lon="-85.6691274"/>
  <node id="7138434003" lat="38.2653883" lon="-85.6695128"/>
  <node id="7138434004" lat="38.2655945" lon="-85.6688211"/>
  <node id="7138434005" lat="38.2657616" lon="-85.6683134"/>
  <node id="7139052028" lat="38.2675981" lon="-85.6799658"/>
  <node id="7139052035" lat="38.2664653" lon="-85.6788646"/>
  <node id="7139052036" lat="38.2666111" lon="-85.6788081"/>
  <node id="7139052037" lat="38.2666815" lon="-85.6787343"/>
  <node id="7139052038" lat="38.2667996" lon="-85.6787097"/>
  <node id="7139052039" lat="38.2669461" lon="-85.6787922"/>
  <node id="7139052040" lat="38.2669506" lon="-85.6788544"/>
  <node id="7139052041" lat="38.2668904" lon="-85.6789281"/>
  <node id="7139052042" lat="38.2668325" lon="-85.6789484"/>
  <node id="7139052043" lat="38.2667530" lon="-85.6789325"/>
  <node id="7139052044" lat="38.2666679" lon="-85.6788804"/>
  <node id="7154945376" lat="38.2489437" lon="-85.6714444">
    <tag k="highway" v="crossing"/>
  </node>
  <node id="7154945377" lat="38.2490699" lon="-85.6706622">
    <tag k="highway" v="crossing"/>
  </node>
  <node id="7154945378" lat="38.2489584" lon="-85.6705408">
    <tag k="highway" v="crossing"/>
  </node>
  <node id="7154945381" lat="38.2496736" lon="-85.6669908">
    <tag k="crossing" v="traffic_signals"/>
    <tag k="highway" v="crossing"/>
  </node>
  <node id="7154966686" lat="38.2495606" lon="-85.6668717">
    <tag k="crossing" v="traffic_signals"/>
    <tag k="highway" v="crossing"/>
  </node>
  <node id="7156652101" lat="38.2544088" lon="-85.6805762"/>
  <node id="7156652102" lat="38.2544103" lon="-85.6805549"/>
  <node id="7156652103" lat="38.2544151" lon="-85.6805319"/>
  <node id="7156652104" lat="38.2544195" lon="-85.6805066"/>
  <node id="7156652105" lat="38.2544213" lon="-85.6804795"/>
  <node id="7156652106" lat="38.2543946" lon="-85.6794663"/>
  <node id="7156652107" lat="38.2544773" lon="-85.6831718"/>
  <node id="7156652108" lat="38.2546228" lon="-85.6831851"/>
  <node id="7156652109" lat="38.2546193" lon="-85.6830737">
    <tag k="crossing" v="unmarked"/>
    <tag k="highway" v="crossing"/>
  </node>
  <node id="7156652110" lat="38.2546175" lon="-85.6829926"/>
  <node id="7156652111" lat="38.2546145" lon="-85.6828634">
    <tag k="noexit" v="yes"/>
  </node>
  <node id="7156652112" lat="38.2544106" lon="-85.6806449"/>
  <node id="7156652113" lat="38.2545668" lon="-85.6806487"/>
  <node id="7156652114" lat="38.2545661" lon="-85.6806238"/>
  <node id="7156652115" lat="38.2545686" lon="-85.6807273"/>
  <node id="7156707185" lat="38.2545737" lon="-85.6808982"/>
  <node id="7156707186" lat="38.2545577" lon="-85.6808992">
    <tag k="crossing" v="no"/>
    <tag k="noexit" v="yes"/>
  </node>
  <node id="7156707187" lat="38.2546048" lon="-85.6808963"/>
  <node id="7156707188" lat="38.2543932" lon="-85.6793824">
    <tag k="crossing" v="unmarked"/>
    <tag k="highway" v="crossing"/>
    <tag k="kerb" v="flush"/>
    <tag k="tactile_paving" v="yes"/>
  </node>
  <node id="7156819265" lat="38.2543961" lon="-85.6795248"/>
  <node id="7156819266" lat="38.2543869" lon="-85.6795142"/>
  <node id="7156819267" lat="38.2543756" lon="-85.6795015"/>
  <node id="7156819268" lat="38.2543604" lon="-85.6794893"/>
  <node id="7156819269" lat="38.2542488" lon="-85.6793908"/>
  <node id="7156819270" lat="38.2537601" lon="-85.6789619">
    <tag k="crossing" v="unmarked"/>
    <tag k="highway" v="crossing"/>
  </node>
  <node id="7156819271" lat="38.2534652" lon="-85.6787466"/>
  <node id="7156819272" lat="38.2527278" lon="-85.6781381"/>
  <node id="7238024415" lat="38.2658281" lon="-85.6781849"/>
  <node id="7238024416" lat="38.2658834" lon="-85.6781150"/>
  <node id="7238024417" lat="38.2659300" lon="-85.6780805"/>
  <node id="7238024418" lat="38.2659747" lon="-85.6780580"/>
  <node id="7238024419" lat="38.2663154" lon="-85.6780080"/>
  <node id="7238024420" lat="38.2657656" lon="-85.6781405"/>
  <node id="7238024421" lat="38.2659762" lon="-85.6776911"/>
  <node id="7238024422" lat="38.2659595" lon="-85.6776424"/>
  <node id="7238096164" lat="38.2564341" lon="-85.6852338"/>
  <node id="7238096172" lat="38.2548719" lon="-85.6849397"/>
  <node id="7238096173" lat="38.2565245" lon="-85.6837000"/>
  <node id="7238096174" lat="38.2564118" lon="-85.6837020"/>
  <node id="7238096175" lat="38.2560868" lon="-85.6837058"/>
  <node id="7238096176" lat="38.2558169" lon="-85.6837153"/>
  <node id="7238096177" lat="38.2556052" lon="-85.6837105"/>
  <node id="7238096178" lat="38.2553629" lon="-85.6837086"/>
  <node id="7238096179" lat="38.2551027" lon="-85.6837048"/>
  <node id="7238096180" lat="38.2549760" lon="-85.6837209"/>
  <node id="7238096181" lat="38.2548336" lon="-85.6837218"/>
  <node id="7242795350" lat="38.2503033" lon="-85.6715661"/>
  <node id="7242795352" lat="38.2503976" lon="-85.6716402"/>
  <node id="7242795357" lat="38.2517459" lon="-85.6686288">
    <tag k="crossing" v="uncontrolled"/>
    <tag k="highway" v="crossing"/>
  </node>
  <node id="7242795366" lat="38.2533759" lon="-85.6698599"/>
  <node id="7242795367" lat="38.2537693" lon="-85.6701683"/>
  <node id="7242795368" lat="38.2539325" lon="-85.6703024"/>
  <node id="7242795369" lat="38.2539483" lon="-85.6703145"/>
  <node id="7242795370" lat="38.2539641" lon="-85.6703172"/>
  <node id="7242795372" lat="38.2539818" lon="-85.6703105"/>
  <node id="7242795373" lat="38.2523810" lon="-85.6692489"/>
  <node id="7242795374" lat="38.2542473" lon="-85.6746992"/>
  <node id="7242795375" lat="38.2542494" lon="-85.6747911">
    <tag k="crossing" v="unmarked"/>
    <tag k="highway" v="crossing"/>
    <tag k="kerb" v="flush"/>
    <tag k="tactile_paving" v="yes"/>
  </node>
  <node id="7242795376" lat="38.2542506" lon="-85.6748769"/>
  <node id="7242795377" lat="38.2542792" lon="-85.6756348"/>
  <node id="7242795378" lat="38.2542805" lon="-85.6756640">
    <tag k="crossing" v="unmarked"/>
    <tag k="highway" v="crossing"/>
    <tag k="kerb" v="lowered"/>
  </node>
  <node id="7242795379" lat="38.2542815" lon="-85.6757307"/>
  <node id="7242795380" lat="38.2542985" lon="-85.6762333"/>
  <node id="7242795381" lat="38.2543016" lon="-85.6763136">
    <tag k="crossing" v="unmarked"/>
    <tag k="highway" v="crossing"/>
    <tag k="kerb" v="flush"/>
    <tag k="tactile_paving" v="yes"/>
  </node>
  <node id="7242795382" lat="38.2543027" lon="-85.6763911"/>
  <node id="7242795383" lat="38.2543228" lon="-85.6768471">
    <tag k="crossing" v="unmarked"/>
    <tag k="highway" v="crossing"/>
    <tag k="kerb" v="lowered"/>
    <tag k="tactile_paving" v="no"/>
  </node>
  <node id="7242795384" lat="38.2543586" lon="-85.6780687"/>
  <node id="7242837585" lat="38.2543617" lon="-85.6781690">
    <tag k="crossing" v="unmarked"/>
    <tag k="highway" v="crossing"/>
    <tag k="kerb" v="flush"/>
    <tag k="tactile_paving" v="yes"/>
  </node>
  <node id="7242837586" lat="38.2543635" lon="-85.6782696"/>
  <node id="7242837587" lat="38.2543919" lon="-85.6793063"/>
  <node id="7242939721" lat="38.2490828" lon="-85.6705829"/>
  <node id="7242939722" lat="38.2503420" lon="-85.6715968">
    <tag k="highway" v="crossing"/>
  </node>
  <node id="7242939723" lat="38.2509745" lon="-85.6721015">
    <tag k="highway" v="crossing"/>
  </node>
  <node id="7242939724" lat="38.2519792" lon="-85.6728953">
    <tag k="highway" v="crossing"/>
  </node>
  <node id="7242939725" lat="38.2539488" lon="-85.6744672"/>
  <node id="7242939726" lat="38.2490563" lon="-85.6707457"/>
  <node id="7242939727" lat="38.2519117" lon="-85.6730253">
    <tag k="highway" v="crossing"/>
  </node>
  <node id="7242939728" lat="38.2535991" lon="-85.6743795">
    <tag k="highway" v="crossing"/>
  </node>
  <node id="7242939729" lat="38.2530777" lon="-85.6754330"/>
  <node id="7242939730" lat="38.2540963" lon="-85.6762455"/>
  <node id="7242939731" lat="38.2531482" lon="-85.6752999"/>
  <node id="7242939732" lat="38.2524176" lon="-85.6766979"/>
  <node id="7242939733" lat="38.2542429" lon="-85.6782384"/>
  <node id="7242939734" lat="38.2542532" lon="-85.6782463"/>
  <node id="7242939735" lat="38.2542639" lon="-85.6782574"/>
  <node id="7242939736" lat="38.2542741" lon="-85.6782706"/>
  <node id="7242939737" lat="38.2542820" lon="-85.6782818"/>
  <node id="7242939738" lat="38.2542914" lon="-85.6782959"/>
  <node id="7242939739" lat="38.2543016" lon="-85.6783107"/>
  <node id="7242939740" lat="38.2543132" lon="-85.6783253"/>
  <node id="7242939741" lat="38.2543223" lon="-85.6783336"/>
  <node id="7242939742" lat="38.2543332" lon="-85.6783390"/>
  <node id="7242939743" lat="38.2543471" lon="-85.6783454"/>
  <node id="7242939744" lat="38.2543586" lon="-85.6783499"/>
  <node id="7242939745" lat="38.2543657" lon="-85.6783512"/>
  <node id="7242939746" lat="38.2525122" lon="-85.6765154"/>
  <node id="7242939747" lat="38.2543576" lon="-85.6780393"/>
  <node id="7243000031" lat="38.2519474" lon="-85.6701364"/>
  <node id="7243000032" lat="38.2519245" lon="-85.6702964"/>
  <node id="7243000033" lat="38.2514744" lon="-85.6710934"/>
  <node id="7243000034" lat="38.2541966" lon="-85.6732610"/>
  <node id="7243000035" lat="38.2513938" lon="-85.6712561"/>
  <node id="7243000036" lat="38.2542103" lon="-85.6734993"/>
  <node id="7243113444" lat="38.2463524" lon="-85.6643581">
    <tag k="highway" v="crossing"/>
  </node>
  <node id="7243176113" lat="38.2381358" lon="-85.6593160">
    <tag k="button_operated" v="yes"/>
    <tag k="crossing" v="traffic_signals"/>
    <tag k="highway" v="crossing"/>
  </node>
  <node id="7246679324" lat="38.2662456" lon="-85.6709198"/>
  <node id="7246679325" lat="38.2660460" lon="-85.6713100"/>
  <node id="7290204499" lat="38.2458013" lon="-85.6639294"/>
  <node id="7328047912" lat="38.2588801" lon="-85.6657055"/>
  <node id="7390749122" lat="38.2609771" lon="-85.6841322">
    <tag k="direction" v="forward"/>
    <tag k="highway" v="stop"/>
    <tag k="stop" v="minor"/>
  </node>
  <node id="7390749123" lat="38.2590916" lon="-85.6790860"/>
  <node id="7390749124" lat="38.2591528" lon="-85.6791044"/>
  <node id="7390749125" lat="38.2590917" lon="-85.6802996">
    <tag k="crossing" v="uncontrolled"/>
    <tag k="highway" v="crossing"/>
  </node>
  <node id="7390749126" lat="38.2591049" lon="-85.6803840">
    <tag k="crossing" v="uncontrolled"/>
    <tag k="highway" v="crossing"/>
  </node>
  <node id="7390749127" lat="38.2561478" lon="-85.6808047"/>
  <node id="7390749128" lat="38.2561925" lon="-85.6808017"/>
  <node id="7390749129" lat="38.2561699" lon="-85.6808033">
    <tag k="crossing" v="unmarked"/>
    <tag k="highway" v="crossing"/>
  </node>
  <node id="7390749130" lat="38.2561803" lon="-85.6810299">
    <tag k="access" v="private"/>
    <tag k="barrier" v="gate"/>
  </node>
  <node id="7390749131" lat="38.2561792" lon="-85.6810054"/>
  <node id="7390749132" lat="38.2561656" lon="-85.6807088"/>
  <node id="7390749133" lat="38.2561809" lon="-85.6810433"/>
  <node id="7390749134" lat="38.2545685" lon="-85.6808178">
    <tag k="direction" v="backward"/>
    <tag k="highway" v="stop"/>
  </node>
  <node id="7390749135" lat="38.2590106" lon="-85.6815806">
    <tag k="crossing" v="unmarked"/>
    <tag k="highway" v="crossing"/>
  </node>
  <node id="7390749136" lat="38.2607059" lon="-85.6838192"/>
  <node id="7390749137" lat="38.2606413" lon="-85.6837676"/>
  <node id="7390749138" lat="38.2606727" lon="-85.6837926">
    <tag k="crossing" v="unmarked"/>
    <tag k="highway" v="crossing"/>
  </node>
  <node id="7390749139" lat="38.2593507" lon="-85.6827378"/>
  <node id="7390749140" lat="38.2593086" lon="-85.6826989"/>
  <node id="7390749141" lat="38.2592741" lon="-85.6826540"/>
  <node id="7390749142" lat="38.2592491" lon="-85.6826131"/>
  <node id="7390749143" lat="38.2592296" lon="-85.6825648"/>
  <node id="7390749144" lat="38.2592059" lon="-85.6824730"/>
  <node id="7390749145" lat="38.2592017" lon="-85.6795735"/>
  <node id="7390749146" lat="38.2592622" lon="-85.6795886"/>
  <node id="7390749147" lat="38.2587544" lon="-85.6784875"/>
  <node id="7390749148" lat="38.2587117" lon="-85.6784743"/>
  <node id="7390749149" lat="38.2547192" lon="-85.6779782"/>
  <node id="7390749150" lat="38.2586604" lon="-85.6777087"/>
  <node id="7390749151" lat="38.2589121" lon="-85.6779259"/>
  <node id="7390749152" lat="38.2588700" lon="-85.6780259"/>
  <node id="7390749153" lat="38.2588626" lon="-85.6780822"/>
  <node id="7390749154" lat="38.2588110" lon="-85.6781378"/>
  <node id="7390749155" lat="38.2587673" lon="-85.6780802"/>
  <node id="7390749156" lat="38.2587325" lon="-85.6780500"/>
  <node id="7390749157" lat="38.2586878" lon="-85.6780299"/>
  <node id="7390749158" lat="38.2586251" lon="-85.6780111"/>
  <node id="7390749159" lat="38.2585672" lon="-85.6780078"/>
  <node id="7390749160" lat="38.2585172" lon="-85.6780098"/>
  <node id="7390749161" lat="38.2584877" lon="-85.6780171"/>
  <node id="7390749162" lat="38.2589142" lon="-85.6799792"/>
  <node id="7390749163" lat="38.2589163" lon="-85.6799973"/>
  <node id="7390749164" lat="38.2589147" lon="-85.6800187"/>
  <node id="7390749166" lat="38.2589042" lon="-85.6800556"/>
  <node id="7390749167" lat="38.2588958" lon="-85.6800650"/>
  <node id="7390749168" lat="38.2588852" lon="-85.6800744"/>
  <node id="7390749169" lat="38.2588726" lon="-85.6800811"/>
  <node id="7390749170" lat="38.2548298" lon="-85.6807239">
    <tag k="access" v="permissive"/>
    <tag k="barrier" v="gate"/>
    <tag k="foot" v="yes"/>
  </node>
  <node id="7390749171" lat="38.2548319" lon="-85.6808055">
    <tag k="access" v="permissive"/>
    <tag k="barrier" v="gate"/>
    <tag k="bicycle" v="yes"/>
    <tag k="motorcar" v="yes"/>
    <tag k="motorcycle" v="yes"/>
  </node>
  <node id="7390749172" lat="38.2548341" lon="-85.6808931">
    <tag k="access" v="permissive"/>
    <tag k="barrier" v="gate"/>
    <tag k="bicycle" v="no"/>
    <tag k="foot" v="yes"/>
    <tag k="motorcar" v="no"/>
    <tag k="motorcycle" v="no"/>
  </node>
  <node id="7390749173" lat="38.2586017" lon="-85.6805307">
    <tag k="access" v="permissive"/>
    <tag k="barrier" v="gate"/>
    <tag k="bicycle" v="yes"/>
    <tag k="motorcar" v="yes"/>
    <tag k="motorcycle" v="yes"/>
  </node>
  <node id="7390749174" lat="38.2586073" lon="-85.6806398">
    <tag k="access" v="permissive"/>
    <tag k="barrier" v="gate"/>
    <tag k="foot" v="yes"/>
  </node>
  <node id="7390749175" lat="38.2585985" lon="-85.6804680">
    <tag k="access" v="permissive"/>
    <tag k="barrier" v="gate"/>
    <tag k="foot" v="yes"/>
  </node>
  <node id="7390749176" lat="38.2586088" lon="-85.6806674"/>
  <node id="7390749177" lat="38.2585798" lon="-85.6801044"/>
  <node id="7390749178" lat="38.2568705" lon="-85.6802216">
    <tag k="access" v="permissive"/>
    <tag k="access:conditional" v="no @ (dusk-dawn)"/>
    <tag k="barrier" v="gate"/>
    <tag k="foot" v="yes"/>
  </node>
  <node id="7390749179" lat="38.2588610" lon="-85.6800851"/>
  <node id="7390749180" lat="38.2550278" lon="-85.6803480"/>
  <node id="7390749181" lat="38.2550025" lon="-85.6803574"/>
  <node id="7390749182" lat="38.2549939" lon="-85.6808821">
    <tag k="crossing" v="unmarked"/>
    <tag k="highway" v="crossing"/>
  </node>
  <node id="7390749183" lat="38.2549587" lon="-85.6809898">
    <tag k="access" v="private"/>
    <tag k="barrier" v="gate"/>
  </node>
  <node id="7390749184" lat="38.2550235" lon="-85.6807916"/>
  <node id="7390752685" lat="38.2549414" lon="-85.6810427"/>
  <node id="7390752686" lat="38.2547819" lon="-85.6805632"/>
  <node id="7390752687" lat="38.2548261" lon="-85.6805780"/>
  <node id="7390752688" lat="38.2589738" lon="-85.6806204"/>
  <node id="7390752689" lat="38.2588147" lon="-85.6806169"/>
  <node id="7390752690" lat="38.2588563" lon="-85.6806082"/>
  <node id="7390752691" lat="38.2588679" lon="-85.6806189"/>
  <node id="7390752692" lat="38.2591127" lon="-85.6804345"/>
  <node id="7390752693" lat="38.2591001" lon="-85.6805149"/>
  <node id="7390752694" lat="38.2590668" lon="-85.6805335"/>
  <node id="7390752695" lat="38.2590627" lon="-85.6805179"/>
  <node id="7390752696" lat="38.2590799" lon="-85.6805832"/>
  <node id="7390752697" lat="38.2589399" lon="-85.6805776"/>
  <node id="7390752698" lat="38.2589536" lon="-85.6806275"/>
  <node id="7390752699" lat="38.2589988" lon="-85.6805490"/>
  <node id="7390752700" lat="38.2590153" lon="-85.6806058"/>
  <node id="7390752701" lat="38.2589884" lon="-85.6786361"/>
  <node id="7390752702" lat="38.2590527" lon="-85.6786615"/>
  <node id="7390752703" lat="38.2593539" lon="-85.6799939"/>
  <node id="7390752704" lat="38.2593454" lon="-85.6800489"/>
  <node id="7390752705" lat="38.2593212" lon="-85.6801227"/>
  <node id="7390752706" lat="38.2593107" lon="-85.6801535"/>
  <node id="7390752707" lat="38.2593033" lon="-85.6801978"/>
  <node id="7390752708" lat="38.2592928" lon="-85.6802373"/>
  <node id="7390752709" lat="38.2592796" lon="-85.6802762"/>
  <node id="7390752710" lat="38.2592654" lon="-85.6803098"/>
  <node id="7390752711" lat="38.2592496" lon="-85.6803413"/>
  <node id="7390752712" lat="38.2592338" lon="-85.6803661"/>
  <node id="7390752713" lat="38.2592106" lon="-85.6803963"/>
  <node id="7390752714" lat="38.2592259" lon="-85.6804439"/>
  <node id="7390752715" lat="38.2591790" lon="-85.6805485"/>
  <node id="7390752716" lat="38.2588747" lon="-85.6806551"/>
  <node id="7390752717" lat="38.2588568" lon="-85.6806564"/>
  <node id="7390752718" lat="38.2588357" lon="-85.6806437"/>
  <node id="7390752719" lat="38.2588131" lon="-85.6806417"/>
  <node id="7390752720" lat="38.2587347" lon="-85.6806332">
    <tag k="crossing" v="unmarked"/>
    <tag k="highway" v="crossing"/>
  </node>
  <node id="7390752721" lat="38.2588088" lon="-85.6804463">
    <tag k="crossing" v="unmarked"/>
    <tag k="highway" v="crossing"/>
  </node>
  <node id="7390752722" lat="38.2588010" lon="-85.6805436">
    <tag k="crossing" v="unmarked"/>
    <tag k="highway" v="crossing"/>
  </node>
  <node id="7390752723" lat="38.2587968" lon="-85.6805954"/>
  <node id="7390752724" lat="38.2588026" lon="-85.6806303"/>
  <node id="7390752726" lat="38.2587241" lon="-85.6783947"/>
  <node id="7390752727" lat="38.2587036" lon="-85.6785268"/>
  <node id="7390752728" lat="38.2590837" lon="-85.6802481"/>
  <node id="7390752729" lat="38.2586392" lon="-85.6805268">
    <tag k="crossing" v="unmarked"/>
    <tag k="highway" v="crossing"/>
  </node>
  <node id="7390752730" lat="38.2588142" lon="-85.6803802"/>
  <node id="7390752731" lat="38.2587078" lon="-85.6808422"/>
  <node id="7390752732" lat="38.2568798" lon="-85.6805612"/>
  <node id="7390752733" lat="38.2568708" lon="-85.6802341"/>
  <node id="7390752734" lat="38.2568728" lon="-85.6803078"/>
  <node id="7390752735" lat="38.2568768" lon="-85.6804534"/>
  <node id="7390752736" lat="38.2568804" lon="-85.6805847"/>
  <node id="7390752737" lat="38.2586278" lon="-85.6804660"/>
  <node id="7390752738" lat="38.2551293" lon="-85.6808730"/>
  <node id="7390752739" lat="38.2586599" lon="-85.6806363"/>
  <node id="7390752740" lat="38.2547792" lon="-85.6808094">
    <tag k="crossing" v="unmarked"/>
    <tag k="highway" v="crossing"/>
  </node>
  <node id="7390752741" lat="38.2547771" lon="-85.6807275"/>
  <node id="7390752742" lat="38.2547814" lon="-85.6808967"/>
  <node id="7390752743" lat="38.2549193" lon="-85.6808871"/>
  <node id="7390752744" lat="38.2545691" lon="-85.6807449"/>
  <node id="7390752745" lat="38.2547256" lon="-85.6808987">
    <tag k="crossing" v="unmarked"/>
    <tag k="crossing:barrier" v="yes"/>
    <tag k="crossing:bell" v="yes"/>
    <tag k="crossing:light" v="yes"/>
    <tag k="railway" v="crossing"/>
  </node>
  <node id="7390752746" lat="38.2546492" lon="-85.6808972">
    <tag k="crossing" v="unmarked"/>
    <tag k="crossing:barrier" v="yes"/>
    <tag k="crossing:bell" v="yes"/>
    <tag k="crossing:light" v="yes"/>
    <tag k="railway" v="crossing"/>
  </node>
  <node id="7390752747" lat="38.2547466" lon="-85.6808992"/>
  <node id="7390783720" lat="38.2599884" lon="-85.6833358">
    <tag k="traffic_calming" v="hump"/>
  </node>
  <node id="7390783721" lat="38.2590554" lon="-85.6821329">
    <tag k="traffic_calming" v="hump"/>
  </node>
  <node id="7390783722" lat="38.2576506" lon="-85.6806010">
    <tag k="traffic_calming" v="hump"/>
  </node>
  <node id="7390783723" lat="38.2558965" lon="-85.6807283">
    <tag k="traffic_calming" v="hump"/>
  </node>
  <node id="7391292185" lat="38.2544875" lon="-85.6834983"/>
  <node id="7393266065" lat="38.2542329" lon="-85.6834462"/>
  <node id="7393266066" lat="38.2542161" lon="-85.6834620"/>
  <node id="7393266067" lat="38.2542053" lon="-85.6834847"/>
  <node id="7393266068" lat="38.2542021" lon="-85.6835110"/>
  <node id="7393266069" lat="38.2542071" lon="-85.6835368"/>
  <node id="7393266070" lat="38.2542194" lon="-85.6835582"/>
  <node id="7393266071" lat="38.2542373" lon="-85.6835720"/>
  <node id="7393266072" lat="38.2542782" lon="-85.6835697"/>
  <node id="7393266073" lat="38.2542950" lon="-85.6835539"/>
  <node id="7393266074" lat="38.2543058" lon="-85.6835312"/>
  <node id="7393266075" lat="38.2543090" lon="-85.6835049"/>
  <node id="7393266076" lat="38.2543040" lon="-85.6834791"/>
  <node id="7393266077" lat="38.2542917" lon="-85.6834577"/>
  <node id="7393266078" lat="38.2542738" lon="-85.6834439"/>
  <node id="7393266079" lat="38.2542532" lon="-85.6834399"/>
  <node id="7393266080" lat="38.2542579" lon="-85.6835760"/>
  <node id="7396217215" lat="38.2545594" lon="-85.6832099">
    <tag k="bus" v="yes"/>
    <tag k="highway" v="bus_stop"/>
    <tag k="name" v="Frankfort / Pennsylvania"/>
    <tag k="network" v="Transit Authority of River City"/>
    <tag k="operator" v="Transit Authority of River City"/>
    <tag k="public_transport" v="stop_position"/>
  </node>
  <node id="7396217216" lat="38.2545529" lon="-85.6829553">
    <tag k="bus" v="yes"/>
    <tag k="highway" v="bus_stop"/>
    <tag k="name" v="Frankfort / Pennsylvania"/>
    <tag k="network" v="Transit Authority of River City"/>
    <tag k="operator" v="Transit Authority of River City"/>
    <tag k="public_transport" v="stop_position"/>
  </node>
  <node id="7396217221" lat="38.2544921" lon="-85.6806692">
    <tag k="bus" v="yes"/>
    <tag k="highway" v="bus_stop"/>
    <tag k="name" v="Frankfort / Reservoir"/>
    <tag k="network" v="Transit Authority of River City"/>
    <tag k="operator" v="Transit Authority of River City"/>
    <tag k="public_transport" v="stop_position"/>
  </node>
  <node id="7396217222" lat="38.2546008" lon="-85.6850097">
    <tag k="bus" v="yes"/>
    <tag k="highway" v="bus_stop"/>
    <tag k="name" v="Frankfort / Stilz"/>
    <tag k="network" v="Transit Authority of River City"/>
    <tag k="operator" v="Transit Authority of River City"/>
    <tag k="public_transport" v="stop_position"/>
  </node>
  <node id="7396217240" lat="38.2544844" lon="-85.6832039">
    <tag k="bin" v="yes"/>
    <tag k="highway" v="platform"/>
    <tag k="name" v="Frankfort / Pennsylvania"/>
    <tag k="public_transport" v="platform"/>
    <tag k="ref" v="7940"/>
  </node>
  <node id="7396217241" lat="38.2546231" lon="-85.6829122">
    <tag k="bench" v="yes"/>
    <tag k="highway" v="platform"/>
    <tag k="name" v="Frankfort / Pennsylvania"/>
    <tag k="public_transport" v="platform"/>
    <tag k="ref" v="9475"/>
  </node>
  <node id="7396217242" lat="38.2544180" lon="-85.6807218">
    <tag k="highway" v="platform"/>
    <tag k="name" v="Frankfort / Reservoir"/>
    <tag k="public_transport" v="platform"/>
    <tag k="ref" v="7945"/>
  </node>
  <node id="7396217243" lat="38.2545552" lon="-85.6806303">
    <tag k="bench" v="yes"/>
    <tag k="bin" v="yes"/>
    <tag k="highway" v="platform"/>
    <tag k="name" v="Frankfort / Reservoir"/>
    <tag k="public_transport" v="platform"/>
    <tag k="ref" v="9470"/>
  </node>
  <node id="7406620911" lat="38.2591098" lon="-85.6823874"/>
  <node id="7406620912" lat="38.2590768" lon="-85.6822332"/>
  <node id="7406620913" lat="38.2587428" lon="-85.6806710"/>
  <node id="7406620914" lat="38.2587757" lon="-85.6808250"/>
  <node id="7406620915" lat="38.2567401" lon="-85.6806671"/>
  <node id="7406620916" lat="38.2566294" lon="-85.6806751"/>
  <node id="7406620917" lat="38.2584608" lon="-85.6805422"/>
  <node id="7406620918" lat="38.2563346" lon="-85.6806965"/>
  <node id="7409226913" lat="38.2562233" lon="-85.6868928">
    <tag k="crossing" v="unmarked"/>
    <tag k="highway" v="crossing"/>
    <tag k="kerb" v="lowered"/>
  </node>
  <node id="7412620949" lat="38.2545802" lon="-85.6841936">
    <tag k="bus" v="yes"/>
    <tag k="highway" v="bus_stop"/>
    <tag k="name" v="Frankfort / Hillcrest"/>
    <tag k="network" v="Transit Authority of River City"/>
    <tag k="operator" v="Transit Authority of River City"/>
    <tag k="public_transport" v="stop_position"/>
  </node>
  <node id="7412620950" lat="38.2546665" lon="-85.6842144">
    <tag k="bench" v="yes"/>
    <tag k="bin" v="yes"/>
    <tag k="highway" v="platform"/>
    <tag k="name" v="Frankfort / Hillcrest"/>
    <tag k="public_transport" v="platform"/>
    <tag k="ref" v="9480"/>
  </node>
  <node id="7412620955" lat="38.2582211" lon="-85.6847751">
    <tag k="crossing" v="unmarked"/>
    <tag k="highway" v="crossing"/>
    <tag k="kerb" v="flush"/>
    <tag k="tactile_paving" v="yes"/>
  </node>
  <node id="7412620956" lat="38.2581342" lon="-85.6846717"/>
  <node id="7412620958" lat="38.2582224" lon="-85.6847042"/>
  <node id="7412620961" lat="38.2581758" lon="-85.6846593">
    <tag k="direction" v="backward"/>
    <tag k="highway" v="stop"/>
  </node>
  <node id="7412620962" lat="38.2581504" lon="-85.6848635">
    <tag k="direction" v="forward"/>
    <tag k="highway" v="stop"/>
  </node>
  <node id="7412620964" lat="38.2564861" lon="-85.6843820">
    <tag k="direction" v="backward"/>
    <tag k="highway" v="stop"/>
  </node>
  <node id="7412620965" lat="38.2564744" lon="-85.6845857">
    <tag k="direction" v="forward"/>
    <tag k="highway" v="stop"/>
  </node>
  <node id="7412620966" lat="38.2565450" lon="-85.6844712">
    <tag k="crossing" v="unmarked"/>
    <tag k="highway" v="crossing"/>
    <tag k="kerb" v="flush"/>
    <tag k="tactile_paving" v="yes"/>
  </node>
  <node id="7412620967" lat="38.2565497" lon="-85.6844080"/>
  <node id="7412620968" lat="38.2565380" lon="-85.6845642"/>
  <node id="7412620969" lat="38.2564422" lon="-85.6843979"/>
  <node id="7412620970" lat="38.2564377" lon="-85.6845547"/>
  <node id="7412620972" lat="38.2549173" lon="-85.6843164">
    <tag k="traffic_sign:backward" v="US:R10-6a"/>
  </node>
  <node id="7412620975" lat="38.2581531" lon="-85.6848420">
    <tag k="crossing" v="unmarked"/>
    <tag k="highway" v="crossing"/>
    <tag k="kerb" v="flush"/>
    <tag k="tactile_paving" v="yes"/>
  </node>
  <node id="7412620976" lat="38.2581726" lon="-85.6846858">
    <tag k="crossing" v="unmarked"/>
    <tag k="highway" v="crossing"/>
    <tag k="kerb" v="flush"/>
    <tag k="tactile_paving" v="yes"/>
  </node>
  <node id="7412620977" lat="38.2564759" lon="-85.6845583">
    <tag k="crossing" v="unmarked"/>
    <tag k="highway" v="crossing"/>
    <tag k="kerb" v="flush"/>
    <tag k="tactile_paving" v="yes"/>
  </node>
  <node id="7412620978" lat="38.2564849" lon="-85.6844019">
    <tag k="crossing" v="unmarked"/>
    <tag k="highway" v="crossing"/>
    <tag k="kerb" v="flush"/>
    <tag k="tactile_paving" v="yes"/>
  </node>
  <node id="7412620979" lat="38.2548483" lon="-85.6842477">
    <tag k="crossing" v="unmarked"/>
    <tag k="highway" v="crossing"/>
    <tag k="kerb" v="flush"/>
  </node>
  <node id="7412620980" lat="38.2548548" lon="-85.6843994">
    <tag k="crossing" v="unmarked"/>
    <tag k="highway" v="crossing"/>
    <tag k="kerb" v="flush"/>
  </node>
  <node id="7412620981" lat="38.2545121" lon="-85.6843491">
    <tag k="crossing" v="unmarked"/>
    <tag k="highway" v="crossing"/>
    <tag k="kerb" v="lowered"/>
    <tag k="tactile_paving" v="yes"/>
  </node>
  <node id="7412620982" lat="38.2548919" lon="-85.6842525"/>
  <node id="7412620983" lat="38.2547399" lon="-85.6842363">
    <tag k="crossing" v="traffic_signals"/>
    <tag k="crossing:barrier" v="half"/>
    <tag k="crossing:bell" v="yes"/>
    <tag k="crossing:light" v="yes"/>
    <tag k="railway" v="crossing"/>
  </node>
  <node id="7412620984" lat="38.2547435" lon="-85.6843869">
    <tag k="crossing" v="traffic_signals"/>
    <tag k="crossing:barrier" v="half"/>
    <tag k="crossing:bell" v="yes"/>
    <tag k="crossing:light" v="yes"/>
    <tag k="railway" v="crossing"/>
  </node>
  <node id="7412739885" lat="38.2547740" lon="-85.6843968"/>
  <node id="7412739886" lat="38.2546734" lon="-85.6843901"/>
  <node id="7412739887" lat="38.2547619" lon="-85.6843860"/>
  <node id="7412739888" lat="38.2547724" lon="-85.6843679"/>
  <node id="7412739889" lat="38.2548087" lon="-85.6843700"/>
  <node id="7412739890" lat="38.2548214" lon="-85.6843914"/>
  <node id="7412739891" lat="38.2546766" lon="-85.6842358"/>
  <node id="7412739892" lat="38.2546923" lon="-85.6842519"/>
  <node id="7412739893" lat="38.2547145" lon="-85.6842506"/>
  <node id="7412739894" lat="38.2547282" lon="-85.6842358"/>
  <node id="7412739895" lat="38.2547887" lon="-85.6842412"/>
  <node id="7412739904" lat="38.2579645" lon="-85.6846097"/>
  <node id="7412739905" lat="38.2577579" lon="-85.6845471"/>
  <node id="7412739906" lat="38.2575872" lon="-85.6845113"/>
  <node id="7412739907" lat="38.2573206" lon="-85.6844791"/>
  <node id="7412739908" lat="38.2565360" lon="-85.6844067"/>
  <node id="7412739918" lat="38.2581133" lon="-85.6848273"/>
  <node id="7412739919" lat="38.2579333" lon="-85.6847616"/>
  <node id="7412739920" lat="38.2575713" lon="-85.6846670"/>
  <node id="7412739921" lat="38.2573103" lon="-85.6846355"/>
  <node id="7412739922" lat="38.2565270" lon="-85.6845632"/>
  <node id="7412739923" lat="38.2577336" lon="-85.6847010"/>
  <node id="7412739924" lat="38.2548864" lon="-85.6844069"/>
  <node id="7412919725" lat="38.2584364" lon="-85.6833453"/>
  <node id="7412919726" lat="38.2585257" lon="-85.6834007"/>
  <node id="7412919728" lat="38.2565779" lon="-85.6831186"/>
  <node id="7412919729" lat="38.2565189" lon="-85.6831201">
    <tag k="crossing" v="unmarked"/>
    <tag k="highway" v="crossing"/>
    <tag k="kerb" v="lowered"/>
    <tag k="tactile_paving" v="yes"/>
  </node>
  <node id="7412919730" lat="38.2548709" lon="-85.6830652">
    <tag k="crossing" v="unmarked"/>
    <tag k="highway" v="crossing"/>
    <tag k="kerb" v="flush"/>
    <tag k="tactile_paving" v="yes"/>
  </node>
  <node id="7412919731" lat="38.2548719" lon="-85.6831601"/>
  <node id="7412919732" lat="38.2548703" lon="-85.6830042"/>
  <node id="7412919733" lat="38.2548338" lon="-85.6832045">
    <tag k="direction" v="backward"/>
    <tag k="highway" v="stop"/>
  </node>
  <node id="7412919734" lat="38.2548835" lon="-85.6830649">
    <tag k="direction" v="backward"/>
    <tag k="highway" v="stop"/>
  </node>
  <node id="7412919735" lat="38.2548338" lon="-85.6831611">
    <tag k="crossing" v="unmarked"/>
    <tag k="highway" v="crossing"/>
    <tag k="kerb" v="flush"/>
    <tag k="tactile_paving" v="yes"/>
  </node>
  <node id="7412919736" lat="38.2564732" lon="-85.6831212"/>
  <node id="7412919737" lat="38.2602883" lon="-85.6843161"/>
  <node id="7412919738" lat="38.2597615" lon="-85.6839901"/>
  <node id="7412919739" lat="38.2590706" lon="-85.6835622"/>
  <node id="7412919740" lat="38.2586199" lon="-85.6832846"/>
  <node id="7412919741" lat="38.2583721" lon="-85.6831315"/>
  <node id="7412919742" lat="38.2582534" lon="-85.6830594"/>
  <node id="7412919743" lat="38.2581291" lon="-85.6829961"/>
  <node id="7412919744" lat="38.2579373" lon="-85.6829451"/>
  <node id="7412919745" lat="38.2577000" lon="-85.6829309"/>
  <node id="7412919746" lat="38.2572542" lon="-85.6829430"/>
  <node id="7412919747" lat="38.2568496" lon="-85.6829551"/>
  <node id="7412919748" lat="38.2608918" lon="-85.6846889"/>
  <node id="7412919749" lat="38.2608380" lon="-85.6848331"/>
  <node id="7412919750" lat="38.2602342" lon="-85.6844571"/>
  <node id="7412919751" lat="38.2597077" lon="-85.6841312"/>
  <node id="7412919752" lat="38.2590169" lon="-85.6837034"/>
  <node id="7412919753" lat="38.2585662" lon="-85.6834258"/>
  <node id="7412919754" lat="38.2583187" lon="-85.6832729"/>
  <node id="7412919755" lat="38.2582039" lon="-85.6832032"/>
  <node id="7412919756" lat="38.2580933" lon="-85.6831469"/>
  <node id="7412919757" lat="38.2579217" lon="-85.6831013"/>
  <node id="7412919758" lat="38.2576984" lon="-85.6830879"/>
  <node id="7412919759" lat="38.2568523" lon="-85.6831120"/>
  <node id="7412919760" lat="38.2572569" lon="-85.6830999"/>
  <node id="7412919761" lat="38.2547094" lon="-85.6831652">
    <tag k="crossing" v="traffic_signals"/>
    <tag k="crossing:barrier" v="half"/>
    <tag k="crossing:bell" v="yes"/>
    <tag k="crossing:light" v="yes"/>
    <tag k="railway" v="crossing"/>
  </node>
  <node id="7412919762" lat="38.2547488" lon="-85.6831639">
    <tag k="crossing" v="traffic_signals"/>
    <tag k="crossing:barrier" v="half"/>
    <tag k="crossing:bell" v="yes"/>
    <tag k="crossing:light" v="yes"/>
    <tag k="railway" v="crossing"/>
  </node>
  <node id="7412919763" lat="38.2547571" lon="-85.6830157">
    <tag k="crossing" v="traffic_signals"/>
    <tag k="crossing:barrier" v="half"/>
    <tag k="crossing:bell" v="yes"/>
    <tag k="crossing:light" v="yes"/>
    <tag k="railway" v="crossing"/>
  </node>
  <node id="7412919764" lat="38.2547053" lon="-85.6830090">
    <tag k="crossing" v="traffic_signals"/>
    <tag k="crossing:barrier" v="half"/>
    <tag k="crossing:bell" v="yes"/>
    <tag k="crossing:light" v="yes"/>
    <tag k="railway" v="crossing"/>
  </node>
  <node id="7412919765" lat="38.2547950" lon="-85.6830060"/>
  <node id="7412919766" lat="38.2547961" lon="-85.6830235"/>
  <node id="7412919767" lat="38.2547287" lon="-85.6830101"/>
  <node id="7412919768" lat="38.2546708" lon="-85.6830074"/>
  <node id="7412919769" lat="38.2546350" lon="-85.6830074"/>
  <node id="7412919770" lat="38.2546371" lon="-85.6831683"/>
  <node id="7412919771" lat="38.2546529" lon="-85.6831643"/>
  <node id="7412919772" lat="38.2546802" lon="-85.6831589"/>
  <node id="7412919773" lat="38.2546971" lon="-85.6831656"/>
  <node id="7412919774" lat="38.2548150" lon="-85.6831616"/>
  <node id="7412919775" lat="38.2548645" lon="-85.6831603"/>
  <node id="7418421280" lat="38.2540529" lon="-85.6703533">
    <tag k="button_operated" v="yes"/>
    <tag k="crossing" v="traffic_signals"/>
    <tag k="highway" v="crossing"/>
    <tag k="kerb" v="lowered"/>
    <tag k="tactile_paving" v="yes"/>
  </node>
  <node id="7418421432" lat="38.2541061" lon="-85.6702477"/>
  <node id="7418421433" lat="38.2541178" lon="-85.6703937"/>
  <node id="7418421465" lat="38.2539190" lon="-85.6694529"/>
  <node id="7418421466" lat="38.2539273" lon="-85.6695627"/>
  <node id="7418421467" lat="38.2538827" lon="-85.6689681"/>
  <node id="7418421468" lat="38.2538754" lon="-85.6688708"/>
  <node id="7424283432" lat="38.2544134" lon="-85.6801811"/>
  <node id="7424283433" lat="38.2544158" lon="-85.6802708"/>
  <node id="7424283434" lat="38.2544146" lon="-85.6802244">
    <tag k="crossing" v="unmarked"/>
    <tag k="highway" v="crossing"/>
    <tag k="kerb" v="lowered"/>
  </node>
  <node id="7424283435" lat="38.2544804" lon="-85.6802233"/>
  <node id="7461419092" lat="38.2541789" lon="-85.6852291">
    <tag k="crossing" v="unmarked"/>
    <tag k="highway" v="crossing"/>
    <tag k="kerb" v="lowered"/>
    <tag k="tactile_paving" v="yes"/>
  </node>
  <node id="7488665027" lat="38.2607593" lon="-85.6852780"/>
  <node id="7488665028" lat="38.2605213" lon="-85.6851492"/>
  <node id="7488665029" lat="38.2601022" lon="-85.6849189"/>
  <node id="7488665030" lat="38.2596630" lon="-85.6846922"/>
  <node id="7488665031" lat="38.2592167" lon="-85.6844637"/>
  <node id="7488665032" lat="38.2586626" lon="-85.6841603"/>
  <node id="7488665033" lat="38.2582629" lon="-85.6839450"/>
  <node id="7496233389" lat="38.2543082" lon="-85.6853361"/>
  <node id="7496233397" lat="38.2545272" lon="-85.6855219"/>
  <node id="7496233398" lat="38.2543355" lon="-85.6853587"/>
  <node id="7496233399" lat="38.2544530" lon="-85.6854561"/>
  <node id="7496285895" lat="38.2542209" lon="-85.6843687">
    <tag k="barrier" v="gate"/>
  </node>
  <node id="7496651330" lat="38.2588712" lon="-85.6800085"/>
  <node id="7496651331" lat="38.2588648" lon="-85.6800223"/>
  <node id="7496651332" lat="38.2568292" lon="-85.6801656"/>
  <node id="7496651333" lat="38.2568400" lon="-85.6801404"/>
  <node id="7496651336" lat="38.2566584" lon="-85.6782965"/>
  <node id="7496651337" lat="38.2567625" lon="-85.6782914"/>
  <node id="7496651338" lat="38.2567870" lon="-85.6782903"/>
  <node id="7496651343" lat="38.2567867" lon="-85.6782820">
    <tag k="access" v="private"/>
    <tag k="barrier" v="gate"/>
  </node>
  <node id="7496651344" lat="38.2568508" lon="-85.6797653">
    <tag k="entrance" v="yes"/>
  </node>
  <node id="7496651345" lat="38.2567785" lon="-85.6780923"/>
  <node id="7496651346" lat="38.2568118" lon="-85.6782803"/>
  <node id="7496651347" lat="38.2568904" lon="-85.6800643"/>
  <node id="7496651348" lat="38.2568916" lon="-85.6801433"/>
  <node id="7496651349" lat="38.2568935" lon="-85.6801478"/>
  <node id="7496651350" lat="38.2568958" lon="-85.6801515"/>
  <node id="7496651351" lat="38.2568985" lon="-85.6801547"/>
  <node id="7496651352" lat="38.2569005" lon="-85.6801565"/>
  <node id="7496651353" lat="38.2569033" lon="-85.6801577"/>
  <node id="7496651354" lat="38.2569072" lon="-85.6801580"/>
  <node id="7496651355" lat="38.2569123" lon="-85.6801579"/>
  <node id="7496651356" lat="38.2588526" lon="-85.6800286"/>
  <node id="7496651357" lat="38.2588583" lon="-85.6800275"/>
  <node id="7496651358" lat="38.2588614" lon="-85.6800254"/>
  <node id="7496651359" lat="38.2588678" lon="-85.6800177"/>
  <node id="7496651360" lat="38.2588702" lon="-85.6800126"/>
  <node id="7496651361" lat="38.2588711" lon="-85.6800036"/>
  <node id="7496651362" lat="38.2588705" lon="-85.6799991"/>
  <node id="7496651363" lat="38.2588694" lon="-85.6799934"/>
  <node id="7496651364" lat="38.2584335" lon="-85.6780175"/>
  <node id="7496651365" lat="38.2584314" lon="-85.6780078"/>
  <node id="7496651366" lat="38.2584290" lon="-85.6780010"/>
  <node id="7496651367" lat="38.2584256" lon="-85.6779977"/>
  <node id="7496651368" lat="38.2584208" lon="-85.6779950"/>
  <node id="7496651369" lat="38.2584137" lon="-85.6779940"/>
  <node id="7496651370" lat="38.2584087" lon="-85.6779943"/>
  <node id="7496651371" lat="38.2568233" lon="-85.6780984"/>
  <node id="7496651372" lat="38.2568187" lon="-85.6780993"/>
  <node id="7496651373" lat="38.2568142" lon="-85.6781025"/>
  <node id="7496651374" lat="38.2568104" lon="-85.6781067"/>
  <node id="7496651375" lat="38.2568070" lon="-85.6781107"/>
  <node id="7496651376" lat="38.2568048" lon="-85.6781160"/>
  <node id="7496651377" lat="38.2568049" lon="-85.6781251"/>
  <node id="7496651378" lat="38.2568054" lon="-85.6781311"/>
  <node id="7496651379" lat="38.2568755" lon="-85.6797640"/>
  <node id="7496651380" lat="38.2568244" lon="-85.6797667"/>
  <node id="7496651381" lat="38.2567641" lon="-85.6782998"/>
  <node id="7496651382" lat="38.2567622" lon="-85.6782837"/>
  <node id="7496651383" lat="38.2567570" lon="-85.6781328"/>
  <node id="7496651384" lat="38.2567559" lon="-85.6781254"/>
  <node id="7496661785" lat="38.2567541" lon="-85.6781181"/>
  <node id="7496661786" lat="38.2567514" lon="-85.6781140"/>
  <node id="7496661787" lat="38.2567480" lon="-85.6781100"/>
  <node id="7496661788" lat="38.2567438" lon="-85.6781063"/>
  <node id="7496661789" lat="38.2567388" lon="-85.6781053"/>
  <node id="7496661790" lat="38.2549877" lon="-85.6782220"/>
  <node id="7496661791" lat="38.2549814" lon="-85.6782230"/>
  <node id="7496661792" lat="38.2549764" lon="-85.6782277"/>
  <node id="7496661793" lat="38.2549733" lon="-85.6782321"/>
  <node id="7496661794" lat="38.2549706" lon="-85.6782371"/>
  <node id="7496661795" lat="38.2549691" lon="-85.6782418"/>
  <node id="7496661796" lat="38.2549688" lon="-85.6782478"/>
  <node id="7496661797" lat="38.2550196" lon="-85.6802702"/>
  <node id="7496661798" lat="38.2550214" lon="-85.6802762"/>
  <node id="7496661799" lat="38.2550265" lon="-85.6802816"/>
  <node id="7496661800" lat="38.2550307" lon="-85.6802843"/>
  <node id="7496661801" lat="38.2550362" lon="-85.6802846"/>
  <node id="7496661802" lat="38.2568254" lon="-85.6801666"/>
  <node id="7496661803" lat="38.2568325" lon="-85.6801632"/>
  <node id="7496661804" lat="38.2568358" lon="-85.6801592"/>
  <node id="7496661805" lat="38.2568384" lon="-85.6801536"/>
  <node id="7496661806" lat="38.2568397" lon="-85.6801469"/>
  <node id="7496661807" lat="38.2568399" lon="-85.6801354"/>
  <node id="7496661808" lat="38.2568381" lon="-85.6800671"/>
  <node id="7496661809" lat="38.2589989" lon="-85.6823453">
    <tag k="access" v="private"/>
    <tag k="barrier" v="gate"/>
  </node>
  <node id="7496661810" lat="38.2590935" lon="-85.6823111"/>
  <node id="7496661811" lat="38.2590874" lon="-85.6827526"/>
  <node id="7496661812" lat="38.2585283" lon="-85.6823248"/>
  <node id="7496661813" lat="38.2579396" lon="-85.6823315"/>
  <node id="7496661814" lat="38.2572332" lon="-85.6823697"/>
  <node id="7496661815" lat="38.2572293" lon="-85.6820136"/>
  <node id="7496661816" lat="38.2571866" lon="-85.6809575"/>
  <node id="7496661817" lat="38.2568165" lon="-85.6809837"/>
  <node id="7496661818" lat="38.2565837" lon="-85.6809991"/>
  <node id="7519405531" lat="38.2539018" lon="-85.6843888"/>
  <node id="7519405538" lat="38.2533580" lon="-85.6823402"/>
  <node id="7519405539" lat="38.2533375" lon="-85.6814383"/>
  <node id="7519405540" lat="38.2537919" lon="-85.6814075"/>
  <node id="7519405547" lat="38.2537830" lon="-85.6795836"/>
  <node id="7519405548" lat="38.2539462" lon="-85.6791524"/>
  <node id="7519405549" lat="38.2539204" lon="-85.6791370"/>
  <node id="7519405550" lat="38.2535571" lon="-85.6788386"/>
  <node id="7519405551" lat="38.2520669" lon="-85.6789147"/>
  <node id="7519405552" lat="38.2520800" lon="-85.6796063"/>
  <node id="7519405553" lat="38.2511985" lon="-85.6795956"/>
  <node id="7519405554" lat="38.2511269" lon="-85.6797458"/>
  <node id="7519405555" lat="38.2507762" lon="-85.6807423"/>
  <node id="7519405556" lat="38.2507794" lon="-85.6807610"/>
  <node id="7519405557" lat="38.2507836" lon="-85.6807838"/>
  <node id="7519405558" lat="38.2508057" lon="-85.6808026"/>
  <node id="7519405559" lat="38.2510311" lon="-85.6809877"/>
  <node id="7519405560" lat="38.2506477" lon="-85.6820954"/>
  <node id="7519405561" lat="38.2525002" lon="-85.6836216"/>
  <node id="7519405562" lat="38.2544143" lon="-85.6813685"/>
  <node id="7519405563" lat="38.2544222" lon="-85.6818145"/>
  <node id="7519405564" lat="38.2544170" lon="-85.6818151"/>
  <node id="7519405565" lat="38.2544085" lon="-85.6818172"/>
  <node id="7519405566" lat="38.2544027" lon="-85.6818205"/>
  <node id="7519405567" lat="38.2543985" lon="-85.6818252"/>
  <node id="7519405568" lat="38.2543943" lon="-85.6818306"/>
  <node id="7519405569" lat="38.2543906" lon="-85.6818366"/>
  <node id="7519405570" lat="38.2543880" lon="-85.6818453"/>
  <node id="7519405571" lat="38.2543938" lon="-85.6820344"/>
  <node id="7519405572" lat="38.2543964" lon="-85.6820418"/>
  <node id="7519405573" lat="38.2544001" lon="-85.6820485"/>
  <node id="7519405574" lat="38.2544038" lon="-85.6820545"/>
  <node id="7519405575" lat="38.2544101" lon="-85.6820592"/>
  <node id="7519405576" lat="38.2544170" lon="-85.6820599"/>
  <node id="7519405577" lat="38.2544238" lon="-85.6820619"/>
  <node id="7519405578" lat="38.2544301" lon="-85.6820626"/>
  <node id="7519405583" lat="38.2533806" lon="-85.6832139"/>
  <node id="7519417607" lat="38.2533935" lon="-85.6837426"/>
  <node id="7519417616" lat="38.2531287" lon="-85.6841343"/>
  <node id="7519417618" lat="38.2534418" lon="-85.6830865"/>
  <node id="7519417619" lat="38.2534115" lon="-85.6830872"/>
  <node id="7519417620" lat="38.2534046" lon="-85.6830875"/>
  <node id="7519417621" lat="38.2533983" lon="-85.6830892"/>
  <node id="7519417622" lat="38.2533923" lon="-85.6830915"/>
  <node id="7519417623" lat="38.2533880" lon="-85.6830956"/>
  <node id="7519417624" lat="38.2533838" lon="-85.6831013"/>
  <node id="7519417625" lat="38.2533812" lon="-85.6831066"/>
  <node id="7519417626" lat="38.2533788" lon="-85.6831130"/>
  <node id="7519417627" lat="38.2533786" lon="-85.6831241"/>
  <node id="7519417639" lat="38.2539905" lon="-85.6839684"/>
  <node id="7519417640" lat="38.2539868" lon="-85.6839482"/>
  <node id="7519417641" lat="38.2539646" lon="-85.6833695"/>
  <node id="7519417642" lat="38.2539552" lon="-85.6831107"/>
  <node id="7519417643" lat="38.2539573" lon="-85.6830798"/>
  <node id="7519417644" lat="38.2539625" lon="-85.6830443"/>
  <node id="7519417645" lat="38.2539710" lon="-85.6830141"/>
  <node id="7519417646" lat="38.2542674" lon="-85.6829779"/>
  <node id="7519417647" lat="38.2543011" lon="-85.6829061"/>
  <node id="7519417648" lat="38.2544533" lon="-85.6829014"/>
  <node id="7519417649" lat="38.2533788" lon="-85.6831402"/>
  <node id="7519417650" lat="38.2534091" lon="-85.6843874"/>
  <node id="7519417651" lat="38.2544712" lon="-85.6852591"/>
  <node id="7519417652" lat="38.2542655" lon="-85.6850903"/>
  <node id="7519417653" lat="38.2544454" lon="-85.6847991"/>
  <node id="7519417654" lat="38.2544359" lon="-85.6844719"/>
  <node id="7519417655" lat="38.2544127" lon="-85.6844236"/>
  <node id="7519417656" lat="38.2542232" lon="-85.6844290"/>
  <node id="7519417657" lat="38.2542137" lon="-85.6841795"/>
  <node id="7519417658" lat="38.2541126" lon="-85.6841862"/>
  <node id="7524746572" lat="38.2607004" lon="-85.6852461">
    <tag k="crossing" v="unmarked"/>
    <tag k="highway" v="crossing"/>
  </node>
  <node id="7527280524" lat="38.2545743" lon="-85.6839160"/>
  <node id="7527280525" lat="38.2545308" lon="-85.6821303"/>
  <node id="7560068668" lat="38.2539383" lon="-85.6679783">
    <tag k="highway" v="bus_stop"/>
    <tag k="name" v="Frankfort @ Fairlawn"/>
    <tag k="network" v="TARC"/>
    <tag k="operator" v="Transit Authority of River City"/>
    <tag k="ref" v="9425"/>
  </node>
  <node id="7560068669" lat="38.2538285" lon="-85.6681788">
    <tag k="highway" v="bus_stop"/>
    <tag k="name" v="Frankfort @ Fairlawn"/>
    <tag k="network" v="TARC"/>
    <tag k="operator" v="Transit Authority of River City"/>
    <tag k="ref" v="7985"/>
  </node>
  <node id="7560068670" lat="38.2541273" lon="-85.6703219">
    <tag k="bench" v="yes"/>
    <tag k="bin" v="yes"/>
    <tag k="departures_board" v="timetable"/>
    <tag k="highway" v="bus_stop"/>
    <tag k="name" v="Frankfort @ Cannons"/>
    <tag k="network" v="TARC"/>
    <tag k="operator" v="Transit Authority of River City"/>
    <tag k="ref" v="9430"/>
    <tag k="shelter" v="yes"/>
  </node>
  <node id="7560068671" lat="38.2542416" lon="-85.6720345">
    <tag k="bin" v="yes"/>
    <tag k="highway" v="bus_stop"/>
    <tag k="name" v="Frankfort @ Weisser"/>
    <tag k="network" v="TARC"/>
    <tag k="operator" v="Transit Authority of River City"/>
    <tag k="ref" v="9435"/>
  </node>
  <node id="7560068672" lat="38.2541187" lon="-85.6720435">
    <tag k="highway" v="bus_stop"/>
    <tag k="name" v="Frankfort @ Weisser"/>
    <tag k="network" v="TARC"/>
    <tag k="operator" v="Transit Authority of River City"/>
    <tag k="ref" v="7975"/>
  </node>
  <node id="7560068673" lat="38.2543353" lon="-85.6732596">
    <tag k="bin" v="yes"/>
    <tag k="highway" v="bus_stop"/>
    <tag k="name" v="Frankfort @ Crestmoor"/>
    <tag k="network" v="TARC"/>
    <tag k="operator" v="Transit Authority of River City"/>
    <tag k="ref" v="9440"/>
  </node>
  <node id="7560068675" lat="38.2542158" lon="-85.6734990">
    <tag k="bin" v="yes"/>
    <tag k="highway" v="bus_stop"/>
    <tag k="name" v="Frankfort @ Crestmoor"/>
    <tag k="network" v="TARC"/>
    <tag k="operator" v="Transit Authority of River City"/>
    <tag k="ref" v="7970"/>
  </node>
  <node id="7560068676" lat="38.2539662" lon="-85.6699993">
    <tag k="highway" v="bus_stop"/>
    <tag k="name" v="Frankfort @ Cannons"/>
    <tag k="network" v="TARC"/>
    <tag k="operator" v="Transit Authority of River City"/>
    <tag k="ref" v="7980"/>
  </node>
  <node id="7560068677" lat="38.2542621" lon="-85.6749239">
    <tag k="bin" v="yes"/>
    <tag k="highway" v="bus_stop"/>
    <tag k="name" v="Frankfort @ McCready"/>
    <tag k="network" v="TARC"/>
    <tag k="operator" v="Transit Authority of River City"/>
    <tag k="ref" v="7965"/>
  </node>
  <node id="7560068679" lat="38.2544006" lon="-85.6753960">
    <tag k="bench" v="yes"/>
    <tag k="bin" v="yes"/>
    <tag k="highway" v="bus_stop"/>
    <tag k="name" v="Frankfort @ Blackburn"/>
    <tag k="network" v="TARC"/>
    <tag k="operator" v="Transit Authority of River City"/>
    <tag k="ref" v="9445"/>
  </node>
  <node id="7560068680" lat="38.2544554" lon="-85.6769768">
    <tag k="bin" v="yes"/>
    <tag k="highway" v="bus_stop"/>
    <tag k="name" v="Frankfort @ Claremont"/>
    <tag k="network" v="TARC"/>
    <tag k="operator" v="Transit Authority of River City"/>
    <tag k="ref" v="9455"/>
  </node>
  <node id="7560068681" lat="38.2543332" lon="-85.6770140">
    <tag k="highway" v="bus_stop"/>
    <tag k="name" v="Frankfort @ Claremont"/>
    <tag k="network" v="TARC"/>
    <tag k="operator" v="Transit Authority of River City"/>
    <tag k="ref" v="7960"/>
  </node>
  <node id="7560068682" lat="38.2544833" lon="-85.6779668">
    <tag k="highway" v="bus_stop"/>
    <tag k="name" v="Frankfort @ Eastover"/>
    <tag k="network" v="TARC"/>
    <tag k="operator" v="Transit Authority of River City"/>
    <tag k="ref" v="9460"/>
  </node>
  <node id="7560068683" lat="38.2543701" lon="-85.6783048">
    <tag k="highway" v="bus_stop"/>
    <tag k="name" v="Frankfort @ Eastover"/>
    <tag k="network" v="TARC"/>
    <tag k="operator" v="Transit Authority of River City"/>
    <tag k="ref" v="7955"/>
  </node>
  <node id="7560068684" lat="38.2545217" lon="-85.6794166">
    <tag k="highway" v="bus_stop"/>
    <tag k="name" v="Frankfort @ Sacred Heart"/>
    <tag k="network" v="TARC"/>
    <tag k="operator" v="Transit Authority of River City"/>
    <tag k="ref" v="9465"/>
  </node>
  <node id="7560079087" lat="38.2544027" lon="-85.6795339">
    <tag k="bench" v="yes"/>
    <tag k="bin" v="yes"/>
    <tag k="highway" v="bus_stop"/>
    <tag k="name" v="Frankfort @ Sacred Heart"/>
    <tag k="network" v="TARC"/>
    <tag k="operator" v="Transit Authority of River City"/>
    <tag k="ref" v="7950"/>
  </node>
  <node id="7614036627" lat="38.2588166" lon="-85.6662265">
    <tag k="traffic_calming" v="hump"/>
  </node>
  <node id="7614036628" lat="38.2577779" lon="-85.6682732">
    <tag k="traffic_calming" v="hump"/>
  </node>
  <node id="7614036629" lat="38.2562165" lon="-85.6681032">
    <tag k="traffic_calming" v="hump"/>
  </node>
  <node id="7614036634" lat="38.2541019" lon="-85.6653072">
    <tag k="traffic_calming" v="hump"/>
  </node>
  <node id="7614040044" lat="38.2551308" lon="-85.6672644"/>
  <node id="7614040046" lat="38.2546610" lon="-85.6668209"/>
  <node id="7614040110" lat="38.2541211" lon="-85.6664385">
    <tag k="traffic_calming" v="hump"/>
  </node>
  <node id="7614040111" lat="38.2544555" lon="-85.6667209">
    <tag k="traffic_calming" v="hump"/>
  </node>
  <node id="7614040112" lat="38.2554534" lon="-85.6675240">
    <tag k="traffic_calming" v="hump"/>
  </node>
  <node id="7614040124" lat="38.2540422" lon="-85.6658010"/>
  <node id="7618557878" lat="38.2588315" lon="-85.6658039">
    <tag k="crossing" v="uncontrolled"/>
    <tag k="highway" v="crossing"/>
  </node>
  <node id="7618557881" lat="38.2579947" lon="-85.6681375">
    <tag k="crossing" v="uncontrolled"/>
    <tag k="highway" v="crossing"/>
  </node>
  <node id="7618558006" lat="38.2561215" lon="-85.6678150">
    <tag k="crossing" v="uncontrolled"/>
    <tag k="highway" v="crossing"/>
  </node>
  <node id="7618558007" lat="38.2547581" lon="-85.6652362">
    <tag k="crossing" v="uncontrolled"/>
    <tag k="highway" v="crossing"/>
  </node>
  <node id="7618558110" lat="38.2575692" lon="-85.6680798"/>
  <node id="7618558111" lat="38.2576201" lon="-85.6680734"/>
  <node id="7618558316" lat="38.2567248" lon="-85.6678888"/>
  <node id="7618558317" lat="38.2566954" lon="-85.6678817"/>
  <node id="7618558318" lat="38.2566627" lon="-85.6678804"/>
  <node id="7618558319" lat="38.2566322" lon="-85.6678817"/>
  <node id="7618558320" lat="38.2565948" lon="-85.6678925"/>
  <node id="7618558321" lat="38.2565632" lon="-85.6679052"/>
  <node id="7618558322" lat="38.2565332" lon="-85.6679193"/>
  <node id="7618558323" lat="38.2565079" lon="-85.6679340"/>
  <node id="7618558324" lat="38.2564779" lon="-85.6679535"/>
  <node id="7618558325" lat="38.2565086" lon="-85.6675877"/>
  <node id="7618558326" lat="38.2564679" lon="-85.6675518"/>
  <node id="7618558327" lat="38.2564447" lon="-85.6675364"/>
  <node id="7618558328" lat="38.2564226" lon="-85.6675270"/>
  <node id="7618558329" lat="38.2563905" lon="-85.6675183"/>
  <node id="7618558330" lat="38.2576687" lon="-85.6679952"/>
  <node id="7618558331" lat="38.2577227" lon="-85.6679059"/>
  <node id="7618558332" lat="38.2577060" lon="-85.6680166"/>
  <node id="7618558333" lat="38.2576896" lon="-85.6680322"/>
  <node id="7618558334" lat="38.2576994" lon="-85.6680272"/>
  <node id="7618558335" lat="38.2577075" lon="-85.6680033"/>
  <node id="7618558336" lat="38.2577036" lon="-85.6679907"/>
  <node id="7618558337" lat="38.2576850" lon="-85.6679804"/>
  <node id="7618558338" lat="38.2576753" lon="-85.6679850"/>
  <node id="7618558339" lat="38.2576668" lon="-85.6680087"/>
  <node id="7618558340" lat="38.2576706" lon="-85.6680216"/>
  <node id="7618558341" lat="38.2576953" lon="-85.6679824"/>
  <node id="7618558342" lat="38.2576791" lon="-85.6680302"/>
  <node id="7618558343" lat="38.2575842" lon="-85.6678335"/>
  <node id="7618558344" lat="38.2575952" lon="-85.6679361"/>
  <node id="7618558345" lat="38.2575536" lon="-85.6677550"/>
  <node id="7618558346" lat="38.2575647" lon="-85.6677644"/>
  <node id="7618558347" lat="38.2575789" lon="-85.6677671"/>
  <node id="7618558348" lat="38.2575947" lon="-85.6677671"/>
  <node id="7618558349" lat="38.2576110" lon="-85.6677651"/>
  <node id="7618558350" lat="38.2576231" lon="-85.6677610"/>
  <node id="7618558351" lat="38.2576384" lon="-85.6677503"/>
  <node id="7618558352" lat="38.2577132" lon="-85.6678737"/>
  <node id="7618558353" lat="38.2577987" lon="-85.6679340"/>
  <node id="7618558354" lat="38.2577662" lon="-85.6679652"/>
  <node id="7618558355" lat="38.2578252" lon="-85.6681204"/>
  <node id="7618558356" lat="38.2578090" lon="-85.6680796"/>
  <node id="7618558357" lat="38.2578037" lon="-85.6680708"/>
  <node id="7618558358" lat="38.2577958" lon="-85.6680641"/>
  <node id="7618558359" lat="38.2577811" lon="-85.6680568"/>
  <node id="7618558360" lat="38.2576812" lon="-85.6681144"/>
  <node id="7618558361" lat="38.2577077" lon="-85.6681110"/>
  <node id="7618558362" lat="38.2577320" lon="-85.6680975"/>
  <node id="7618558363" lat="38.2577520" lon="-85.6680752"/>
  <node id="7618558364" lat="38.2577657" lon="-85.6680462"/>
  <node id="7618558365" lat="38.2577713" lon="-85.6680195"/>
  <node id="7618558366" lat="38.2577714" lon="-85.6679920"/>
  <node id="7618558367" lat="38.2577558" lon="-85.6679409"/>
  <node id="7618558368" lat="38.2577410" lon="-85.6679207"/>
  <node id="7618558369" lat="38.2576957" lon="-85.6678961"/>
  <node id="7618558370" lat="38.2576676" lon="-85.6678979"/>
  <node id="7618558371" lat="38.2576416" lon="-85.6679112"/>
  <node id="7618558372" lat="38.2576202" lon="-85.6679344"/>
  <node id="7618558373" lat="38.2576059" lon="-85.6679652"/>
  <node id="7618558374" lat="38.2576001" lon="-85.6679988"/>
  <node id="7618558375" lat="38.2576028" lon="-85.6680330"/>
  <node id="7618558376" lat="38.2576138" lon="-85.6680645"/>
  <node id="7618558377" lat="38.2576318" lon="-85.6680901"/>
  <node id="7618558378" lat="38.2576552" lon="-85.6681073"/>
  <node id="7618558379" lat="38.2576516" lon="-85.6681312"/>
  <node id="7618558380" lat="38.2576452" lon="-85.6681453"/>
  <node id="7618558381" lat="38.2576421" lon="-85.6681600"/>
  <node id="7618558382" lat="38.2576447" lon="-85.6681748"/>
  <node id="7618558383" lat="38.2576603" lon="-85.6682201"/>
  <node id="7618558616" lat="38.2579725" lon="-85.6676761"/>
  <node id="7618558617" lat="38.2579596" lon="-85.6676638"/>
  <node id="7618558618" lat="38.2579633" lon="-85.6676103"/>
  <node id="7618558619" lat="38.2579464" lon="-85.6676444"/>
  <node id="7618558620" lat="38.2579359" lon="-85.6676357"/>
  <node id="7618558621" lat="38.2579312" lon="-85.6676222"/>
  <node id="7618558622" lat="38.2579275" lon="-85.6676041"/>
  <node id="7618558623" lat="38.2579206" lon="-85.6675927"/>
  <node id="7618558624" lat="38.2579027" lon="-85.6675901"/>
  <node id="7618558625" lat="38.2578890" lon="-85.6675934"/>
  <node id="7618558626" lat="38.2578759" lon="-85.6676041"/>
  <node id="7618558627" lat="38.2578655" lon="-85.6676198"/>
  <node id="7618558628" lat="38.2578343" lon="-85.6676075"/>
  <node id="7618558629" lat="38.2578469" lon="-85.6676095"/>
  <node id="7618558630" lat="38.2578574" lon="-85.6676122"/>
  <node id="7618558631" lat="38.2578796" lon="-85.6676330"/>
  <node id="7618558632" lat="38.2578896" lon="-85.6676524"/>
  <node id="7618558633" lat="38.2579006" lon="-85.6676719"/>
  <node id="7618558634" lat="38.2579112" lon="-85.6676947"/>
  <node id="7618558635" lat="38.2579196" lon="-85.6677121"/>
  <node id="7618558636" lat="38.2579296" lon="-85.6677248"/>
  <node id="7618558637" lat="38.2579404" lon="-85.6677392"/>
  <node id="7618558638" lat="38.2579622" lon="-85.6677597"/>
  <node id="7618558639" lat="38.2579448" lon="-85.6677215"/>
  <node id="7618558640" lat="38.2579517" lon="-85.6677047"/>
  <node id="7618558641" lat="38.2579570" lon="-85.6676940"/>
  <node id="7618558642" lat="38.2579643" lon="-85.6676792"/>
  <node id="7618558643" lat="38.2579785" lon="-85.6676739"/>
  <node id="7618558644" lat="38.2579896" lon="-85.6676732"/>
  <node id="7618558645" lat="38.2580117" lon="-85.6676772"/>
  <node id="7618558646" lat="38.2580223" lon="-85.6676833"/>
  <node id="7618558647" lat="38.2580312" lon="-85.6676987"/>
  <node id="7618558648" lat="38.2580333" lon="-85.6677141"/>
  <node id="7618558649" lat="38.2580333" lon="-85.6677403"/>
  <node id="7618558650" lat="38.2579807" lon="-85.6677465"/>
  <node id="7618558651" lat="38.2579755" lon="-85.6677629"/>
  <node id="7618558652" lat="38.2579775" lon="-85.6677805"/>
  <node id="7618558653" lat="38.2579861" lon="-85.6677945"/>
  <node id="7618558654" lat="38.2579990" lon="-85.6678011"/>
  <node id="7618558655" lat="38.2580237" lon="-85.6677877"/>
  <node id="7618558656" lat="38.2580289" lon="-85.6677712"/>
  <node id="7618558657" lat="38.2580270" lon="-85.6677537"/>
  <node id="7618558658" lat="38.2580184" lon="-85.6677397"/>
  <node id="7618558659" lat="38.2580055" lon="-85.6677331"/>
  <node id="7618558660" lat="38.2579917" lon="-85.6677356"/>
  <node id="7618558661" lat="38.2580128" lon="-85.6677986"/>
  <node id="7618558662" lat="38.2580312" lon="-85.6678274"/>
  <node id="7618558663" lat="38.2580459" lon="-85.6678469"/>
  <node id="7618558664" lat="38.2580549" lon="-85.6678610"/>
  <node id="7618558665" lat="38.2580612" lon="-85.6678817"/>
  <node id="7618558666" lat="38.2580586" lon="-85.6679079"/>
  <node id="7618558667" lat="38.2580538" lon="-85.6679273"/>
  <node id="7618558668" lat="38.2580449" lon="-85.6679475"/>
  <node id="7618558669" lat="38.2580317" lon="-85.6679709"/>
  <node id="7618558670" lat="38.2580201" lon="-85.6679877"/>
  <node id="7618558671" lat="38.2580086" lon="-85.6680031"/>
  <node id="7618558672" lat="38.2580001" lon="-85.6680138"/>
  <node id="7618558673" lat="38.2579859" lon="-85.6680266"/>
  <node id="7618558674" lat="38.2579722" lon="-85.6680373"/>
  <node id="7618558675" lat="38.2579601" lon="-85.6680440"/>
  <node id="7618558677" lat="38.2581249" lon="-85.6669376"/>
  <node id="7618558678" lat="38.2581649" lon="-85.6669711"/>
  <node id="7618558679" lat="38.2581370" lon="-85.6670228"/>
  <node id="7618558680" lat="38.2581291" lon="-85.6670368"/>
  <node id="7618558681" lat="38.2581170" lon="-85.6670503"/>
  <node id="7618558682" lat="38.2581028" lon="-85.6670570"/>
  <node id="7618558683" lat="38.2580891" lon="-85.6670563"/>
  <node id="7618558684" lat="38.2580739" lon="-85.6670496"/>
  <node id="7618558685" lat="38.2580565" lon="-85.6670362"/>
  <node id="7618558691" lat="38.2580370" lon="-85.6670248"/>
  <node id="7618558692" lat="38.2580270" lon="-85.6670368"/>
  <node id="7618558693" lat="38.2579986" lon="-85.6670690"/>
  <node id="7618558694" lat="38.2579796" lon="-85.6670871"/>
  <node id="7618558695" lat="38.2579443" lon="-85.6671146"/>
  <node id="7618558696" lat="38.2579317" lon="-85.6671240"/>
  <node id="7618558697" lat="38.2579190" lon="-85.6671294"/>
  <node id="7618558698" lat="38.2579022" lon="-85.6671327"/>
  <node id="7618558699" lat="38.2578767" lon="-85.6671393"/>
  <node id="7618558782" lat="38.2578748" lon="-85.6671575"/>
  <node id="7618558783" lat="38.2578709" lon="-85.6671753"/>
  <node id="7618558784" lat="38.2578617" lon="-85.6671931"/>
  <node id="7618558785" lat="38.2578543" lon="-85.6672041"/>
  <node id="7618558786" lat="38.2578456" lon="-85.6672152"/>
  <node id="7618558787" lat="38.2578356" lon="-85.6672216"/>
  <node id="7618558788" lat="38.2578219" lon="-85.6672239"/>
  <node id="7618558789" lat="38.2578098" lon="-85.6672226"/>
  <node id="7618558790" lat="38.2578072" lon="-85.6672350"/>
  <node id="7618558791" lat="38.2578001" lon="-85.6672508"/>
  <node id="7618558792" lat="38.2577835" lon="-85.6672762"/>
  <node id="7618558793" lat="38.2577642" lon="-85.6672970"/>
  <node id="7618558794" lat="38.2577419" lon="-85.6673191"/>
  <node id="7618558795" lat="38.2577195" lon="-85.6673349"/>
  <node id="7618558796" lat="38.2576926" lon="-85.6673497"/>
  <node id="7618558797" lat="38.2576416" lon="-85.6674254"/>
  <node id="7618558798" lat="38.2576531" lon="-85.6674194"/>
  <node id="7618558799" lat="38.2576629" lon="-85.6674120"/>
  <node id="7618558800" lat="38.2576692" lon="-85.6674023"/>
  <node id="7618558801" lat="38.2576750" lon="-85.6673882"/>
  <node id="7618558802" lat="38.2576787" lon="-85.6673718"/>
  <node id="7618558803" lat="38.2576800" lon="-85.6673537"/>
  <node id="7618558804" lat="38.2576696" lon="-85.6672997"/>
  <node id="7618558805" lat="38.2576518" lon="-85.6672244"/>
  <node id="7618558806" lat="38.2576318" lon="-85.6672246"/>
  <node id="7618558807" lat="38.2576252" lon="-85.6672162"/>
  <node id="7618558808" lat="38.2576176" lon="-85.6672048"/>
  <node id="7618558809" lat="38.2576094" lon="-85.6671934"/>
  <node id="7618558810" lat="38.2576005" lon="-85.6671814"/>
  <node id="7618558811" lat="38.2575908" lon="-85.6671736"/>
  <node id="7618558812" lat="38.2575810" lon="-85.6671673"/>
  <node id="7618558813" lat="38.2575684" lon="-85.6671646"/>
  <node id="7618558814" lat="38.2575565" lon="-85.6671649"/>
  <node id="7618558815" lat="38.2575452" lon="-85.6671666"/>
  <node id="7618558816" lat="38.2575373" lon="-85.6671700"/>
  <node id="7618558817" lat="38.2575289" lon="-85.6671760"/>
  <node id="7618558818" lat="38.2575212" lon="-85.6671827"/>
  <node id="7618558819" lat="38.2575016" lon="-85.6672259"/>
  <node id="7618558820" lat="38.2574721" lon="-85.6672456"/>
  <node id="7618558821" lat="38.2574299" lon="-85.6672501"/>
  <node id="7618558824" lat="38.2574109" lon="-85.6672440"/>
  <node id="7618558825" lat="38.2573994" lon="-85.6672400"/>
  <node id="7618558826" lat="38.2573799" lon="-85.6672280"/>
  <node id="7618558827" lat="38.2573635" lon="-85.6672152"/>
  <node id="7618558828" lat="38.2573441" lon="-85.6672018"/>
  <node id="7618558829" lat="38.2573272" lon="-85.6671951"/>
  <node id="7618558830" lat="38.2573088" lon="-85.6671944"/>
  <node id="7618558831" lat="38.2572935" lon="-85.6672011"/>
  <node id="7618558832" lat="38.2572798" lon="-85.6672119"/>
  <node id="7618558833" lat="38.2572698" lon="-85.6672273"/>
  <node id="7618558834" lat="38.2572582" lon="-85.6672380"/>
  <node id="7618558835" lat="38.2572340" lon="-85.6672487"/>
  <node id="7618558836" lat="38.2571487" lon="-85.6672756"/>
  <node id="7618558837" lat="38.2571224" lon="-85.6672870"/>
  <node id="7618558838" lat="38.2570992" lon="-85.6672843"/>
  <node id="7618558839" lat="38.2569571" lon="-85.6671710"/>
  <node id="7618558840" lat="38.2569444" lon="-85.6671964"/>
  <node id="7618558841" lat="38.2568802" lon="-85.6671394"/>
  <node id="7618558842" lat="38.2568581" lon="-85.6671126"/>
  <node id="7618558843" lat="38.2568438" lon="-85.6670898"/>
  <node id="7618558844" lat="38.2568281" lon="-85.6670670"/>
  <node id="7618558845" lat="38.2568102" lon="-85.6670422"/>
  <node id="7618558846" lat="38.2567933" lon="-85.6670167"/>
  <node id="7618558847" lat="38.2567833" lon="-85.6669959"/>
  <node id="7618558848" lat="38.2567733" lon="-85.6669758"/>
  <node id="7618558849" lat="38.2567570" lon="-85.6669490"/>
  <node id="7618558850" lat="38.2567433" lon="-85.6669282"/>
  <node id="7618558851" lat="38.2567217" lon="-85.6668967"/>
  <node id="7618558852" lat="38.2566959" lon="-85.6668692"/>
  <node id="7618558853" lat="38.2566701" lon="-85.6668457"/>
  <node id="7618558854" lat="38.2566480" lon="-85.6668303"/>
  <node id="7618558855" lat="38.2566259" lon="-85.6668195"/>
  <node id="7618558857" lat="38.2566201" lon="-85.6668464"/>
  <node id="7618558858" lat="38.2566122" lon="-85.6668618"/>
  <node id="7618558859" lat="38.2565969" lon="-85.6668732"/>
  <node id="7618558861" lat="38.2565816" lon="-85.6668846"/>
  <node id="7618558862" lat="38.2565895" lon="-85.6669229"/>
  <node id="7618558863" lat="38.2565911" lon="-85.6669450"/>
  <node id="7618558864" lat="38.2565906" lon="-85.6669852"/>
  <node id="7618558865" lat="38.2565885" lon="-85.6670161"/>
  <node id="7618558866" lat="38.2565848" lon="-85.6670456"/>
  <node id="7618558867" lat="38.2565811" lon="-85.6670657"/>
  <node id="7618558868" lat="38.2565748" lon="-85.6670845"/>
  <node id="7618558869" lat="38.2565653" lon="-85.6671026"/>
  <node id="7618558870" lat="38.2565532" lon="-85.6671213"/>
  <node id="7618558871" lat="38.2565337" lon="-85.6671428"/>
  <node id="7618558872" lat="38.2565221" lon="-85.6671562"/>
  <node id="7618558874" lat="38.2564803" lon="-85.6671864"/>
  <node id="7618558875" lat="38.2564847" lon="-85.6671954"/>
  <node id="7618558876" lat="38.2564905" lon="-85.6672085"/>
  <node id="7618558877" lat="38.2564937" lon="-85.6672199"/>
  <node id="7618558878" lat="38.2564926" lon="-85.6672300"/>
  <node id="7618558879" lat="38.2564890" lon="-85.6672414"/>
  <node id="7618558880" lat="38.2564737" lon="-85.6672682"/>
  <node id="7618558881" lat="38.2564558" lon="-85.6673004"/>
  <node id="7618558882" lat="38.2564379" lon="-85.6673366"/>
  <node id="7618558883" lat="38.2564200" lon="-85.6673721"/>
  <node id="7618558884" lat="38.2563989" lon="-85.6674144"/>
  <node id="7618558885" lat="38.2563842" lon="-85.6674466"/>
  <node id="7618558886" lat="38.2563731" lon="-85.6674754"/>
  <node id="7618558887" lat="38.2563600" lon="-85.6675129"/>
  <node id="7618558888" lat="38.2563552" lon="-85.6675284"/>
  <node id="7618558889" lat="38.2563478" lon="-85.6675719"/>
  <node id="7618558890" lat="38.2563426" lon="-85.6676283"/>
  <node id="7618558891" lat="38.2563420" lon="-85.6676719"/>
  <node id="7618558892" lat="38.2563442" lon="-85.6677235"/>
  <node id="7618558893" lat="38.2563489" lon="-85.6677563"/>
  <node id="7618558894" lat="38.2563563" lon="-85.6677939"/>
  <node id="7618558895" lat="38.2563657" lon="-85.6678261"/>
  <node id="7618558896" lat="38.2563815" lon="-85.6678663"/>
  <node id="7618558897" lat="38.2564010" lon="-85.6679079"/>
  <node id="7618558898" lat="38.2564163" lon="-85.6679354"/>
  <node id="7618558899" lat="38.2564321" lon="-85.6679589"/>
  <node id="7618558900" lat="38.2564474" lon="-85.6679770"/>
  <node id="7618558901" lat="38.2564716" lon="-85.6680098"/>
  <node id="7618558902" lat="38.2564805" lon="-85.6680232"/>
  <node id="7618558903" lat="38.2564826" lon="-85.6680366"/>
  <node id="7618558904" lat="38.2564526" lon="-85.6680507"/>
  <node id="7618558905" lat="38.2564816" lon="-85.6680601"/>
  <node id="7618558906" lat="38.2565021" lon="-85.6680708"/>
  <node id="7618558907" lat="38.2565200" lon="-85.6680796"/>
  <node id="7618558908" lat="38.2565363" lon="-85.6680896"/>
  <node id="7618558909" lat="38.2565506" lon="-85.6681024"/>
  <node id="7618558910" lat="38.2565743" lon="-85.6681298"/>
  <node id="7618558911" lat="38.2565895" lon="-85.6681533"/>
  <node id="7618558912" lat="38.2565974" lon="-85.6681801"/>
  <node id="7618558913" lat="38.2566043" lon="-85.6682137"/>
  <node id="7618558914" lat="38.2566069" lon="-85.6682412"/>
  <node id="7618558915" lat="38.2566080" lon="-85.6682780"/>
  <node id="7618558916" lat="38.2566084" lon="-85.6683115"/>
  <node id="7618558922" lat="38.2556478" lon="-85.6658686"/>
  <node id="7618558930" lat="38.2555826" lon="-85.6658673"/>
  <node id="7618559575" lat="38.2541938" lon="-85.6660480"/>
  <node id="7618559702" lat="38.2545328" lon="-85.6655684"/>
  <node id="7618559708" lat="38.2547903" lon="-85.6653269"/>
  <node id="7618559709" lat="38.2547913" lon="-85.6653484"/>
  <node id="7618559710" lat="38.2547934" lon="-85.6653719"/>
  <node id="7618559711" lat="38.2548013" lon="-85.6653960"/>
  <node id="7618559712" lat="38.2548092" lon="-85.6654208"/>
  <node id="7618559713" lat="38.2548119" lon="-85.6654496"/>
  <node id="7618559714" lat="38.2548108" lon="-85.6654778"/>
  <node id="7618559715" lat="38.2548029" lon="-85.6655053"/>
  <node id="7618559716" lat="38.2547855" lon="-85.6655301"/>
  <node id="7618559717" lat="38.2547713" lon="-85.6655502"/>
  <node id="7618559718" lat="38.2547492" lon="-85.6655657"/>
  <node id="7618559719" lat="38.2547229" lon="-85.6655737"/>
  <node id="7618559720" lat="38.2546939" lon="-85.6655757"/>
  <node id="7618559721" lat="38.2546744" lon="-85.6655730"/>
  <node id="7618559722" lat="38.2546518" lon="-85.6655630"/>
  <node id="7618559723" lat="38.2546360" lon="-85.6655549"/>
  <node id="7618559724" lat="38.2546255" lon="-85.6655610"/>
  <node id="7618559725" lat="38.2546076" lon="-85.6655643"/>
  <node id="7618559726" lat="38.2545707" lon="-85.6655663"/>
  <node id="7618559727" lat="38.2541868" lon="-85.6655871"/>
  <node id="7618559728" lat="38.2541784" lon="-85.6655905"/>
  <node id="7618559729" lat="38.2541716" lon="-85.6655972"/>
  <node id="7618559730" lat="38.2541668" lon="-85.6656066"/>
  <node id="7618559731" lat="38.2541642" lon="-85.6656186"/>
  <node id="7618559732" lat="38.2541695" lon="-85.6657407"/>
  <node id="7618559733" lat="38.2541774" lon="-85.6658540"/>
  <node id="7618559734" lat="38.2541969" lon="-85.6660833"/>
  <node id="7618559735" lat="38.2541937" lon="-85.6660920"/>
  <node id="7618559736" lat="38.2542037" lon="-85.6662396"/>
  <node id="7618559737" lat="38.2542079" lon="-85.6662449"/>
  <node id="7618559739" lat="38.2542163" lon="-85.6663810"/>
  <node id="7618559740" lat="38.2542232" lon="-85.6664608"/>
  <node id="7618559741" lat="38.2542258" lon="-85.6664675"/>
  <node id="7618559742" lat="38.2542295" lon="-85.6664736"/>
  <node id="7618559743" lat="38.2548168" lon="-85.6668645"/>
  <node id="7618559744" lat="38.2547582" lon="-85.6668933"/>
  <node id="7618559745" lat="38.2545822" lon="-85.6667571"/>
  <node id="7618559746" lat="38.2545016" lon="-85.6666936"/>
  <node id="7618559747" lat="38.2544286" lon="-85.6666303"/>
  <node id="7618559748" lat="38.2543349" lon="-85.6665533"/>
  <node id="7618559749" lat="38.2542785" lon="-85.6665085"/>
  <node id="7618559758" lat="38.2548608" lon="-85.6669973"/>
  <node id="7618559759" lat="38.2550699" lon="-85.6671656"/>
  <node id="7618559760" lat="38.2551947" lon="-85.6672689"/>
  <node id="7618559761" lat="38.2552042" lon="-85.6672628"/>
  <node id="7618559762" lat="38.2552136" lon="-85.6672642"/>
  <node id="7618559763" lat="38.2561509" lon="-85.6678066"/>
  <node id="7618559764" lat="38.2560561" lon="-85.6678335"/>
  <node id="7618559765" lat="38.2560135" lon="-85.6678462"/>
  <node id="7618559766" lat="38.2559945" lon="-85.6678489"/>
  <node id="7618559767" lat="38.2559787" lon="-85.6678489"/>
  <node id="7618559768" lat="38.2559629" lon="-85.6678482"/>
  <node id="7618559769" lat="38.2559471" lon="-85.6678442"/>
  <node id="7618559770" lat="38.2559319" lon="-85.6678361"/>
  <node id="7618559771" lat="38.2559187" lon="-85.6678274"/>
  <node id="7618559772" lat="38.2559019" lon="-85.6678167"/>
  <node id="7618559773" lat="38.2556154" lon="-85.6675840"/>
  <node id="7618559774" lat="38.2555333" lon="-85.6675203"/>
  <node id="7618559775" lat="38.2555096" lon="-85.6675002"/>
  <node id="7618559776" lat="38.2555685" lon="-85.6674459"/>
  <node id="7618559777" lat="38.2555933" lon="-85.6673943"/>
  <node id="7618559778" lat="38.2556665" lon="-85.6672628"/>
  <node id="7618559779" lat="38.2556965" lon="-85.6672132"/>
  <node id="7618559780" lat="38.2557639" lon="-85.6671166"/>
  <node id="7618559781" lat="38.2558039" lon="-85.6670643"/>
  <node id="7618559782" lat="38.2558450" lon="-85.6669986"/>
  <node id="7618559783" lat="38.2558502" lon="-85.6669825"/>
  <node id="7618559784" lat="38.2558708" lon="-85.6669155"/>
  <node id="7618559785" lat="38.2558924" lon="-85.6668531"/>
  <node id="7618559786" lat="38.2559013" lon="-85.6668142"/>
  <node id="7618559787" lat="38.2559045" lon="-85.6667928"/>
  <node id="7618559788" lat="38.2559066" lon="-85.6667713"/>
  <node id="7618559789" lat="38.2559061" lon="-85.6667304"/>
  <node id="7618559790" lat="38.2559045" lon="-85.6666908"/>
  <node id="7618559791" lat="38.2559045" lon="-85.6666553"/>
  <node id="7618559792" lat="38.2559061" lon="-85.6666258"/>
  <node id="7618559793" lat="38.2559108" lon="-85.6665882"/>
  <node id="7618559794" lat="38.2559198" lon="-85.6665172"/>
  <node id="7618559795" lat="38.2559234" lon="-85.6664971"/>
  <node id="7618559796" lat="38.2559398" lon="-85.6664374"/>
  <node id="7618559797" lat="38.2559614" lon="-85.6663804"/>
  <node id="7618559798" lat="38.2559750" lon="-85.6663455"/>
  <node id="7618559799" lat="38.2559956" lon="-85.6663046"/>
  <node id="7618559800" lat="38.2559835" lon="-85.6662429"/>
  <node id="7618559920" lat="38.2564121" lon="-85.6666860">
    <tag k="traffic_calming" v="hump"/>
  </node>
  <node id="7618559921" lat="38.2563931" lon="-85.6665467"/>
  <node id="7618559922" lat="38.2563310" lon="-85.6664977"/>
  <node id="7618559923" lat="38.2562720" lon="-85.6664521"/>
  <node id="7618559924" lat="38.2560998" lon="-85.6663167"/>
  <node id="7618559925" lat="38.2560240" lon="-85.6662496"/>
  <node id="7618559926" lat="38.2559814" lon="-85.6662174"/>
  <node id="7618559927" lat="38.2559003" lon="-85.6661497"/>
  <node id="7618559928" lat="38.2557897" lon="-85.6660599"/>
  <node id="7618559929" lat="38.2557044" lon="-85.6659958"/>
  <node id="7618559930" lat="38.2556941" lon="-85.6659891"/>
  <node id="7618559931" lat="38.2556852" lon="-85.6659848"/>
  <node id="7618559932" lat="38.2556625" lon="-85.6659583"/>
  <node id="7618559933" lat="38.2555970" lon="-85.6658902"/>
  <node id="7618559934" lat="38.2555899" lon="-85.6658808"/>
  <node id="7618559935" lat="38.2555807" lon="-85.6658637"/>
  <node id="7618559936" lat="38.2555251" lon="-85.6657437"/>
  <node id="7618559937" lat="38.2555167" lon="-85.6657269"/>
  <node id="7618559938" lat="38.2555104" lon="-85.6657132"/>
  <node id="7618559939" lat="38.2555032" lon="-85.6657001"/>
  <node id="7618559940" lat="38.2554975" lon="-85.6656867"/>
  <node id="7618559941" lat="38.2554906" lon="-85.6656746"/>
  <node id="7618559942" lat="38.2554838" lon="-85.6656615"/>
  <node id="7618559943" lat="38.2554759" lon="-85.6656465"/>
  <node id="7618559944" lat="38.2554661" lon="-85.6656317"/>
  <node id="7618559945" lat="38.2554572" lon="-85.6656186"/>
  <node id="7618559946" lat="38.2554461" lon="-85.6656012"/>
  <node id="7618559947" lat="38.2554374" lon="-85.6655901"/>
  <node id="7618559948" lat="38.2554285" lon="-85.6655784"/>
  <node id="7618559949" lat="38.2554193" lon="-85.6655667"/>
  <node id="7618559950" lat="38.2554103" lon="-85.6655553"/>
  <node id="7618559951" lat="38.2554006" lon="-85.6655425"/>
  <node id="7618559952" lat="38.2553906" lon="-85.6655308"/>
  <node id="7618559953" lat="38.2553787" lon="-85.6655170"/>
  <node id="7618559954" lat="38.2553661" lon="-85.6655033"/>
  <node id="7618559955" lat="38.2553534" lon="-85.6654906"/>
  <node id="7618559957" lat="38.2553353" lon="-85.6654741"/>
  <node id="7618559958" lat="38.2553163" lon="-85.6654557"/>
  <node id="7618559959" lat="38.2553026" lon="-85.6654439"/>
  <node id="7618559960" lat="38.2552860" lon="-85.6654302"/>
  <node id="7618559961" lat="38.2552650" lon="-85.6654131"/>
  <node id="7618559962" lat="38.2552468" lon="-85.6653990"/>
  <node id="7618559963" lat="38.2552242" lon="-85.6653839"/>
  <node id="7618559964" lat="38.2552002" lon="-85.6653699"/>
  <node id="7618559965" lat="38.2551694" lon="-85.6653551"/>
  <node id="7618559966" lat="38.2551378" lon="-85.6653424"/>
  <node id="7618559967" lat="38.2550928" lon="-85.6653239"/>
  <node id="7618559968" lat="38.2550844" lon="-85.6653212"/>
  <node id="7618559969" lat="38.2550778" lon="-85.6653239"/>
  <node id="7618559970" lat="38.2550702" lon="-85.6653296"/>
  <node id="7618559971" lat="38.2550465" lon="-85.6653233"/>
  <node id="7618559972" lat="38.2550101" lon="-85.6653142"/>
  <node id="7618559973" lat="38.2549741" lon="-85.6653085"/>
  <node id="7618559974" lat="38.2549380" lon="-85.6653045"/>
  <node id="7618559975" lat="38.2549053" lon="-85.6653038"/>
  <node id="7618559976" lat="38.2548645" lon="-85.6653068"/>
  <node id="7618559977" lat="38.2548179" lon="-85.6653062"/>
  <node id="7618559978" lat="38.2548037" lon="-85.6653072"/>
  <node id="7618559979" lat="38.2547961" lon="-85.6653132"/>
  <node id="7618560098" lat="38.2565050" lon="-85.6658909"/>
  <node id="7618560099" lat="38.2565008" lon="-85.6659093"/>
  <node id="7618560100" lat="38.2565000" lon="-85.6659204"/>
  <node id="7618560101" lat="38.2564995" lon="-85.6659348"/>
  <node id="7618560102" lat="38.2565005" lon="-85.6659482"/>
  <node id="7618560103" lat="38.2565016" lon="-85.6659613"/>
  <node id="7618560104" lat="38.2565221" lon="-85.6660324"/>
  <node id="7618560105" lat="38.2565242" lon="-85.6660434"/>
  <node id="7618560106" lat="38.2565232" lon="-85.6660552"/>
  <node id="7618560107" lat="38.2565184" lon="-85.6660659"/>
  <node id="7618560108" lat="38.2565113" lon="-85.6660796"/>
  <node id="7618560109" lat="38.2565069" lon="-85.6660904"/>
  <node id="7618560110" lat="38.2565034" lon="-85.6661028"/>
  <node id="7618560111" lat="38.2565021" lon="-85.6661142"/>
  <node id="7618560112" lat="38.2565019" lon="-85.6661299"/>
  <node id="7618560113" lat="38.2565021" lon="-85.6661477"/>
  <node id="7618560114" lat="38.2565026" lon="-85.6661624"/>
  <node id="7618560115" lat="38.2565032" lon="-85.6661779"/>
  <node id="7618560116" lat="38.2565042" lon="-85.6661946"/>
  <node id="7618560117" lat="38.2565055" lon="-85.6662067"/>
  <node id="7618560118" lat="38.2565069" lon="-85.6662191"/>
  <node id="7618560119" lat="38.2565216" lon="-85.6662909"/>
  <node id="7618560120" lat="38.2565248" lon="-85.6663073"/>
  <node id="7618560121" lat="38.2565277" lon="-85.6663240"/>
  <node id="7618560122" lat="38.2565298" lon="-85.6663418"/>
  <node id="7618560123" lat="38.2565300" lon="-85.6663593"/>
  <node id="7618560124" lat="38.2565298" lon="-85.6663747"/>
  <node id="7618560125" lat="38.2565266" lon="-85.6663901"/>
  <node id="7618560126" lat="38.2565224" lon="-85.6664018"/>
  <node id="7618560127" lat="38.2565192" lon="-85.6664095"/>
  <node id="7618560128" lat="38.2565132" lon="-85.6664199"/>
  <node id="7618560129" lat="38.2565061" lon="-85.6664290"/>
  <node id="7618560130" lat="38.2565013" lon="-85.6664364"/>
  <node id="7618560131" lat="38.2564958" lon="-85.6664468"/>
  <node id="7618560132" lat="38.2564929" lon="-85.6664568"/>
  <node id="7618560133" lat="38.2564921" lon="-85.6664766"/>
  <node id="7618560134" lat="38.2564911" lon="-85.6665091"/>
  <node id="7618560135" lat="38.2564874" lon="-85.6665507"/>
  <node id="7618560136" lat="38.2564816" lon="-85.6666013"/>
  <node id="7618560137" lat="38.2564668" lon="-85.6666949"/>
  <node id="7618560138" lat="38.2564571" lon="-85.6667529"/>
  <node id="7618560139" lat="38.2564352" lon="-85.6668454"/>
  <node id="7618560140" lat="38.2564247" lon="-85.6668920"/>
  <node id="7618560141" lat="38.2564108" lon="-85.6669389"/>
  <node id="7618560142" lat="38.2563918" lon="-85.6669916"/>
  <node id="7618560143" lat="38.2563552" lon="-85.6670751"/>
  <node id="7618560144" lat="38.2563407" lon="-85.6671039"/>
  <node id="7618560145" lat="38.2562496" lon="-85.6672856"/>
  <node id="7618560146" lat="38.2562391" lon="-85.6673064"/>
  <node id="7618560147" lat="38.2562333" lon="-85.6673208"/>
  <node id="7618560148" lat="38.2562241" lon="-85.6673416"/>
  <node id="7618560149" lat="38.2562173" lon="-85.6673567"/>
  <node id="7618560150" lat="38.2562104" lon="-85.6673738"/>
  <node id="7618560151" lat="38.2562036" lon="-85.6673943"/>
  <node id="7618560152" lat="38.2561959" lon="-85.6674197"/>
  <node id="7618560153" lat="38.2561870" lon="-85.6674489"/>
  <node id="7618560154" lat="38.2561783" lon="-85.6674828"/>
  <node id="7618560155" lat="38.2561707" lon="-85.6675240"/>
  <node id="7618560156" lat="38.2561625" lon="-85.6676571"/>
  <node id="7618560157" lat="38.2561641" lon="-85.6677128"/>
  <node id="7618560158" lat="38.2561664" lon="-85.6677406"/>
  <node id="7618560159" lat="38.2561691" lon="-85.6677704"/>
  <node id="7618560160" lat="38.2561728" lon="-85.6677996"/>
  <node id="7618560161" lat="38.2561801" lon="-85.6678392"/>
  <node id="7618560162" lat="38.2561878" lon="-85.6678750"/>
  <node id="7618560163" lat="38.2561975" lon="-85.6679086"/>
  <node id="7618560164" lat="38.2562123" lon="-85.6679488"/>
  <node id="7618560165" lat="38.2562291" lon="-85.6679931"/>
  <node id="7618560166" lat="38.2562499" lon="-85.6680353"/>
  <node id="7618560167" lat="38.2562710" lon="-85.6680702"/>
  <node id="7618560168" lat="38.2562952" lon="-85.6681097"/>
  <node id="7618560169" lat="38.2563705" lon="-85.6681929"/>
  <node id="7618560170" lat="38.2564321" lon="-85.6682405"/>
  <node id="7618560171" lat="38.2564974" lon="-85.6682847"/>
  <node id="7618560172" lat="38.2565195" lon="-85.6682955"/>
  <node id="7618560173" lat="38.2566016" lon="-85.6683096"/>
  <node id="7618560174" lat="38.2570608" lon="-85.6675880"/>
  <node id="7618560175" lat="38.2570350" lon="-85.6676061"/>
  <node id="7618560176" lat="38.2570213" lon="-85.6676276"/>
  <node id="7618560177" lat="38.2570081" lon="-85.6676491"/>
  <node id="7618560178" lat="38.2569861" lon="-85.6676937"/>
  <node id="7618560179" lat="38.2569816" lon="-85.6676507"/>
  <node id="7618560180" lat="38.2570618" lon="-85.6680118"/>
  <node id="7618560181" lat="38.2570787" lon="-85.6679414"/>
  <node id="7618560182" lat="38.2570818" lon="-85.6679233"/>
  <node id="7618560183" lat="38.2570818" lon="-85.6679045"/>
  <node id="7618560184" lat="38.2570808" lon="-85.6678831"/>
  <node id="7618560185" lat="38.2570776" lon="-85.6678663"/>
  <node id="7618560186" lat="38.2570718" lon="-85.6678455"/>
  <node id="7618560187" lat="38.2570618" lon="-85.6678274"/>
  <node id="7618560188" lat="38.2570424" lon="-85.6678073"/>
  <node id="7618560189" lat="38.2570297" lon="-85.6677932"/>
  <node id="7618560190" lat="38.2570176" lon="-85.6677838"/>
  <node id="7618560191" lat="38.2570087" lon="-85.6677711"/>
  <node id="7618560192" lat="38.2570018" lon="-85.6677584"/>
  <node id="7618560193" lat="38.2569955" lon="-85.6677396"/>
  <node id="7618560194" lat="38.2569881" lon="-85.6677121"/>
  <node id="7618560195" lat="38.2569755" lon="-85.6677309"/>
  <node id="7618560196" lat="38.2569660" lon="-85.6677429"/>
  <node id="7618560197" lat="38.2569576" lon="-85.6677563"/>
  <node id="7618560198" lat="38.2569486" lon="-85.6677758"/>
  <node id="7618560199" lat="38.2569423" lon="-85.6677973"/>
  <node id="7618560200" lat="38.2569386" lon="-85.6678174"/>
  <node id="7618560201" lat="38.2569365" lon="-85.6678435"/>
  <node id="7618560202" lat="38.2569228" lon="-85.6679240"/>
  <node id="7618560203" lat="38.2569191" lon="-85.6679448"/>
  <node id="7618560204" lat="38.2569207" lon="-85.6679589"/>
  <node id="7618560205" lat="38.2569265" lon="-85.6679736"/>
  <node id="7618560206" lat="38.2569402" lon="-85.6679910"/>
  <node id="7618560207" lat="38.2569760" lon="-85.6680172"/>
  <node id="7618560208" lat="38.2570334" lon="-85.6680568"/>
  <node id="7618560209" lat="38.2570541" lon="-85.6680639"/>
  <node id="7618560210" lat="38.2570753" lon="-85.6681397"/>
  <node id="7618560211" lat="38.2570897" lon="-85.6681969"/>
  <node id="7618560212" lat="38.2570861" lon="-85.6682197"/>
  <node id="7618560217" lat="38.2570850" lon="-85.6684121"/>
  <node id="7618560218" lat="38.2570790" lon="-85.6684450"/>
  <node id="7618560219" lat="38.2570984" lon="-85.6684507"/>
  <node id="7618560220" lat="38.2571090" lon="-85.6684534"/>
  <node id="7618560221" lat="38.2571184" lon="-85.6684551"/>
  <node id="7618560222" lat="38.2571511" lon="-85.6683227"/>
  <node id="7618560223" lat="38.2571298" lon="-85.6684561"/>
  <node id="7618560224" lat="38.2571603" lon="-85.6684551"/>
  <node id="7618560225" lat="38.2572393" lon="-85.6684360"/>
  <node id="7618560226" lat="38.2572711" lon="-85.6684282"/>
  <node id="7618560227" lat="38.2573083" lon="-85.6684182"/>
  <node id="7618560228" lat="38.2573322" lon="-85.6684098"/>
  <node id="7618560229" lat="38.2573514" lon="-85.6684028"/>
  <node id="7618560230" lat="38.2573709" lon="-85.6683934"/>
  <node id="7618560231" lat="38.2573893" lon="-85.6683837"/>
  <node id="7618560232" lat="38.2574078" lon="-85.6683743"/>
  <node id="7618560233" lat="38.2574346" lon="-85.6683565"/>
  <node id="7618560234" lat="38.2578696" lon="-85.6680936"/>
  <node id="7618560235" lat="38.2578822" lon="-85.6680863"/>
  <node id="7618560236" lat="38.2578959" lon="-85.6680802"/>
  <node id="7618560237" lat="38.2579080" lon="-85.6680752"/>
  <node id="7618560238" lat="38.2579227" lon="-85.6680672"/>
  <node id="7618560239" lat="38.2579430" lon="-85.6680571"/>
  <node id="7618560240" lat="38.2579725" lon="-85.6681067"/>
  <node id="7618560241" lat="38.2580133" lon="-85.6681634"/>
  <node id="7618560242" lat="38.2580241" lon="-85.6681768"/>
  <node id="7618560243" lat="38.2580338" lon="-85.6681845"/>
  <node id="7618560244" lat="38.2580446" lon="-85.6681885"/>
  <node id="7618560245" lat="38.2580541" lon="-85.6681922"/>
  <node id="7618560246" lat="38.2580662" lon="-85.6681929"/>
  <node id="7618560247" lat="38.2580773" lon="-85.6681872"/>
  <node id="7618560248" lat="38.2580886" lon="-85.6681724"/>
  <node id="7618560249" lat="38.2581091" lon="-85.6681409"/>
  <node id="7618560250" lat="38.2581318" lon="-85.6680977"/>
  <node id="7618560251" lat="38.2581628" lon="-85.6680252"/>
  <node id="7618560252" lat="38.2581944" lon="-85.6679491"/>
  <node id="7618560253" lat="38.2582247" lon="-85.6678807"/>
  <node id="7618560254" lat="38.2582616" lon="-85.6677916"/>
  <node id="7618560255" lat="38.2582842" lon="-85.6677359"/>
  <node id="7618560256" lat="38.2583161" lon="-85.6676584"/>
  <node id="7618560257" lat="38.2583463" lon="-85.6675810"/>
  <node id="7618560258" lat="38.2583545" lon="-85.6675572"/>
  <node id="7618560259" lat="38.2583600" lon="-85.6675371"/>
  <node id="7618560260" lat="38.2583669" lon="-85.6675173"/>
  <node id="7618560261" lat="38.2583719" lon="-85.6674992"/>
  <node id="7618560262" lat="38.2583763" lon="-85.6674804"/>
  <node id="7618560263" lat="38.2583811" lon="-85.6674640"/>
  <node id="7618560264" lat="38.2583842" lon="-85.6674459"/>
  <node id="7618560265" lat="38.2583861" lon="-85.6674268"/>
  <node id="7618560266" lat="38.2583874" lon="-85.6674050"/>
  <node id="7618560267" lat="38.2583885" lon="-85.6673849"/>
  <node id="7618560268" lat="38.2583908" lon="-85.6673604"/>
  <node id="7618560269" lat="38.2583927" lon="-85.6673453"/>
  <node id="7618560270" lat="38.2583961" lon="-85.6673309"/>
  <node id="7618560271" lat="38.2584000" lon="-85.6673188"/>
  <node id="7618560272" lat="38.2584053" lon="-85.6673088"/>
  <node id="7618560273" lat="38.2584100" lon="-85.6673007"/>
  <node id="7618560274" lat="38.2584179" lon="-85.6672953"/>
  <node id="7618560275" lat="38.2584266" lon="-85.6672913"/>
  <node id="7618560276" lat="38.2584374" lon="-85.6672900"/>
  <node id="7618560277" lat="38.2584493" lon="-85.6672896"/>
  <node id="7618560278" lat="38.2584601" lon="-85.6672900"/>
  <node id="7618560279" lat="38.2584693" lon="-85.6672893"/>
  <node id="7618560280" lat="38.2584824" lon="-85.6672880"/>
  <node id="7618560281" lat="38.2584898" lon="-85.6672880"/>
  <node id="7618560282" lat="38.2584972" lon="-85.6672853"/>
  <node id="7618560283" lat="38.2585046" lon="-85.6672809"/>
  <node id="7618560284" lat="38.2585111" lon="-85.6672746"/>
  <node id="7618560285" lat="38.2585156" lon="-85.6672622"/>
  <node id="7618560286" lat="38.2585198" lon="-85.6672440"/>
  <node id="7618560287" lat="38.2585246" lon="-85.6672246"/>
  <node id="7618560288" lat="38.2585298" lon="-85.6672065"/>
  <node id="7618560289" lat="38.2585361" lon="-85.6671877"/>
  <node id="7618560290" lat="38.2585419" lon="-85.6671710"/>
  <node id="7618560291" lat="38.2585514" lon="-85.6671515"/>
  <node id="7618560292" lat="38.2585614" lon="-85.6671260"/>
  <node id="7618560293" lat="38.2586315" lon="-85.6669993"/>
  <node id="7618560294" lat="38.2586446" lon="-85.6669799"/>
  <node id="7618560295" lat="38.2586541" lon="-85.6669617"/>
  <node id="7618560296" lat="38.2586646" lon="-85.6669403"/>
  <node id="7618560297" lat="38.2586720" lon="-85.6669208"/>
  <node id="7618560298" lat="38.2586767" lon="-85.6668920"/>
  <node id="7618560299" lat="38.2586804" lon="-85.6668592"/>
  <node id="7618560300" lat="38.2586831" lon="-85.6668303"/>
  <node id="7618560301" lat="38.2586873" lon="-85.6668042"/>
  <node id="7618560302" lat="38.2586941" lon="-85.6667800"/>
  <node id="7618560303" lat="38.2587025" lon="-85.6667599"/>
  <node id="7618560304" lat="38.2589121" lon="-85.6663497"/>
  <node id="7618560305" lat="38.2587183" lon="-85.6667324"/>
  <node id="7618560309" lat="38.2589184" lon="-85.6663502"/>
  <node id="7618560310" lat="38.2589316" lon="-85.6663489"/>
  <node id="7618560311" lat="38.2589495" lon="-85.6663435"/>
  <node id="7618560312" lat="38.2589611" lon="-85.6663348"/>
  <node id="7618560313" lat="38.2589726" lon="-85.6663240"/>
  <node id="7618560314" lat="38.2589842" lon="-85.6663046"/>
  <node id="7618560315" lat="38.2590137" lon="-85.6662463"/>
  <node id="7618560316" lat="38.2592770" lon="-85.6657004"/>
  <node id="7618560317" lat="38.2592896" lon="-85.6656723"/>
  <node id="7618560318" lat="38.2592954" lon="-85.6656508"/>
  <node id="7618560319" lat="38.2593007" lon="-85.6656247"/>
  <node id="7618560320" lat="38.2593017" lon="-85.6656005"/>
  <node id="7618560321" lat="38.2593023" lon="-85.6655730"/>
  <node id="7618560322" lat="38.2592991" lon="-85.6655489"/>
  <node id="7618560323" lat="38.2592928" lon="-85.6655261"/>
  <node id="7618560324" lat="38.2592828" lon="-85.6655066"/>
  <node id="7618560325" lat="38.2592686" lon="-85.6654912"/>
  <node id="7618560326" lat="38.2592512" lon="-85.6654671"/>
  <node id="7618560327" lat="38.2592222" lon="-85.6654403"/>
  <node id="7618560328" lat="38.2591954" lon="-85.6654114"/>
  <node id="7618560329" lat="38.2591780" lon="-85.6653933"/>
  <node id="7618560330" lat="38.2591601" lon="-85.6653705"/>
  <node id="7618560331" lat="38.2591390" lon="-85.6653410"/>
  <node id="7618560332" lat="38.2591253" lon="-85.6653142"/>
  <node id="7618560333" lat="38.2591085" lon="-85.6652887"/>
  <node id="7618560334" lat="38.2590874" lon="-85.6652659"/>
  <node id="7618560335" lat="38.2590664" lon="-85.6652471"/>
  <node id="7618560336" lat="38.2590316" lon="-85.6652270"/>
  <node id="7618560337" lat="38.2589916" lon="-85.6652015"/>
  <node id="7618560338" lat="38.2589505" lon="-85.6651694"/>
  <node id="7618560339" lat="38.2588884" lon="-85.6651104"/>
  <node id="7618560340" lat="38.2588042" lon="-85.6650406"/>
  <node id="7618560341" lat="38.2587368" lon="-85.6649736"/>
  <node id="7618560342" lat="38.2586704" lon="-85.6649145"/>
  <node id="7618560343" lat="38.2586114" lon="-85.6648596"/>
  <node id="7618560344" lat="38.2585388" lon="-85.6648019"/>
  <node id="7618560345" lat="38.2584329" lon="-85.6647234"/>
  <node id="7618560346" lat="38.2584177" lon="-85.6647087"/>
  <node id="7618560347" lat="38.2584045" lon="-85.6646892"/>
  <node id="7618560348" lat="38.2583964" lon="-85.6646758"/>
  <node id="7692194360" lat="38.2539381" lon="-85.6849312"/>
  <node id="7724725829" lat="38.2643780" lon="-85.6713439"/>
  <node id="7724725830" lat="38.2639164" lon="-85.6730836"/>
  <node id="7724725845" lat="38.2635238" lon="-85.6712124"/>
  <node id="7724725846" lat="38.2634922" lon="-85.6712177"/>
  <node id="7724725847" lat="38.2634554" lon="-85.6712392"/>
  <node id="7724725848" lat="38.2634306" lon="-85.6712881"/>
  <node id="7724725849" lat="38.2639340" lon="-85.6712112"/>
  <node id="7724725850" lat="38.2635622" lon="-85.6710609"/>
  <node id="7724725851" lat="38.2640197" lon="-85.6708094"/>
  <node id="7724725852" lat="38.2636913" lon="-85.6706707"/>
  <node id="7724725853" lat="38.2639763" lon="-85.6710128"/>
  <node id="7724725854" lat="38.2636195" lon="-85.6708624"/>
  <node id="7724725855" lat="38.2637587" lon="-85.6704909"/>
  <node id="7724725856" lat="38.2635681" lon="-85.6709998"/>
  <node id="7724725857" lat="38.2635581" lon="-85.6711044"/>
  <node id="7724725858" lat="38.2635754" lon="-85.6711970"/>
  <node id="7724725860" lat="38.2638397" lon="-85.6714162"/>
  <node id="7724725861" lat="38.2638903" lon="-85.6714162"/>
  <node id="7724727003" lat="38.2602564" lon="-85.6855325"/>
  <node id="7725953351" lat="38.2651282" lon="-85.6685058"/>
  <node id="7729125675" lat="38.2532850" lon="-85.6785979"/>
  <node id="7729125689" lat="38.2529304" lon="-85.6783053"/>
  <node id="8039558049" lat="38.2683543" lon="-85.6783688"/>
  <node id="8141667430" lat="38.2713567" lon="-85.6785414"/>
  <node id="8141667438" lat="38.2710239" lon="-85.6782952"/>
  <node id="8141829982" lat="38.2647863" lon="-85.6763749"/>
  <node id="8141829983" lat="38.2646942" lon="-85.6763632"/>
  <node id="8141829984" lat="38.2646355" lon="-85.6763617"/>
  <node id="8141829985" lat="38.2645398" lon="-85.6763625"/>
  <node id="8141829986" lat="38.2644893" lon="-85.6763565"/>
  <node id="8141829987" lat="38.2644048" lon="-85.6763236"/>
  <node id="8141829988" lat="38.2643531" lon="-85.6762653"/>
  <node id="8141829989" lat="38.2645265" lon="-85.6762893"/>
  <node id="8141829990" lat="38.2645728" lon="-85.6762138"/>
  <node id="8141829991" lat="38.2645875" lon="-85.6762953"/>
  <node id="8141829992" lat="38.2645969" lon="-85.6763620"/>
  <node id="8141829993" lat="38.2646075" lon="-85.6760535"/>
  <node id="8141829994" lat="38.2646356" lon="-85.6760020"/>
  <node id="8141829995" lat="38.2646685" lon="-85.6759780"/>
  <node id="8141829996" lat="38.2647360" lon="-85.6759563"/>
  <node id="8141829997" lat="38.2648211" lon="-85.6759477"/>
  <node id="8154356099" lat="38.2646358" lon="-85.6717587"/>
  <node id="8155011985" lat="38.2657883" lon="-85.6803212"/>
  <node id="8155011986" lat="38.2658809" lon="-85.6802932"/>
  <node id="8155011987" lat="38.2659660" lon="-85.6802534"/>
  <node id="8155011988" lat="38.2660198" lon="-85.6802470"/>
  <node id="8155011989" lat="38.2660573" lon="-85.6802470"/>
  <node id="8155011990" lat="38.2661037" lon="-85.6802359"/>
  <node id="8155011991" lat="38.2661462" lon="-85.6802119"/>
  <node id="8155011992" lat="38.2661825" lon="-85.6801657"/>
  <node id="8155011993" lat="38.2661838" lon="-85.6801179"/>
  <node id="8155011994" lat="38.2661525" lon="-85.6800987"/>
  <node id="8155011995" lat="38.2660962" lon="-85.6801274"/>
  <node id="8163524876" lat="38.2680706" lon="-85.6788416"/>
  <node id="8164050654" lat="38.2574013" lon="-85.6740660"/>
  <node id="8164050655" lat="38.2575988" lon="-85.6742283"/>
  <node id="8164050656" lat="38.2577516" lon="-85.6743272"/>
  <node id="8164050657" lat="38.2579204" lon="-85.6744519"/>
  <node id="8164050658" lat="38.2579415" lon="-85.6744928"/>
  <node id="8164050659" lat="38.2579230" lon="-85.6745691"/>
  <node id="8164050660" lat="38.2583747" lon="-85.6727227"/>
  <node id="8164050661" lat="38.2583104" lon="-85.6726181"/>
  <node id="8164050662" lat="38.2582361" lon="-85.6725765"/>
  <node id="8164050663" lat="38.2581194" lon="-85.6725828"/>
  <node id="8236196095" lat="38.2580605" lon="-85.6855744"/>
  <node id="8236196106" lat="38.2579520" lon="-85.6837883"/>
  <node id="8236196107" lat="38.2578671" lon="-85.6837458"/>
  <node id="8236196108" lat="38.2577990" lon="-85.6837277"/>
  <node id="8236196109" lat="38.2576671" lon="-85.6837105"/>
  <node id="8236196110" lat="38.2574015" lon="-85.6837089"/>
  <node id="8236196111" lat="38.2571204" lon="-85.6837138"/>
  <node id="8236196112" lat="38.2568522" lon="-85.6837064"/>
  <node id="8236229779" lat="38.2674851" lon="-85.6687719"/>
  <node id="8236229786" lat="38.2650755" lon="-85.6700719"/>
  <node id="8236229787" lat="38.2650930" lon="-85.6700179"/>
  <node id="8236229788" lat="38.2650985" lon="-85.6699701"/>
  <node id="8236229789" lat="38.2650889" lon="-85.6699224"/>
  <node id="8236229790" lat="38.2650596" lon="-85.6698824"/>
  <node id="8236229791" lat="38.2650153" lon="-85.6698381"/>
  <node id="8236229792" lat="38.2649935" lon="-85.6698147"/>
  <node id="8236229793" lat="38.2650780" lon="-85.6695133"/>
  <node id="8236229794" lat="38.2650321" lon="-85.6688718"/>
  <node id="8236229795" lat="38.2651075" lon="-85.6689063"/>
  <node id="8236229796" lat="38.2651365" lon="-85.6689681"/>
  <node id="8236229797" lat="38.2651375" lon="-85.6690366"/>
  <node id="8236229798" lat="38.2651147" lon="-85.6691630"/>
  <node id="8236229799" lat="38.2650786" lon="-85.6692881"/>
  <node id="8236229800" lat="38.2650228" lon="-85.6693526"/>
  <node id="8236229801" lat="38.2649928" lon="-85.6693618"/>
  <node id="8236229802" lat="38.2649128" lon="-85.6693322"/>
  <node id="8236229803" lat="38.2657637" lon="-85.6683025"/>
  <node id="8236229804" lat="38.2656832" lon="-85.6683574"/>
  <node id="8236229805" lat="38.2656370" lon="-85.6683634"/>
  <node id="8236229806" lat="38.2655531" lon="-85.6683455"/>
  <node id="8236229807" lat="38.2654380" lon="-85.6683125"/>
  <node id="8236229808" lat="38.2653761" lon="-85.6685300"/>
  <node id="8236229809" lat="38.2656901" lon="-85.6681827"/>
  <node id="8236229810" lat="38.2657556" lon="-85.6680865"/>
  <node id="8236229811" lat="38.2658363" lon="-85.6679562"/>
  <node id="8236229812" lat="38.2658992" lon="-85.6678152"/>
  <node id="8236229813" lat="38.2659057" lon="-85.6677578"/>
  <node id="8236229814" lat="38.2658967" lon="-85.6676752"/>
  <node id="8236229815" lat="38.2659725" lon="-85.6675160"/>
  <node id="8236229816" lat="38.2661400" lon="-85.6672218"/>
  <node id="8236248580" lat="38.2422663" lon="-85.6611394"/>
  <node id="8236252117" lat="38.2662367" lon="-85.6670470"/>
  <node id="8236252118" lat="38.2664019" lon="-85.6668111"/>
  <node id="8236252128" lat="38.2669312" lon="-85.6668817"/>
  <node id="8236252129" lat="38.2669671" lon="-85.6670031"/>
  <node id="8236252130" lat="38.2669647" lon="-85.6670615"/>
  <node id="8236252131" lat="38.2668359" lon="-85.6678374"/>
  <node id="8236252132" lat="38.2668175" lon="-85.6679314"/>
  <node id="8236252133" lat="38.2668148" lon="-85.6679683"/>
  <node id="8236252134" lat="38.2668743" lon="-85.6680345"/>
  <node id="8236252135" lat="38.2669770" lon="-85.6681395"/>
  <node id="8236252136" lat="38.2664348" lon="-85.6667571"/>
  <node id="8236252137" lat="38.2662796" lon="-85.6666160"/>
  <node id="8236252138" lat="38.2666763" lon="-85.6678678"/>
  <node id="8236252139" lat="38.2666052" lon="-85.6678406"/>
  <node id="8236252140" lat="38.2665284" lon="-85.6678280"/>
  <node id="8236252141" lat="38.2664985" lon="-85.6678370"/>
  <node id="8236252142" lat="38.2663634" lon="-85.6679457"/>
  <node id="8236252143" lat="38.2662382" lon="-85.6680073"/>
  <node id="8236252144" lat="38.2661472" lon="-85.6680363"/>
  <node id="8236252145" lat="38.2659722" lon="-85.6680435"/>
  <node id="8236252146" lat="38.2657853" lon="-85.6680454"/>
  <node id="8236252152" lat="38.2638796" lon="-85.6683816"/>
  <node id="8236252153" lat="38.2638651" lon="-85.6685249"/>
  <node id="8236321878" lat="38.2667815" lon="-85.6798541"/>
  <node id="8236321879" lat="38.2666589" lon="-85.6799031"/>
  <node id="8236321880" lat="38.2665302" lon="-85.6799836"/>
  <node id="8236321881" lat="38.2662608" lon="-85.6801092"/>
  <node id="8236323432" lat="38.2616422" lon="-85.6846878"/>
  <node id="8236323433" lat="38.2618372" lon="-85.6843102"/>
  <node id="8236323434" lat="38.2618715" lon="-85.6842766"/>
  <node id="8236323435" lat="38.2619043" lon="-85.6842747"/>
  <node id="8236323436" lat="38.2619374" lon="-85.6842920"/>
  <node id="8236323437" lat="38.2619469" lon="-85.6843227"/>
  <node id="8236323438" lat="38.2619363" lon="-85.6843827"/>
  <node id="8236323439" lat="38.2619016" lon="-85.6845036"/>
  <node id="8236323440" lat="38.2617569" lon="-85.6847807"/>
  <node id="8236394845" lat="38.2412655" lon="-85.6603623"/>
  <node id="8236424518" lat="38.2679781" lon="-85.6702088"/>
  <node id="8236424524" lat="38.2676610" lon="-85.6706236"/>
  <node id="8236570710" lat="38.2718414" lon="-85.6794218"/>
  <node id="8236583419" lat="38.2716548" lon="-85.6789254"/>
  <node id="8236583420" lat="38.2705633" lon="-85.6771566"/>
  <node id="8236583424" lat="38.2700678" lon="-85.6765896"/>
  <node id="8528643661" lat="38.2537552" lon="-85.6663607"/>
  <node id="8532082375" lat="38.2563172" lon="-85.6861631"/>
  <node id="8532573509" lat="38.2708108" lon="-85.6781376"/>
  <node id="8532625019" lat="38.2703896" lon="-85.6775241"/>
  <node id="8727109215" lat="38.2575745" lon="-85.6720251"/>
  <node id="8727109216" lat="38.2576360" lon="-85.6719956"/>
  <node id="8727148917" lat="38.2576864" lon="-85.6719455"/>
  <node id="8727148918" lat="38.2577015" lon="-85.6718800"/>
  <node id="8727148919" lat="38.2576965" lon="-85.6718068"/>
  <node id="8727148920" lat="38.2576511" lon="-85.6716874"/>
  <node id="8727148921" lat="38.2575643" lon="-85.6715230"/>
  <node id="8727148922" lat="38.2577522" lon="-85.6713229"/>
  <node id="8727148923" lat="38.2577203" lon="-85.6712120"/>
  <node id="8727148924" lat="38.2577400" lon="-85.6710529"/>
  <node id="8727148925" lat="38.2578133" lon="-85.6709500"/>
  <node id="8727148926" lat="38.2579100" lon="-85.6708651"/>
  <node id="8727148927" lat="38.2580713" lon="-85.6707954"/>
  <node id="8730093631" lat="38.2628486" lon="-85.6856653"/>
  <node id="8730093646" lat="38.2631937" lon="-85.6859449"/>
  <node id="8730226243" lat="38.2666733" lon="-85.6801997"/>
  <node id="8730226244" lat="38.2668672" lon="-85.6803204"/>
  <node id="8730226245" lat="38.2668775" lon="-85.6803656"/>
  <node id="8730226246" lat="38.2668475" lon="-85.6804919"/>
  <node id="8730226247" lat="38.2667914" lon="-85.6805765"/>
  <node id="8730226248" lat="38.2666848" lon="-85.6806384"/>
  <node id="8730226249" lat="38.2666128" lon="-85.6806563"/>
  <node id="8730226250" lat="38.2665548" lon="-85.6806312"/>
  <node id="8730226251" lat="38.2664812" lon="-85.6805669"/>
  <node id="8730226253" lat="38.2666755" lon="-85.6801946"/>
  <node id="8730226255" lat="38.2664750" lon="-85.6805767"/>
  <node id="9016627021" lat="38.2613241" lon="-85.6835566"/>
  <node id="9016627022" lat="38.2615424" lon="-85.6836028"/>
  <node id="9016627023" lat="38.2616280" lon="-85.6836367"/>
  <node id="9016627024" lat="38.2617240" lon="-85.6836943"/>
  <node id="9016627025" lat="38.2617563" lon="-85.6837323"/>
  <node id="9016627026" lat="38.2617806" lon="-85.6837848"/>
  <node id="9103887966" lat="38.2608437" lon="-85.6830228"/>
  <node id="9103887967" lat="38.2608229" lon="-85.6830458"/>
  <node id="9103887968" lat="38.2608069" lon="-85.6830543"/>
  <node id="9103887969" lat="38.2607847" lon="-85.6830658"/>
  <node id="9103887970" lat="38.2607520" lon="-85.6830832"/>
  <node id="9103887971" lat="38.2607384" lon="-85.6830621"/>
  <node id="9103887972" lat="38.2607327" lon="-85.6830405"/>
  <node id="9103887973" lat="38.2607267" lon="-85.6830216"/>
  <node id="9103887974" lat="38.2607200" lon="-85.6829987"/>
  <node id="9103887975" lat="38.2607069" lon="-85.6829544"/>
  <node id="9103887976" lat="38.2606988" lon="-85.6829288"/>
  <node id="9103887977" lat="38.2606901" lon="-85.6829002"/>
  <node id="9103887978" lat="38.2606804" lon="-85.6828737"/>
  <node id="9103887979" lat="38.2606699" lon="-85.6828413"/>
  <node id="9103887980" lat="38.2606663" lon="-85.6828226"/>
  <node id="9103887981" lat="38.2606866" lon="-85.6827964"/>
  <node id="9103887982" lat="38.2607063" lon="-85.6827828"/>
  <node id="9103887983" lat="38.2607239" lon="-85.6827718"/>
  <node id="9103887984" lat="38.2607531" lon="-85.6827637"/>
  <node id="9103887985" lat="38.2607641" lon="-85.6827652"/>
  <node id="9103887986" lat="38.2607872" lon="-85.6828359"/>
  <node id="9103887987" lat="38.2604440" lon="-85.6816976"/>
  <node id="9103887988" lat="38.2604135" lon="-85.6817121"/>
  <node id="9103887989" lat="38.2603745" lon="-85.6817285"/>
  <node id="9103887990" lat="38.2603571" lon="-85.6817170"/>
  <node id="9103887991" lat="38.2603510" lon="-85.6816922"/>
  <node id="9103887992" lat="38.2603423" lon="-85.6816554"/>
  <node id="9103887993" lat="38.2603585" lon="-85.6816294"/>
  <node id="9103887994" lat="38.2603862" lon="-85.6816175"/>
  <node id="9103887995" lat="38.2604065" lon="-85.6816100"/>
  <node id="9103887996" lat="38.2604258" lon="-85.6816096"/>
  <node id="9103887997" lat="38.2604370" lon="-85.6816462"/>
  <node id="9103887998" lat="38.2604475" lon="-85.6816807"/>
  <node id="9103887999" lat="38.2604475" lon="-85.6816896"/>
  <node id="9103888000" lat="38.2604473" lon="-85.6814632"/>
  <node id="9103888001" lat="38.2603491" lon="-85.6815670"/>
  <node id="9103888002" lat="38.2602256" lon="-85.6816135"/>
  <node id="9103888003" lat="38.2601628" lon="-85.6815854"/>
  <node id="9103888004" lat="38.2601411" lon="-85.6815362"/>
  <node id="9103888005" lat="38.2598532" lon="-85.6804978"/>
  <node id="9103888006" lat="38.2596040" lon="-85.6796875"/>
  <node id="9103888007" lat="38.2594226" lon="-85.6790836"/>
  <node id="9103888008" lat="38.2592338" lon="-85.6785599"/>
  <node id="9103888009" lat="38.2592177" lon="-85.6783291"/>
  <node id="9103888010" lat="38.2592034" lon="-85.6781852"/>
  <node id="9103888011" lat="38.2593113" lon="-85.6781347"/>
  <node id="9103888012" lat="38.2593645" lon="-85.6781871"/>
  <node id="9103888013" lat="38.2595339" lon="-85.6785597"/>
  <node id="9103888014" lat="38.2596911" lon="-85.6790004"/>
  <node id="9103888015" lat="38.2598618" lon="-85.6795013"/>
  <node id="9103888016" lat="38.2600033" lon="-85.6799668"/>
  <node id="9103900517" lat="38.2601295" lon="-85.6803817"/>
  <node id="9103900518" lat="38.2602975" lon="-85.6809420"/>
  <node id="9103900519" lat="38.2603893" lon="-85.6812402"/>
  <node id="9103900520" lat="38.2593325" lon="-85.6780454"/>
  <node id="9103900521" lat="38.2593433" lon="-85.6780921"/>
  <node id="9103900522" lat="38.2593395" lon="-85.6781357"/>
  <node id="9103900523" lat="38.2593365" lon="-85.6781477"/>
  <node id="9103900529" lat="38.2591962" lon="-85.6782375"/>
  <node id="9103900530" lat="38.2592028" lon="-85.6782845"/>
  <node id="9103900531" lat="38.2591809" lon="-85.6782676"/>
  <node id="9103900532" lat="38.2591617" lon="-85.6782412"/>
  <node id="9103900533" lat="38.2591538" lon="-85.6782209"/>
  <node id="9103900534" lat="38.2591458" lon="-85.6781884"/>
  <node id="9103900535" lat="38.2591458" lon="-85.6781538"/>
  <node id="9103900536" lat="38.2591522" lon="-85.6781172"/>
  <node id="9103900537" lat="38.2591586" lon="-85.6780867"/>
  <node id="9103900538" lat="38.2591646" lon="-85.6780642"/>
  <node id="9103900539" lat="38.2591753" lon="-85.6780389"/>
  <node id="9103900540" lat="38.2591910" lon="-85.6780194"/>
  <node id="9103900541" lat="38.2592050" lon="-85.6780047"/>
  <node id="9103900542" lat="38.2592187" lon="-85.6779972"/>
  <node id="9103900543" lat="38.2592497" lon="-85.6779973"/>
  <node id="9103900544" lat="38.2592799" lon="-85.6780054"/>
  <node id="9103900545" lat="38.2593006" lon="-85.6780135"/>
  <node id="9103900546" lat="38.2593206" lon="-85.6780281"/>
  <node id="9103900547" lat="38.2598808" lon="-85.6769887"/>
  <node id="9103900548" lat="38.2598623" lon="-85.6769502"/>
  <node id="9103900549" lat="38.2598483" lon="-85.6769242"/>
  <node id="9103900550" lat="38.2598387" lon="-85.6769061"/>
  <node id="9103900551" lat="38.2598287" lon="-85.6768924"/>
  <node id="9103900552" lat="38.2597899" lon="-85.6769040"/>
  <node id="9103900553" lat="38.2597771" lon="-85.6769260"/>
  <node id="9103900554" lat="38.2597643" lon="-85.6769475"/>
  <node id="9103900555" lat="38.2597645" lon="-85.6770003"/>
  <node id="9103900556" lat="38.2597840" lon="-85.6770327"/>
  <node id="9103900557" lat="38.2597950" lon="-85.6770529"/>
  <node id="9103900558" lat="38.2598219" lon="-85.6770639"/>
  <node id="9103900559" lat="38.2598586" lon="-85.6770337"/>
  <node id="9103900560" lat="38.2598759" lon="-85.6770146"/>
  <node id="9103900561" lat="38.2598078" lon="-85.6768909"/>
  <node id="9103900562" lat="38.2597826" lon="-85.6769156"/>
  <node id="9103900563" lat="38.2599595" lon="-85.6772560"/>
  <node id="9103900564" lat="38.2599505" lon="-85.6772754"/>
  <node id="9103900565" lat="38.2599352" lon="-85.6772860"/>
  <node id="9103900566" lat="38.2599227" lon="-85.6772949"/>
  <node id="9103900567" lat="38.2599030" lon="-85.6773094"/>
  <node id="9103900568" lat="38.2598881" lon="-85.6773207"/>
  <node id="9103900569" lat="38.2598729" lon="-85.6773260"/>
  <node id="9103900570" lat="38.2598581" lon="-85.6773188"/>
  <node id="9103900571" lat="38.2598532" lon="-85.6773126"/>
  <node id="9103900572" lat="38.2598386" lon="-85.6772958"/>
  <node id="9103900573" lat="38.2598337" lon="-85.6772878"/>
  <node id="9103900574" lat="38.2598254" lon="-85.6772736"/>
  <node id="9103900575" lat="38.2598192" lon="-85.6772612"/>
  <node id="9103900576" lat="38.2598143" lon="-85.6772497"/>
  <node id="9103900577" lat="38.2598025" lon="-85.6772259"/>
  <node id="9103900578" lat="38.2597962" lon="-85.6772117"/>
  <node id="9103900579" lat="38.2597969" lon="-85.6771967"/>
  <node id="9103900580" lat="38.2598046" lon="-85.6771799"/>
  <node id="9103900581" lat="38.2598181" lon="-85.6771653"/>
  <node id="9103900582" lat="38.2598268" lon="-85.6771560"/>
  <node id="9103900583" lat="38.2598372" lon="-85.6771427"/>
  <node id="9103900584" lat="38.2598497" lon="-85.6771285"/>
  <node id="9103900585" lat="38.2598643" lon="-85.6771135"/>
  <node id="9103900586" lat="38.2598721" lon="-85.6771084"/>
  <node id="9103900587" lat="38.2598863" lon="-85.6771077"/>
  <node id="9103900588" lat="38.2599074" lon="-85.6771285"/>
  <node id="9103900589" lat="38.2599169" lon="-85.6771533"/>
  <node id="9103900590" lat="38.2599284" lon="-85.6771779"/>
  <node id="9103900591" lat="38.2599393" lon="-85.6772064"/>
  <node id="9103900592" lat="38.2599506" lon="-85.6772329"/>
  <node id="9103900593" lat="38.2599583" lon="-85.6772477"/>
  <node id="9103900594" lat="38.2601745" lon="-85.6782176">
    <tag k="golf" v="tee"/>
    <tag k="landuse" v="grass"/>
    <tag k="ref" v="2"/>
  </node>
  <node id="9103900595" lat="38.2601634" lon="-85.6782311"/>
  <node id="9103900596" lat="38.2601475" lon="-85.6782301"/>
  <node id="9103900597" lat="38.2601318" lon="-85.6782159"/>
  <node id="9103900598" lat="38.2601260" lon="-85.6782072"/>
  <node id="9103900599" lat="38.2601151" lon="-85.6781850"/>
  <node id="9103900600" lat="38.2601075" lon="-85.6781646"/>
  <node id="9103900601" lat="38.2601026" lon="-85.6781531"/>
  <node id="9103900602" lat="38.2600943" lon="-85.6781301"/>
  <node id="9103900603" lat="38.2600880" lon="-85.6781080"/>
  <node id="9103900604" lat="38.2600783" lon="-85.6780726"/>
  <node id="9103900605" lat="38.2600776" lon="-85.6780523"/>
  <node id="9103900606" lat="38.2600815" lon="-85.6780424"/>
  <node id="9103900607" lat="38.2600897" lon="-85.6780349"/>
  <node id="9103900608" lat="38.2600978" lon="-85.6780350"/>
  <node id="9103900609" lat="38.2601211" lon="-85.6780432"/>
  <node id="9103900610" lat="38.2601316" lon="-85.6780567"/>
  <node id="9103900611" lat="38.2601346" lon="-85.6780620"/>
  <node id="9103900612" lat="38.2601561" lon="-85.6781057"/>
  <node id="9103900613" lat="38.2601652" lon="-85.6781249"/>
  <node id="9103900614" lat="38.2601776" lon="-85.6781531"/>
  <node id="9103900615" lat="38.2601860" lon="-85.6781761"/>
  <node id="9103900616" lat="38.2601846" lon="-85.6781991"/>
  <node id="9103900617" lat="38.2603828" lon="-85.6782039"/>
  <node id="9103900618" lat="38.2603334" lon="-85.6781978"/>
  <node id="9103900619" lat="38.2602535" lon="-85.6782019"/>
  <node id="9103900620" lat="38.2602200" lon="-85.6782263"/>
  <node id="9103900621" lat="38.2601865" lon="-85.6782588"/>
  <node id="9103900622" lat="38.2601450" lon="-85.6783198"/>
  <node id="9103900623" lat="38.2601306" lon="-85.6783869"/>
  <node id="9103900624" lat="38.2601306" lon="-85.6784417"/>
  <node id="9103900625" lat="38.2602344" lon="-85.6787819"/>
  <node id="9103900626" lat="38.2602869" lon="-85.6789102"/>
  <node id="9103900627" lat="38.2603352" lon="-85.6790167"/>
  <node id="9103900628" lat="38.2604626" lon="-85.6792711"/>
  <node id="9103900629" lat="38.2605190" lon="-85.6794164"/>
  <node id="9103900630" lat="38.2605494" lon="-85.6795137"/>
  <node id="9103900631" lat="38.2605696" lon="-85.6796350"/>
  <node id="9103900632" lat="38.2605808" lon="-85.6797163"/>
  <node id="9103900633" lat="38.2605887" lon="-85.6798098"/>
  <node id="9103900634" lat="38.2605951" lon="-85.6799053"/>
  <node id="9103900635" lat="38.2606015" lon="-85.6800984"/>
  <node id="9103900636" lat="38.2606191" lon="-85.6802061"/>
  <node id="9103900637" lat="38.2606191" lon="-85.6803139"/>
  <node id="9103900638" lat="38.2606510" lon="-85.6806046"/>
  <node id="9103900639" lat="38.2606781" lon="-85.6808790"/>
  <node id="9103900640" lat="38.2606813" lon="-85.6810070"/>
  <node id="9103900641" lat="38.2606902" lon="-85.6811063"/>
  <node id="9103900642" lat="38.2606980" lon="-85.6812004"/>
  <node id="9103900643" lat="38.2607217" lon="-85.6812781"/>
  <node id="9103900644" lat="38.2607776" lon="-85.6813915"/>
  <node id="9103900645" lat="38.2607946" lon="-85.6814309"/>
  <node id="9103900647" lat="38.2608883" lon="-85.6813574"/>
  <node id="9103900649" lat="38.2609203" lon="-85.6813265"/>
  <node id="9103900650" lat="38.2609175" lon="-85.6812571"/>
  <node id="9103900651" lat="38.2609175" lon="-85.6812124"/>
  <node id="9103900652" lat="38.2609223" lon="-85.6811702"/>
  <node id="9103900653" lat="38.2609280" lon="-85.6811125"/>
  <node id="9103900654" lat="38.2609319" lon="-85.6810741"/>
  <node id="9103900655" lat="38.2609319" lon="-85.6810070"/>
  <node id="9103900656" lat="38.2609319" lon="-85.6809440"/>
  <node id="9103900657" lat="38.2609239" lon="-85.6808607"/>
  <node id="9103900658" lat="38.2609271" lon="-85.6807428"/>
  <node id="9103900659" lat="38.2609159" lon="-85.6806229"/>
  <node id="9103900660" lat="38.2609127" lon="-85.6805131"/>
  <node id="9103900661" lat="38.2609016" lon="-85.6803708"/>
  <node id="9103900662" lat="38.2609000" lon="-85.6802468"/>
  <node id="9103900663" lat="38.2608872" lon="-85.6801126"/>
  <node id="9103900664" lat="38.2608537" lon="-85.6796289"/>
  <node id="9103900665" lat="38.2608345" lon="-85.6795130"/>
  <node id="9103900666" lat="38.2608266" lon="-85.6794500"/>
  <node id="9103900667" lat="38.2608090" lon="-85.6793768"/>
  <node id="9103900668" lat="38.2607962" lon="-85.6793321"/>
  <node id="9103900669" lat="38.2607683" lon="-85.6792294"/>
  <node id="9103900670" lat="38.2607499" lon="-85.6791712"/>
  <node id="9103900671" lat="38.2607215" lon="-85.6790952"/>
  <node id="9103900672" lat="38.2606941" lon="-85.6790272"/>
  <node id="9103900673" lat="38.2606414" lon="-85.6788856"/>
  <node id="9103900674" lat="38.2605848" lon="-85.6787399"/>
  <node id="9103900675" lat="38.2605233" lon="-85.6785759"/>
  <node id="9103900676" lat="38.2604930" lon="-85.6784871"/>
  <node id="9103900677" lat="38.2604488" lon="-85.6783526"/>
  <node id="9103900678" lat="38.2604120" lon="-85.6782660"/>
  <node id="9103900679" lat="38.2609533" lon="-85.6814584"/>
  <node id="9103900680" lat="38.2609464" lon="-85.6814404"/>
  <node id="9103900681" lat="38.2609377" lon="-85.6814193"/>
  <node id="9103900682" lat="38.2609263" lon="-85.6814024"/>
  <node id="9103900683" lat="38.2609212" lon="-85.6813948"/>
  <node id="9103900684" lat="38.2609088" lon="-85.6813826"/>
  <node id="9103900685" lat="38.2608974" lon="-85.6813732"/>
  <node id="9103900686" lat="38.2608850" lon="-85.6813691"/>
  <node id="9103900687" lat="38.2608786" lon="-85.6813674"/>
  <node id="9103900688" lat="38.2608667" lon="-85.6813662"/>
  <node id="9103900689" lat="38.2608529" lon="-85.6813680"/>
  <node id="9103900690" lat="38.2608401" lon="-85.6813709"/>
  <node id="9103900691" lat="38.2608300" lon="-85.6813732"/>
  <node id="9103900692" lat="38.2608231" lon="-85.6813779"/>
  <node id="9103900693" lat="38.2608167" lon="-85.6813849"/>
  <node id="9103900694" lat="38.2608103" lon="-85.6813931"/>
  <node id="9103900695" lat="38.2608039" lon="-85.6814047"/>
  <node id="9103900696" lat="38.2607993" lon="-85.6814153"/>
  <node id="9103900698" lat="38.2607887" lon="-85.6814516"/>
  <node id="9103900699" lat="38.2607804" lon="-85.6814746"/>
  <node id="9103900700" lat="38.2607762" lon="-85.6815020"/>
  <node id="9103900701" lat="38.2607752" lon="-85.6815238"/>
  <node id="9103900702" lat="38.2607776" lon="-85.6815577"/>
  <node id="9103900703" lat="38.2607845" lon="-85.6815799"/>
  <node id="9103900704" lat="38.2607952" lon="-85.6816044"/>
  <node id="9103900705" lat="38.2608068" lon="-85.6816220"/>
  <node id="9103900706" lat="38.2608193" lon="-85.6816383"/>
  <node id="9103900707" lat="38.2608325" lon="-85.6816515"/>
  <node id="9103900708" lat="38.2608526" lon="-85.6816625"/>
  <node id="9103900709" lat="38.2608707" lon="-85.6816648"/>
  <node id="9103900710" lat="38.2608943" lon="-85.6816601"/>
  <node id="9103900711" lat="38.2609117" lon="-85.6816489"/>
  <node id="9103900712" lat="38.2609270" lon="-85.6816347"/>
  <node id="9103900713" lat="38.2609374" lon="-85.6816250"/>
  <node id="9103900714" lat="38.2609471" lon="-85.6816064"/>
  <node id="9103900715" lat="38.2609547" lon="-85.6815816"/>
  <node id="9103900716" lat="38.2609589" lon="-85.6815648"/>
  <node id="9103900717" lat="38.2609624" lon="-85.6815436"/>
  <node id="9103900718" lat="38.2609640" lon="-85.6815132"/>
  <node id="9103900719" lat="38.2609624" lon="-85.6814967"/>
  <node id="9103900720" lat="38.2609589" lon="-85.6814790"/>
  <node id="9103900817" lat="38.2611639" lon="-85.6813647">
    <tag k="golf" v="tee"/>
    <tag k="landuse" v="grass"/>
    <tag k="ref" v="3"/>
  </node>
  <node id="9103900818" lat="38.2611801" lon="-85.6814261"/>
  <node id="9103900819" lat="38.2611197" lon="-85.6814146"/>
  <node id="9103900820" lat="38.2611018" lon="-85.6813985"/>
  <node id="9103900821" lat="38.2610986" lon="-85.6813569"/>
  <node id="9103900822" lat="38.2610997" lon="-85.6813274"/>
  <node id="9103900823" lat="38.2611060" lon="-85.6812899"/>
  <node id="9103900824" lat="38.2611113" lon="-85.6812563"/>
  <node id="9103900825" lat="38.2611186" lon="-85.6812268"/>
  <node id="9103900826" lat="38.2611270" lon="-85.6811812"/>
  <node id="9103900827" lat="38.2611376" lon="-85.6811437"/>
  <node id="9103900828" lat="38.2611468" lon="-85.6811060"/>
  <node id="9103900829" lat="38.2611565" lon="-85.6810740"/>
  <node id="9103900830" lat="38.2611659" lon="-85.6810375"/>
  <node id="9103900831" lat="38.2611728" lon="-85.6810153"/>
  <node id="9103900832" lat="38.2611829" lon="-85.6809921"/>
  <node id="9103900833" lat="38.2612008" lon="-85.6809600"/>
  <node id="9103900834" lat="38.2612069" lon="-85.6809494"/>
  <node id="9103900835" lat="38.2612233" lon="-85.6809454"/>
  <node id="9103900836" lat="38.2612645" lon="-85.6809637"/>
  <node id="9103900837" lat="38.2613095" lon="-85.6809888"/>
  <node id="9103900838" lat="38.2613215" lon="-85.6810075"/>
  <node id="9103900839" lat="38.2613272" lon="-85.6810310"/>
  <node id="9103900840" lat="38.2613124" lon="-85.6810820"/>
  <node id="9103900841" lat="38.2613018" lon="-85.6811289"/>
  <node id="9103900842" lat="38.2612892" lon="-85.6811663"/>
  <node id="9103900843" lat="38.2612703" lon="-85.6812314"/>
  <node id="9103900844" lat="38.2612576" lon="-85.6812845"/>
  <node id="9103900845" lat="38.2612383" lon="-85.6813502"/>
  <node id="9103900846" lat="38.2612261" lon="-85.6813979"/>
  <node id="9103900847" lat="38.2614694" lon="-85.6805836"/>
  <node id="9103900848" lat="38.2613860" lon="-85.6805917"/>
  <node id="9103900849" lat="38.2613123" lon="-85.6805809"/>
  <node id="9103900850" lat="38.2612398" lon="-85.6805357"/>
  <node id="9103900851" lat="38.2612154" lon="-85.6804844"/>
  <node id="9103900852" lat="38.2612091" lon="-85.6803852"/>
  <node id="9103900853" lat="38.2612344" lon="-85.6802698"/>
  <node id="9103900854" lat="38.2612618" lon="-85.6801250"/>
  <node id="9103900855" lat="38.2612976" lon="-85.6800097"/>
  <node id="9103900856" lat="38.2614085" lon="-85.6796417"/>
  <node id="9103900857" lat="38.2616323" lon="-85.6791344"/>
  <node id="9103900858" lat="38.2617478" lon="-85.6788860"/>
  <node id="9103900859" lat="38.2619062" lon="-85.6786873"/>
  <node id="9103900860" lat="38.2620132" lon="-85.6785478"/>
  <node id="9103900861" lat="38.2620461" lon="-85.6785066"/>
  <node id="9103900862" lat="38.2620641" lon="-85.6784593"/>
  <node id="9103900863" lat="38.2620758" lon="-85.6783680"/>
  <node id="9103900864" lat="38.2621624" lon="-85.6783186"/>
  <node id="9103900865" lat="38.2622341" lon="-85.6783795"/>
  <node id="9103900866" lat="38.2622829" lon="-85.6784928"/>
  <node id="9103900867" lat="38.2622534" lon="-85.6786187"/>
  <node id="9103900868" lat="38.2621770" lon="-85.6786273"/>
  <node id="9103900869" lat="38.2621459" lon="-85.6786860"/>
  <node id="9103900870" lat="38.2621183" lon="-85.6787137"/>
  <node id="9103900871" lat="38.2620911" lon="-85.6787394"/>
  <node id="9103900872" lat="38.2620630" lon="-85.6787676"/>
  <node id="9103900873" lat="38.2620449" lon="-85.6787844"/>
  <node id="9103900874" lat="38.2619952" lon="-85.6788670"/>
  <node id="9103900875" lat="38.2619292" lon="-85.6789814"/>
  <node id="9103900876" lat="38.2618478" lon="-85.6792046"/>
  <node id="9103900877" lat="38.2618540" lon="-85.6792756"/>
  <node id="9103900878" lat="38.2618495" lon="-85.6793540"/>
  <node id="9103900879" lat="38.2617679" lon="-85.6794881"/>
  <node id="9103900880" lat="38.2616799" lon="-85.6797262"/>
  <node id="9103900881" lat="38.2615919" lon="-85.6800718"/>
  <node id="9103900882" lat="38.2615497" lon="-85.6802703"/>
  <node id="9103900883" lat="38.2615149" lon="-85.6804781"/>
  <node id="9103900884" lat="38.2614984" lon="-85.6805552"/>
  <node id="9103900885" lat="38.2620570" lon="-85.6784852"/>
  <node id="9103900886" lat="38.2620768" lon="-85.6784433"/>
  <node id="9103900887" lat="38.2620701" lon="-85.6784456"/>
  <node id="9103900888" lat="38.2621641" lon="-85.6786601"/>
  <node id="9103900889" lat="38.2618310" lon="-85.6787788"/>
  <node id="9103900890" lat="38.2618592" lon="-85.6793121"/>
  <node id="9103900891" lat="38.2620331" lon="-85.6781214"/>
  <node id="9103900892" lat="38.2620528" lon="-85.6780380"/>
  <node id="9103900893" lat="38.2620758" lon="-85.6779704"/>
  <node id="9103900894" lat="38.2620957" lon="-85.6779605"/>
  <node id="9103900895" lat="38.2621323" lon="-85.6779693"/>
  <node id="9103900896" lat="38.2621575" lon="-85.6779965"/>
  <node id="9103900897" lat="38.2621642" lon="-85.6780126"/>
  <node id="9103900898" lat="38.2621511" lon="-85.6780694"/>
  <node id="9103900899" lat="38.2621344" lon="-85.6781444"/>
  <node id="9103900900" lat="38.2621234" lon="-85.6781618"/>
  <node id="9103900901" lat="38.2620981" lon="-85.6781747"/>
  <node id="9103900902" lat="38.2620583" lon="-85.6781649"/>
  <node id="9103900903" lat="38.2620395" lon="-85.6781486"/>
  <node id="9103900904" lat="38.2620349" lon="-85.6781374"/>
  <node id="9103900905" lat="38.2619208" lon="-85.6781488"/>
  <node id="9103900906" lat="38.2619425" lon="-85.6780595"/>
  <node id="9103900907" lat="38.2619643" lon="-85.6779763"/>
  <node id="9103900908" lat="38.2619698" lon="-85.6779311"/>
  <node id="9103900909" lat="38.2619232" lon="-85.6778977"/>
  <node id="9103900910" lat="38.2618798" lon="-85.6779029"/>
  <node id="9103900911" lat="38.2618498" lon="-85.6779627"/>
  <node id="9103900912" lat="38.2618264" lon="-85.6780133"/>
  <node id="9103900913" lat="38.2618095" lon="-85.6780548"/>
  <node id="9103900914" lat="38.2618010" lon="-85.6780995"/>
  <node id="9103900915" lat="38.2618068" lon="-85.6781269"/>
  <node id="9103900916" lat="38.2618304" lon="-85.6781518"/>
  <node id="9103900917" lat="38.2618845" lon="-85.6781550"/>
  <node id="9103900918" lat="38.2617393" lon="-85.6781322"/>
  <node id="9103900919" lat="38.2617081" lon="-85.6781389"/>
  <node id="9103900920" lat="38.2616897" lon="-85.6781149"/>
  <node id="9103900921" lat="38.2617030" lon="-85.6780595"/>
  <node id="9103900922" lat="38.2617345" lon="-85.6779901"/>
  <node id="9103900923" lat="38.2617602" lon="-85.6779459"/>
  <node id="9103900924" lat="38.2618002" lon="-85.6778811"/>
  <node id="9103900925" lat="38.2618301" lon="-85.6778477"/>
  <node id="9103900926" lat="38.2618703" lon="-85.6778350"/>
  <node id="9103900927" lat="38.2618542" lon="-85.6778993"/>
  <node id="9103900928" lat="38.2618313" lon="-85.6779393"/>
  <node id="9103900929" lat="38.2618119" lon="-85.6779732"/>
  <node id="9103900930" lat="38.2617913" lon="-85.6780087"/>
  <node id="9103900931" lat="38.2617706" lon="-85.6780518"/>
  <node id="9103900932" lat="38.2617529" lon="-85.6780998"/>
  <node id="9103901002" lat="38.2598866" lon="-85.6770650"/>
  <node id="9103901136" lat="38.2605039" lon="-85.6770265"/>
  <node id="9103901137" lat="38.2604745" lon="-85.6770662"/>
  <node id="9103901138" lat="38.2604452" lon="-85.6770942"/>
  <node id="9103901139" lat="38.2604094" lon="-85.6771077"/>
  <node id="9103901140" lat="38.2603884" lon="-85.6770916"/>
  <node id="9103901141" lat="38.2603728" lon="-85.6770627"/>
  <node id="9103901143" lat="38.2603246" lon="-85.6769735"/>
  <node id="9103901145" lat="38.2603317" lon="-85.6768898"/>
  <node id="9103901146" lat="38.2603712" lon="-85.6768450"/>
  <node id="9103901147" lat="38.2603855" lon="-85.6768342"/>
  <node id="9103901148" lat="38.2604049" lon="-85.6768392"/>
  <node id="9103901149" lat="38.2604398" lon="-85.6768856"/>
  <node id="9103901150" lat="38.2604709" lon="-85.6769401"/>
  <node id="9103901151" lat="38.2604910" lon="-85.6769705"/>
  <node id="9103901152" lat="38.2605057" lon="-85.6770078"/>
  <node id="9103901153" lat="38.2608695" lon="-85.6769678"/>
  <node id="9103901154" lat="38.2608641" lon="-85.6769385"/>
  <node id="9103901155" lat="38.2608439" lon="-85.6769146"/>
  <node id="9103901156" lat="38.2608245" lon="-85.6768881"/>
  <node id="9103901157" lat="38.2608016" lon="-85.6768571"/>
  <node id="9103901158" lat="38.2607856" lon="-85.6768403"/>
  <node id="9103901159" lat="38.2607664" lon="-85.6768384"/>
  <node id="9103901160" lat="38.2607579" lon="-85.6768554"/>
  <node id="9103901161" lat="38.2607577" lon="-85.6768768"/>
  <node id="9103901162" lat="38.2607606" lon="-85.6768978"/>
  <node id="9103901163" lat="38.2607759" lon="-85.6769199"/>
  <node id="9103901164" lat="38.2607946" lon="-85.6769421"/>
  <node id="9103901165" lat="38.2608071" lon="-85.6769642"/>
  <node id="9103901166" lat="38.2608186" lon="-85.6769869"/>
  <node id="9103901167" lat="38.2608296" lon="-85.6769893"/>
  <node id="9103901168" lat="38.2608523" lon="-85.6769810"/>
  <node id="9103901169" lat="38.2608629" lon="-85.6769762"/>
  <node id="9103901170" lat="38.2608881" lon="-85.6769036"/>
  <node id="9103901171" lat="38.2608736" lon="-85.6768863"/>
  <node id="9103901172" lat="38.2608621" lon="-85.6768705"/>
  <node id="9103901173" lat="38.2608461" lon="-85.6768474"/>
  <node id="9103901174" lat="38.2608352" lon="-85.6768243"/>
  <node id="9103901175" lat="38.2608277" lon="-85.6768089"/>
  <node id="9103901176" lat="38.2608243" lon="-85.6767954"/>
  <node id="9103901177" lat="38.2608228" lon="-85.6767800"/>
  <node id="9103901178" lat="38.2608277" lon="-85.6767715"/>
  <node id="9103901179" lat="38.2608367" lon="-85.6767669"/>
  <node id="9103901180" lat="38.2608467" lon="-85.6767727"/>
  <node id="9103901181" lat="38.2608564" lon="-85.6767823"/>
  <node id="9103901182" lat="38.2608640" lon="-85.6767900"/>
  <node id="9103901183" lat="38.2608736" lon="-85.6768042"/>
  <node id="9103901184" lat="38.2608839" lon="-85.6768235"/>
  <node id="9103901185" lat="38.2608945" lon="-85.6768362"/>
  <node id="9103901186" lat="38.2609066" lon="-85.6768543"/>
  <node id="9103901187" lat="38.2609184" lon="-85.6768670"/>
  <node id="9103901188" lat="38.2609284" lon="-85.6768832"/>
  <node id="9103901189" lat="38.2609284" lon="-85.6768940"/>
  <node id="9103901190" lat="38.2609284" lon="-85.6769071"/>
  <node id="9103901191" lat="38.2609223" lon="-85.6769213"/>
  <node id="9103901192" lat="38.2609138" lon="-85.6769271"/>
  <node id="9103901193" lat="38.2609045" lon="-85.6769290"/>
  <node id="9103901194" lat="38.2608930" lon="-85.6769144"/>
  <node id="9103901195" lat="38.2608413" lon="-85.6769882"/>
  <node id="9103901196" lat="38.2614322" lon="-85.6761527"/>
  <node id="9103901197" lat="38.2614322" lon="-85.6760943"/>
  <node id="9103901198" lat="38.2614340" lon="-85.6759916"/>
  <node id="9103901199" lat="38.2614487" lon="-85.6759262"/>
  <node id="9103901200" lat="38.2614945" lon="-85.6758561"/>
  <node id="9103901201" lat="38.2615606" lon="-85.6758071"/>
  <node id="9103901202" lat="38.2616137" lon="-85.6757908"/>
  <node id="9103901203" lat="38.2617201" lon="-85.6757534"/>
  <node id="9103901204" lat="38.2617861" lon="-85.6757277"/>
  <node id="9103901205" lat="38.2618612" lon="-85.6756927"/>
  <node id="9103901206" lat="38.2619877" lon="-85.6756530"/>
  <node id="9103901207" lat="38.2620427" lon="-85.6756250"/>
  <node id="9103901208" lat="38.2620844" lon="-85.6755828"/>
  <node id="9103901209" lat="38.2621001" lon="-85.6755528"/>
  <node id="9103901210" lat="38.2621069" lon="-85.6755231"/>
  <node id="9103901211" lat="38.2621145" lon="-85.6754764"/>
  <node id="9103901212" lat="38.2621189" lon="-85.6754551"/>
  <node id="9103901213" lat="38.2621253" lon="-85.6753692"/>
  <node id="9103901214" lat="38.2621353" lon="-85.6753148"/>
  <node id="9103901215" lat="38.2621450" lon="-85.6752491"/>
  <node id="9103901216" lat="38.2621579" lon="-85.6751800"/>
  <node id="9103901217" lat="38.2621680" lon="-85.6751238"/>
  <node id="9103901218" lat="38.2621764" lon="-85.6750701"/>
  <node id="9103901219" lat="38.2622544" lon="-85.6751289"/>
  <node id="9103901220" lat="38.2622943" lon="-85.6751632"/>
  <node id="9103901221" lat="38.2623254" lon="-85.6751946"/>
  <node id="9103901222" lat="38.2623457" lon="-85.6752281"/>
  <node id="9103901223" lat="38.2623523" lon="-85.6752755"/>
  <node id="9103901224" lat="38.2623398" lon="-85.6754507"/>
  <node id="9103901225" lat="38.2623160" lon="-85.6755697"/>
  <node id="9103901226" lat="38.2622942" lon="-85.6756873"/>
  <node id="9103901227" lat="38.2622719" lon="-85.6757902"/>
  <node id="9103901228" lat="38.2622480" lon="-85.6758603"/>
  <node id="9103901229" lat="38.2621977" lon="-85.6759152"/>
  <node id="9103901230" lat="38.2621458" lon="-85.6759711"/>
  <node id="9103901231" lat="38.2620956" lon="-85.6759975"/>
  <node id="9103901232" lat="38.2620517" lon="-85.6760209"/>
  <node id="9103901233" lat="38.2619775" lon="-85.6760697"/>
  <node id="9103901234" lat="38.2618729" lon="-85.6761245"/>
  <node id="9103901235" lat="38.2617827" lon="-85.6761693"/>
  <node id="9103901236" lat="38.2616941" lon="-85.6762130"/>
  <node id="9103901237" lat="38.2616487" lon="-85.6762323"/>
  <node id="9103901238" lat="38.2616080" lon="-85.6762435"/>
  <node id="9103901239" lat="38.2615521" lon="-85.6762363"/>
  <node id="9103901240" lat="38.2615218" lon="-85.6762363"/>
  <node id="9103901241" lat="38.2614827" lon="-85.6762170"/>
  <node id="9103901242" lat="38.2614547" lon="-85.6761896"/>
  <node id="9103901243" lat="38.2623412" lon="-85.6751126"/>
  <node id="9103901244" lat="38.2623079" lon="-85.6750905"/>
  <node id="9103901245" lat="38.2622467" lon="-85.6750268"/>
  <node id="9103901246" lat="38.2621939" lon="-85.6749719"/>
  <node id="9103901247" lat="38.2621550" lon="-85.6748604"/>
  <node id="9103901248" lat="38.2621467" lon="-85.6747879"/>
  <node id="9103901249" lat="38.2621467" lon="-85.6747153"/>
  <node id="9103901250" lat="38.2621578" lon="-85.6746286"/>
  <node id="9103901251" lat="38.2621536" lon="-85.6745684"/>
  <node id="9103901252" lat="38.2621661" lon="-85.6744711"/>
  <node id="9103901253" lat="38.2621786" lon="-85.6743278"/>
  <node id="9103901254" lat="38.2621995" lon="-85.6742234"/>
  <node id="9103901255" lat="38.2622148" lon="-85.6740818"/>
  <node id="9103901256" lat="38.2622300" lon="-85.6739845"/>
  <node id="9103901257" lat="38.2622370" lon="-85.6738818"/>
  <node id="9103901258" lat="38.2622537" lon="-85.6737810"/>
  <node id="9103901259" lat="38.2622634" lon="-85.6736890"/>
  <node id="9103901260" lat="38.2622815" lon="-85.6736111"/>
  <node id="9103901261" lat="38.2623051" lon="-85.6735403"/>
  <node id="9103901262" lat="38.2623481" lon="-85.6735226"/>
  <node id="9103901263" lat="38.2624135" lon="-85.6735669"/>
  <node id="9103901264" lat="38.2624718" lon="-85.6735881"/>
  <node id="9103901265" lat="38.2625177" lon="-85.6736022"/>
  <node id="9103901266" lat="38.2625274" lon="-85.6736553"/>
  <node id="9103901267" lat="38.2625093" lon="-85.6737173"/>
  <node id="9103901268" lat="38.2624371" lon="-85.6737721"/>
  <node id="9103901269" lat="38.2624273" lon="-85.6738146"/>
  <node id="9103901270" lat="38.2624593" lon="-85.6738500"/>
  <node id="9103901271" lat="38.2624885" lon="-85.6739084"/>
  <node id="9103901272" lat="38.2624913" lon="-85.6739739"/>
  <node id="9103901273" lat="38.2624607" lon="-85.6741862"/>
  <node id="9103901274" lat="38.2624315" lon="-85.6744410"/>
  <node id="9103901275" lat="38.2624246" lon="-85.6746322"/>
  <node id="9103901276" lat="38.2623926" lon="-85.6748976"/>
  <node id="9103901277" lat="38.2623759" lon="-85.6750409"/>
  <node id="9103901278" lat="38.2623704" lon="-85.6751029"/>
  <node id="9103901279" lat="38.2625170" lon="-85.6735023"/>
  <node id="9103901280" lat="38.2624774" lon="-85.6735067"/>
  <node id="9103901281" lat="38.2624440" lon="-85.6734855"/>
  <node id="9103901282" lat="38.2624190" lon="-85.6734501"/>
  <node id="9103901283" lat="38.2624079" lon="-85.6733961"/>
  <node id="9103901284" lat="38.2624079" lon="-85.6733386"/>
  <node id="9103901285" lat="38.2624190" lon="-85.6733014"/>
  <node id="9103901286" lat="38.2624412" lon="-85.6732572"/>
  <node id="9103901287" lat="38.2624704" lon="-85.6732271"/>
  <node id="9103901288" lat="38.2625149" lon="-85.6732200"/>
  <node id="9103901289" lat="38.2625468" lon="-85.6732359"/>
  <node id="9103901290" lat="38.2625844" lon="-85.6732873"/>
  <node id="9103901291" lat="38.2625934" lon="-85.6733501"/>
  <node id="9103901292" lat="38.2625927" lon="-85.6733864"/>
  <node id="9103901293" lat="38.2625829" lon="-85.6734341"/>
  <node id="9103901294" lat="38.2625524" lon="-85.6734766"/>
  <node id="9103901295" lat="38.2627954" lon="-85.6730618"/>
  <node id="9103901296" lat="38.2628178" lon="-85.6730205"/>
  <node id="9103901297" lat="38.2628352" lon="-85.6729816"/>
  <node id="9103901298" lat="38.2628407" lon="-85.6729551"/>
  <node id="9103901299" lat="38.2628254" lon="-85.6729214"/>
  <node id="9103901300" lat="38.2627956" lon="-85.6728905"/>
  <node id="9103901301" lat="38.2627685" lon="-85.6728666"/>
  <node id="9103901302" lat="38.2627400" lon="-85.6728347"/>
  <node id="9103901303" lat="38.2627178" lon="-85.6728321"/>
  <node id="9103901304" lat="38.2626907" lon="-85.6728586"/>
  <node id="9103901305" lat="38.2626650" lon="-85.6729002"/>
  <node id="9103901306" lat="38.2626316" lon="-85.6729595"/>
  <node id="9103901307" lat="38.2626198" lon="-85.6729843"/>
  <node id="9103901308" lat="38.2626198" lon="-85.6730099"/>
  <node id="9103901309" lat="38.2626344" lon="-85.6730338"/>
  <node id="9103901310" lat="38.2626512" lon="-85.6730578"/>
  <node id="9103901311" lat="38.2626726" lon="-85.6730781"/>
  <node id="9103901312" lat="38.2626920" lon="-85.6730978"/>
  <node id="9103901313" lat="38.2627189" lon="-85.6731148"/>
  <node id="9103901314" lat="38.2627396" lon="-85.6731213"/>
  <node id="9103901315" lat="38.2627560" lon="-85.6731166"/>
  <node id="9103901316" lat="38.2627708" lon="-85.6731032"/>
  <node id="9103901317" lat="38.2627804" lon="-85.6730880"/>
  <node id="9103901318" lat="38.2634211" lon="-85.6720885"/>
  <node id="9103901319" lat="38.2633817" lon="-85.6720990"/>
  <node id="9103901320" lat="38.2633471" lon="-85.6720943"/>
  <node id="9103901321" lat="38.2633193" lon="-85.6720803"/>
  <node id="9103901322" lat="38.2632988" lon="-85.6720433"/>
  <node id="9103901323" lat="38.2632897" lon="-85.6720009"/>
  <node id="9103901324" lat="38.2632894" lon="-85.6719496"/>
  <node id="9103901325" lat="38.2632994" lon="-85.6719048"/>
  <node id="9103901326" lat="38.2633202" lon="-85.6718779"/>
  <node id="9103901327" lat="38.2633432" lon="-85.6718646"/>
  <node id="9103901328" lat="38.2633743" lon="-85.6718538"/>
  <node id="9103901329" lat="38.2634082" lon="-85.6718561"/>
  <node id="9103901330" lat="38.2634458" lon="-85.6718678"/>
  <node id="9103901331" lat="38.2634761" lon="-85.6719052"/>
  <node id="9103901332" lat="38.2634907" lon="-85.6719530"/>
  <node id="9103901333" lat="38.2634872" lon="-85.6720110"/>
  <node id="9103901334" lat="38.2634725" lon="-85.6720523"/>
  <node id="9103901335" lat="38.2634449" lon="-85.6720803"/>
  <node id="9103901336" lat="38.2635522" lon="-85.6729781"/>
  <node id="9103901337" lat="38.2635320" lon="-85.6729874"/>
  <node id="9103901338" lat="38.2635148" lon="-85.6729785"/>
  <node id="9103901339" lat="38.2634962" lon="-85.6729583"/>
  <node id="9103901340" lat="38.2634816" lon="-85.6729279"/>
  <node id="9103901341" lat="38.2635039" lon="-85.6728613"/>
  <node id="9103901342" lat="38.2635222" lon="-85.6728244"/>
  <node id="9103901343" lat="38.2635443" lon="-85.6727742"/>
  <node id="9103901344" lat="38.2635659" lon="-85.6727178"/>
  <node id="9103901345" lat="38.2635860" lon="-85.6726633"/>
  <node id="9103901346" lat="38.2636072" lon="-85.6726115"/>
  <node id="9103901347" lat="38.2636475" lon="-85.6725169"/>
  <node id="9103901348" lat="38.2636704" lon="-85.6725088"/>
  <node id="9103901349" lat="38.2636979" lon="-85.6725181"/>
  <node id="9103901350" lat="38.2637172" lon="-85.6725391"/>
  <node id="9103901351" lat="38.2637254" lon="-85.6725706"/>
  <node id="9103901352" lat="38.2637190" lon="-85.6726033"/>
  <node id="9103901353" lat="38.2636796" lon="-85.6726967"/>
  <node id="9103901354" lat="38.2636557" lon="-85.6727516"/>
  <node id="9103901355" lat="38.2636264" lon="-85.6728147"/>
  <node id="9103901356" lat="38.2635971" lon="-85.6728800"/>
  <node id="9103901357" lat="38.2635839" lon="-85.6729083"/>
  <node id="9103901358" lat="38.2635687" lon="-85.6729466"/>
  <node id="9103901359" lat="38.2634921" lon="-85.6728882"/>
  <node id="9103901360" lat="38.2634797" lon="-85.6735046"/>
  <node id="9103901361" lat="38.2634541" lon="-85.6734883"/>
  <node id="9103901362" lat="38.2634367" lon="-85.6734638"/>
  <node id="9103901363" lat="38.2634541" lon="-85.6734031"/>
  <node id="9103901364" lat="38.2634761" lon="-85.6733517"/>
  <node id="9103901365" lat="38.2634898" lon="-85.6733190"/>
  <node id="9103901366" lat="38.2635082" lon="-85.6732922"/>
  <node id="9103901367" lat="38.2635228" lon="-85.6732782"/>
  <node id="9103901368" lat="38.2635412" lon="-85.6732817"/>
  <node id="9103901369" lat="38.2635558" lon="-85.6733015"/>
  <node id="9103901370" lat="38.2635503" lon="-85.6733400"/>
  <node id="9103901371" lat="38.2635338" lon="-85.6733821"/>
  <node id="9103901372" lat="38.2635219" lon="-85.6734148"/>
  <node id="9103901373" lat="38.2635091" lon="-85.6734486"/>
  <node id="9103901374" lat="38.2634962" lon="-85.6734813"/>
  <node id="9103901375" lat="38.2633487" lon="-85.6736658"/>
  <node id="9103901376" lat="38.2633120" lon="-85.6736518"/>
  <node id="9103901377" lat="38.2632863" lon="-85.6736436"/>
  <node id="9103901378" lat="38.2632524" lon="-85.6736506"/>
  <node id="9103901379" lat="38.2632228" lon="-85.6736823"/>
  <node id="9103901380" lat="38.2631967" lon="-85.6737232"/>
  <node id="9103901381" lat="38.2631717" lon="-85.6737720"/>
  <node id="9103901382" lat="38.2631415" lon="-85.6738175"/>
  <node id="9103901383" lat="38.2631176" lon="-85.6738689"/>
  <node id="9103901384" lat="38.2630887" lon="-85.6739649"/>
  <node id="9103901385" lat="38.2630086" lon="-85.6741900"/>
  <node id="9103901386" lat="38.2629435" lon="-85.6743523"/>
  <node id="9103901387" lat="38.2628679" lon="-85.6745664"/>
  <node id="9103901388" lat="38.2628010" lon="-85.6747560"/>
  <node id="9103901389" lat="38.2627546" lon="-85.6748963"/>
  <node id="9103901390" lat="38.2627033" lon="-85.6750334"/>
  <node id="9103901391" lat="38.2626419" lon="-85.6751987"/>
  <node id="9103901392" lat="38.2625795" lon="-85.6753633"/>
  <node id="9103901393" lat="38.2625379" lon="-85.6755039"/>
  <node id="9103901394" lat="38.2625575" lon="-85.6756108"/>
  <node id="9103901395" lat="38.2625997" lon="-85.6757019"/>
  <node id="9103901396" lat="38.2626437" lon="-85.6757497"/>
  <node id="9103901397" lat="38.2626758" lon="-85.6758058"/>
  <node id="9103901398" lat="38.2627070" lon="-85.6758385"/>
  <node id="9103901399" lat="38.2627253" lon="-85.6758420"/>
  <node id="9103901400" lat="38.2627482" lon="-85.6757918"/>
  <node id="9103901401" lat="38.2627776" lon="-85.6756867"/>
  <node id="9103901402" lat="38.2628161" lon="-85.6755805"/>
  <node id="9103901403" lat="38.2628894" lon="-85.6753341"/>
  <node id="9103901404" lat="38.2629682" lon="-85.6750679"/>
  <node id="9103901405" lat="38.2630214" lon="-85.6748940"/>
  <node id="9103901406" lat="38.2631021" lon="-85.6746605"/>
  <node id="9103901407" lat="38.2631681" lon="-85.6744783"/>
  <node id="9103901408" lat="38.2632176" lon="-85.6743464"/>
  <node id="9103901409" lat="38.2632671" lon="-85.6742320"/>
  <node id="9103901410" lat="38.2633248" lon="-85.6740552"/>
  <node id="9103901411" lat="38.2633646" lon="-85.6739448"/>
  <node id="9103901412" lat="38.2633890" lon="-85.6738724"/>
  <node id="9103901413" lat="38.2634119" lon="-85.6737825"/>
  <node id="9103901414" lat="38.2634197" lon="-85.6737239"/>
  <node id="9103901415" lat="38.2633945" lon="-85.6736868"/>
  <node id="9103901416" lat="38.2626914" lon="-85.6759377"/>
  <node id="9103901417" lat="38.2626786" lon="-85.6758945"/>
  <node id="9103901418" lat="38.2626474" lon="-85.6758607"/>
  <node id="9103901419" lat="38.2626292" lon="-85.6757881"/>
  <node id="9103901420" lat="38.2625951" lon="-85.6757416"/>
  <node id="9103901421" lat="38.2625814" lon="-85.6757019"/>
  <node id="9103901422" lat="38.2625511" lon="-85.6756774"/>
  <node id="9103901423" lat="38.2625209" lon="-85.6756704"/>
  <node id="9103901424" lat="38.2624970" lon="-85.6756809"/>
  <node id="9103901425" lat="38.2624650" lon="-85.6757346"/>
  <node id="9103901426" lat="38.2624439" lon="-85.6757918"/>
  <node id="9103901427" lat="38.2624026" lon="-85.6758980"/>
  <node id="9103901428" lat="38.2623660" lon="-85.6759914"/>
  <node id="9103901429" lat="38.2622844" lon="-85.6762121"/>
  <node id="9103901430" lat="38.2622422" lon="-85.6763101"/>
  <node id="9103901431" lat="38.2622010" lon="-85.6764035"/>
  <node id="9103901432" lat="38.2621771" lon="-85.6764689"/>
  <node id="9103901433" lat="38.2621716" lon="-85.6765028"/>
  <node id="9103901434" lat="38.2621725" lon="-85.6765507"/>
  <node id="9103901435" lat="38.2621931" lon="-85.6765358"/>
  <node id="9103901436" lat="38.2622166" lon="-85.6765487"/>
  <node id="9103901437" lat="38.2622705" lon="-85.6766464"/>
  <node id="9103901438" lat="38.2622981" lon="-85.6766312"/>
  <node id="9103901439" lat="38.2623540" lon="-85.6765950"/>
  <node id="9103901440" lat="38.2623889" lon="-85.6765483"/>
  <node id="9103901441" lat="38.2624375" lon="-85.6764713"/>
  <node id="9103901442" lat="38.2624970" lon="-85.6763463"/>
  <node id="9103901443" lat="38.2625777" lon="-85.6761911"/>
  <node id="9103901444" lat="38.2626355" lon="-85.6760953"/>
  <node id="9103901445" lat="38.2626786" lon="-85.6759961"/>
  <node id="9103901446" lat="38.2622449" lon="-85.6767503"/>
  <node id="9103901447" lat="38.2622615" lon="-85.6767013"/>
  <node id="9103901448" lat="38.2622688" lon="-85.6766674"/>
  <node id="9103901449" lat="38.2622715" lon="-85.6766335"/>
  <node id="9103901450" lat="38.2622587" lon="-85.6765910"/>
  <node id="9103901451" lat="38.2622449" lon="-85.6765793"/>
  <node id="9103901452" lat="38.2622179" lon="-85.6765600"/>
  <node id="9103901453" lat="38.2621973" lon="-85.6765576"/>
  <node id="9103901454" lat="38.2621680" lon="-85.6765688"/>
  <node id="9103901455" lat="38.2621487" lon="-85.6765804"/>
  <node id="9103901456" lat="38.2621212" lon="-85.6766085"/>
  <node id="9103901457" lat="38.2621056" lon="-85.6766359"/>
  <node id="9103901458" lat="38.2620850" lon="-85.6766890"/>
  <node id="9103901459" lat="38.2620763" lon="-85.6767287"/>
  <node id="9103901460" lat="38.2620753" lon="-85.6767631"/>
  <node id="9103901461" lat="38.2620836" lon="-85.6768110"/>
  <node id="9103901462" lat="38.2621065" lon="-85.6768443"/>
  <node id="9103901463" lat="38.2621336" lon="-85.6768617"/>
  <node id="9103901464" lat="38.2621689" lon="-85.6768700"/>
  <node id="9103901465" lat="38.2621973" lon="-85.6768565"/>
  <node id="9103901466" lat="38.2622198" lon="-85.6768221"/>
  <node id="9103901467" lat="38.2622363" lon="-85.6767848"/>
  <node id="9103901468" lat="38.2625630" lon="-85.6767338"/>
  <node id="9103901469" lat="38.2625836" lon="-85.6766549"/>
  <node id="9103901470" lat="38.2625900" lon="-85.6765720"/>
  <node id="9103901471" lat="38.2625897" lon="-85.6765426"/>
  <node id="9103901472" lat="38.2625713" lon="-85.6765207"/>
  <node id="9103901473" lat="38.2625127" lon="-85.6764967"/>
  <node id="9103901474" lat="38.2624896" lon="-85.6764968"/>
  <node id="9103901475" lat="38.2624764" lon="-85.6765354"/>
  <node id="9103901476" lat="38.2624632" lon="-85.6765926"/>
  <node id="9103901477" lat="38.2624389" lon="-85.6766781"/>
  <node id="9103901478" lat="38.2624237" lon="-85.6767402"/>
  <node id="9103901480" lat="38.2624289" lon="-85.6767574"/>
  <node id="9103901481" lat="38.2625145" lon="-85.6767852"/>
  <node id="9103901482" lat="38.2625447" lon="-85.6767800"/>
  <node id="9103901483" lat="38.2625575" lon="-85.6767550"/>
  <node id="9103901484" lat="38.2623682" lon="-85.6778107"/>
  <node id="9103901485" lat="38.2623554" lon="-85.6777698"/>
  <node id="9103901486" lat="38.2623430" lon="-85.6777430"/>
  <node id="9103901487" lat="38.2623237" lon="-85.6777218"/>
  <node id="9103901488" lat="38.2622967" lon="-85.6777153"/>
  <node id="9103901489" lat="38.2622679" lon="-85.6777218"/>
  <node id="9103901490" lat="38.2622529" lon="-85.6777315"/>
  <node id="9103901491" lat="38.2622261" lon="-85.6777546"/>
  <node id="9103901492" lat="38.2622096" lon="-85.6777757"/>
  <node id="9103901493" lat="38.2621904" lon="-85.6778154"/>
  <node id="9103901494" lat="38.2621869" lon="-85.6778639"/>
  <node id="9103901495" lat="38.2621968" lon="-85.6779076"/>
  <node id="9103901496" lat="38.2622120" lon="-85.6779289"/>
  <node id="9103901497" lat="38.2622324" lon="-85.6779414"/>
  <node id="9103901498" lat="38.2622660" lon="-85.6779455"/>
  <node id="9103901499" lat="38.2622967" lon="-85.6779344"/>
  <node id="9103901500" lat="38.2623215" lon="-85.6779216"/>
  <node id="9103901501" lat="38.2623435" lon="-85.6779052"/>
  <node id="9103901502" lat="38.2623563" lon="-85.6778854"/>
  <node id="9103901503" lat="38.2623664" lon="-85.6778562"/>
  <node id="9103901504" lat="38.2622426" lon="-85.6784318"/>
  <node id="9103901505" lat="38.2622298" lon="-85.6784038"/>
  <node id="9103901506" lat="38.2622069" lon="-85.6783771"/>
  <node id="9103901507" lat="38.2621826" lon="-85.6783661"/>
  <node id="9103901508" lat="38.2621363" lon="-85.6783617"/>
  <node id="9103901509" lat="38.2621115" lon="-85.6783711"/>
  <node id="9103901510" lat="38.2620899" lon="-85.6783941"/>
  <node id="9103901511" lat="38.2620804" lon="-85.6784283"/>
  <node id="9103901512" lat="38.2620730" lon="-85.6784808"/>
  <node id="9103901513" lat="38.2620749" lon="-85.6785231"/>
  <node id="9103901514" lat="38.2620907" lon="-85.6785637"/>
  <node id="9103901515" lat="38.2621170" lon="-85.6785882"/>
  <node id="9103901516" lat="38.2621381" lon="-85.6785969"/>
  <node id="9103901517" lat="38.2621720" lon="-85.6785999"/>
  <node id="9103901518" lat="38.2621968" lon="-85.6785917"/>
  <node id="9103901519" lat="38.2622206" lon="-85.6785754"/>
  <node id="9103901520" lat="38.2622380" lon="-85.6785509"/>
  <node id="9103901521" lat="38.2622500" lon="-85.6785217"/>
  <node id="9103901522" lat="38.2622527" lon="-85.6784878"/>
  <node id="9103901523" lat="38.2622518" lon="-85.6784598"/>
  <node id="9103901524" lat="38.2624159" lon="-85.6789490"/>
  <node id="9103901525" lat="38.2623765" lon="-85.6789315"/>
  <node id="9103901526" lat="38.2623398" lon="-85.6789105"/>
  <node id="9103901527" lat="38.2623114" lon="-85.6788859"/>
  <node id="9103901528" lat="38.2623224" lon="-85.6788509"/>
  <node id="9103901529" lat="38.2623325" lon="-85.6788089"/>
  <node id="9103901530" lat="38.2623508" lon="-85.6787645"/>
  <node id="9103901531" lat="38.2623884" lon="-85.6786349"/>
  <node id="9103901532" lat="38.2624040" lon="-85.6786070"/>
  <node id="9103901533" lat="38.2624241" lon="-85.6785999"/>
  <node id="9103901534" lat="38.2624535" lon="-85.6786057"/>
  <node id="9103901535" lat="38.2624819" lon="-85.6786221"/>
  <node id="9103901536" lat="38.2625085" lon="-85.6786466"/>
  <node id="9103901537" lat="38.2625185" lon="-85.6786747"/>
  <node id="9103901538" lat="38.2625130" lon="-85.6787097"/>
  <node id="9103901539" lat="38.2624910" lon="-85.6787832"/>
  <node id="9103901540" lat="38.2624718" lon="-85.6788264"/>
  <node id="9103901541" lat="38.2624507" lon="-85.6788743"/>
  <node id="9103901542" lat="38.2624342" lon="-85.6789151"/>
  <node id="9103901543" lat="38.2621799" lon="-85.6791306"/>
  <node id="9103901544" lat="38.2621766" lon="-85.6791035"/>
  <node id="9103901545" lat="38.2621474" lon="-85.6790853"/>
  <node id="9103901546" lat="38.2621328" lon="-85.6790883"/>
  <node id="9103901547" lat="38.2621170" lon="-85.6791098"/>
  <node id="9103901548" lat="38.2620993" lon="-85.6791616"/>
  <node id="9103901549" lat="38.2620801" lon="-85.6792257"/>
  <node id="9103901550" lat="38.2620645" lon="-85.6792737"/>
  <node id="9103901551" lat="38.2620629" lon="-85.6792887"/>
  <node id="9103901552" lat="38.2620739" lon="-85.6793039"/>
  <node id="9103901553" lat="38.2620997" lon="-85.6793163"/>
  <node id="9103901554" lat="38.2621134" lon="-85.6793121"/>
  <node id="9103901555" lat="38.2621289" lon="-85.6792864"/>
  <node id="9103901556" lat="38.2622390" lon="-85.6795234"/>
  <node id="9103901557" lat="38.2622087" lon="-85.6794884"/>
  <node id="9103901558" lat="38.2621601" lon="-85.6794487"/>
  <node id="9103901559" lat="38.2620987" lon="-85.6794265"/>
  <node id="9103901560" lat="38.2620492" lon="-85.6794288"/>
  <node id="9103901561" lat="38.2620189" lon="-85.6794825"/>
  <node id="9103901562" lat="38.2619859" lon="-85.6795876"/>
  <node id="9103901563" lat="38.2619603" lon="-85.6796647"/>
  <node id="9103901564" lat="38.2618613" lon="-85.6800301"/>
  <node id="9103901565" lat="38.2617274" lon="-85.6805064"/>
  <node id="9103901566" lat="38.2616156" lon="-85.6808392"/>
  <node id="9103901567" lat="38.2615707" lon="-85.6809839"/>
  <node id="9103901568" lat="38.2615212" lon="-85.6811521"/>
  <node id="9103901569" lat="38.2614552" lon="-85.6813645"/>
  <node id="9103901570" lat="38.2613827" lon="-85.6815654"/>
  <node id="9103901571" lat="38.2613103" lon="-85.6817697"/>
  <node id="9103901572" lat="38.2612617" lon="-85.6818958"/>
  <node id="9103901573" lat="38.2612297" lon="-85.6819611"/>
  <node id="9103901574" lat="38.2612104" lon="-85.6820394"/>
  <node id="9103901575" lat="38.2611902" lon="-85.6821012"/>
  <node id="9103901576" lat="38.2611820" lon="-85.6821620"/>
  <node id="9103901577" lat="38.2611802" lon="-85.6822729"/>
  <node id="9103901578" lat="38.2612434" lon="-85.6823137"/>
  <node id="9103901579" lat="38.2612947" lon="-85.6822238"/>
  <node id="9103901580" lat="38.2613397" lon="-85.6821608"/>
  <node id="9103901581" lat="38.2613717" lon="-85.6821444"/>
  <node id="9103901582" lat="38.2614258" lon="-85.6820125"/>
  <node id="9103901583" lat="38.2615111" lon="-85.6818292"/>
  <node id="9103901584" lat="38.2615762" lon="-85.6816739"/>
  <node id="9103901585" lat="38.2616193" lon="-85.6815315"/>
  <node id="9103901586" lat="38.2617100" lon="-85.6812676"/>
  <node id="9103901587" lat="38.2618044" lon="-85.6809804"/>
  <node id="9103901588" lat="38.2619300" lon="-85.6805706"/>
  <node id="9103901589" lat="38.2619759" lon="-85.6804212"/>
  <node id="9103901590" lat="38.2621335" lon="-85.6798970"/>
  <node id="9103901591" lat="38.2622371" lon="-85.6795678"/>
  <node id="9103901592" lat="38.2612544" lon="-85.6823721"/>
  <node id="9103901593" lat="38.2612251" lon="-85.6824141"/>
  <node id="9103901594" lat="38.2611921" lon="-85.6824398"/>
  <node id="9103901595" lat="38.2611710" lon="-85.6824503"/>
  <node id="9103901596" lat="38.2611435" lon="-85.6824515"/>
  <node id="9103901597" lat="38.2611178" lon="-85.6824375"/>
  <node id="9103901598" lat="38.2611004" lon="-85.6824060"/>
  <node id="9103901599" lat="38.2610931" lon="-85.6823768"/>
  <node id="9103901600" lat="38.2610931" lon="-85.6823417"/>
  <node id="9103901601" lat="38.2610967" lon="-85.6823009"/>
  <node id="9103901602" lat="38.2611114" lon="-85.6822577"/>
  <node id="9103901603" lat="38.2611334" lon="-85.6822227"/>
  <node id="9103901604" lat="38.2611527" lon="-85.6821923"/>
  <node id="9103901605" lat="38.2611728" lon="-85.6821725"/>
  <node id="9103901606" lat="38.2611819" lon="-85.6821676"/>
  <node id="9103901610" lat="38.2612682" lon="-85.6822703"/>
  <node id="9103901611" lat="38.2612700" lon="-85.6823067"/>
  <node id="9103901612" lat="38.2612672" lon="-85.6823406"/>
  <node id="9103901613" lat="38.2609849" lon="-85.6829091"/>
  <node id="9103901614" lat="38.2609519" lon="-85.6829091"/>
  <node id="9103901615" lat="38.2609281" lon="-85.6828986"/>
  <node id="9103901616" lat="38.2609070" lon="-85.6828776"/>
  <node id="9103901617" lat="38.2608822" lon="-85.6828519"/>
  <node id="9103901618" lat="38.2608703" lon="-85.6828263"/>
  <node id="9103901619" lat="38.2608593" lon="-85.6827807"/>
  <node id="9103901620" lat="38.2608584" lon="-85.6827142"/>
  <node id="9103901621" lat="38.2608694" lon="-85.6826593"/>
  <node id="9103901622" lat="38.2608868" lon="-85.6826231"/>
  <node id="9103901623" lat="38.2609079" lon="-85.6825986"/>
  <node id="9103901624" lat="38.2609446" lon="-85.6825916"/>
  <node id="9103901625" lat="38.2609730" lon="-85.6825869"/>
  <node id="9103901626" lat="38.2610005" lon="-85.6826009"/>
  <node id="9103901627" lat="38.2610280" lon="-85.6826266"/>
  <node id="9103901628" lat="38.2610436" lon="-85.6826523"/>
  <node id="9103901629" lat="38.2610564" lon="-85.6826920"/>
  <node id="9103901630" lat="38.2610683" lon="-85.6827364"/>
  <node id="9103901631" lat="38.2610692" lon="-85.6827749"/>
  <node id="9103901632" lat="38.2610656" lon="-85.6828216"/>
  <node id="9103901633" lat="38.2610491" lon="-85.6828578"/>
  <node id="9103901634" lat="38.2610436" lon="-85.6828683"/>
  <node id="9103901635" lat="38.2610326" lon="-85.6828858"/>
  <node id="9103901709" lat="38.2632723" lon="-85.6765140"/>
  <node id="9103901710" lat="38.2630221" lon="-85.6779502"/>
  <node id="9103901711" lat="38.2615838" lon="-85.6755826"/>
  <node id="9103901712" lat="38.2616037" lon="-85.6753758"/>
  <node id="9103901713" lat="38.2617328" lon="-85.6752818"/>
  <node id="9103901714" lat="38.2618854" lon="-85.6752954"/>
  <node id="9103901715" lat="38.2617717" lon="-85.6746851"/>
  <node id="9105959408" lat="38.2608344" lon="-85.6830398"/>
  <node id="9105959409" lat="38.2608424" lon="-85.6830332"/>
  <node id="9105959410" lat="38.2607433" lon="-85.6830765"/>
  <node id="9105959411" lat="38.2607469" lon="-85.6830824"/>
  <node id="9105959412" lat="38.2607135" lon="-85.6829759"/>
  <node id="9105959413" lat="38.2606672" lon="-85.6828300"/>
  <node id="9105959414" lat="38.2606709" lon="-85.6828097"/>
  <node id="9105959415" lat="38.2606677" lon="-85.6828142"/>
  <node id="9105959416" lat="38.2607380" lon="-85.6827662"/>
  <node id="9106003217" lat="38.2608447" lon="-85.6830290"/>
  <node id="9106003218" lat="38.2603641" lon="-85.6817249"/>
  <node id="9106003219" lat="38.2604142" lon="-85.6816071"/>
  <node id="9106003220" lat="38.2603475" lon="-85.6816397"/>
  <node id="9106003221" lat="38.2604211" lon="-85.6816059"/>
  <node id="9106003222" lat="38.2603980" lon="-85.6816128"/>
  <node id="9106003223" lat="38.2601912" lon="-85.6816076"/>
  <node id="9106003224" lat="38.2604033" lon="-85.6815211"/>
  <node id="9106003225" lat="38.2604306" lon="-85.6814977"/>
  <node id="9106003226" lat="38.2604418" lon="-85.6814815"/>
  <node id="9106003227" lat="38.2604450" lon="-85.6814299"/>
  <node id="9106003228" lat="38.2602133" lon="-85.6806619"/>
  <node id="9106003229" lat="38.2601711" lon="-85.6805211"/>
  <node id="9106003230" lat="38.2599324" lon="-85.6797345"/>
  <node id="9106003231" lat="38.2598962" lon="-85.6796181"/>
  <node id="9106003232" lat="38.2593510" lon="-85.6781642"/>
  <node id="9106003233" lat="38.2593437" lon="-85.6781143"/>
  <node id="9106003234" lat="38.2593402" lon="-85.6780676"/>
  <node id="9106003235" lat="38.2592352" lon="-85.6779958"/>
  <node id="9106003238" lat="38.2591708" lon="-85.6782553"/>
  <node id="9106003239" lat="38.2592388" lon="-85.6784368"/>
  <node id="9106003240" lat="38.2592061" lon="-85.6783028"/>
  <node id="9106003275" lat="38.2592290" lon="-85.6794417"/>
  <node id="9106003276" lat="38.2593127" lon="-85.6798117"/>
  <node id="9106003277" lat="38.2593483" lon="-85.6799691"/>
  <node id="9106003284" lat="38.2592587" lon="-85.6803231"/>
  <node id="9106003287" lat="38.2592135" lon="-85.6804716"/>
  <node id="9106003295" lat="38.2590693" lon="-85.6805429"/>
  <node id="9106003310" lat="38.2590775" lon="-85.6802511"/>
  <node id="9106003326" lat="38.2588193" lon="-85.6781312"/>
  <node id="9106003341" lat="38.2598009" lon="-85.6770628"/>
  <node id="9106003342" lat="38.2597548" lon="-85.6769757"/>
  <node id="9106003343" lat="38.2598062" lon="-85.6770699"/>
  <node id="9106003344" lat="38.2598126" lon="-85.6770712"/>
  <node id="9106003345" lat="38.2597562" lon="-85.6769618"/>
  <node id="9106003346" lat="38.2597539" lon="-85.6769694"/>
  <node id="9106003347" lat="38.2598799" lon="-85.6770030"/>
  <node id="9106003348" lat="38.2598186" lon="-85.6768888"/>
  <node id="9106003349" lat="38.2597983" lon="-85.6768963"/>
  <node id="9106003350" lat="38.2598792" lon="-85.6771063"/>
  <node id="9106003351" lat="38.2598990" lon="-85.6771159"/>
  <node id="9106003352" lat="38.2597946" lon="-85.6772042"/>
  <node id="9106003353" lat="38.2598644" lon="-85.6773237"/>
  <node id="9106003354" lat="38.2599562" lon="-85.6772668"/>
  <node id="9106003355" lat="38.2601577" lon="-85.6782333"/>
  <node id="9106003356" lat="38.2601396" lon="-85.6782243"/>
  <node id="9106003357" lat="38.2601862" lon="-85.6781884"/>
  <node id="9106003358" lat="38.2601799" lon="-85.6782087"/>
  <node id="9106003359" lat="38.2601447" lon="-85.6780842"/>
  <node id="9106003360" lat="38.2607834" lon="-85.6792806"/>
  <node id="9106003361" lat="38.2604680" lon="-85.6784190"/>
  <node id="9106003362" lat="38.2604324" lon="-85.6783063"/>
  <node id="9106003363" lat="38.2604233" lon="-85.6782861"/>
  <node id="9106003364" lat="38.2607889" lon="-85.6815933"/>
  <node id="9106003365" lat="38.2609228" lon="-85.6813600"/>
  <node id="9106003366" lat="38.2609190" lon="-85.6813809"/>
  <node id="9106003368" lat="38.2607790" lon="-85.6814377"/>
  <node id="9106003369" lat="38.2607680" lon="-85.6813453"/>
  <node id="9106003370" lat="38.2610978" lon="-85.6813777"/>
  <node id="9106003371" lat="38.2612024" lon="-85.6814272"/>
  <node id="9106003372" lat="38.2612718" lon="-85.6805683"/>
  <node id="9106003373" lat="38.2614857" lon="-85.6805733"/>
  <node id="9106003374" lat="38.2614277" lon="-85.6805900"/>
  <node id="9106003375" lat="38.2615147" lon="-85.6793711"/>
  <node id="9106003376" lat="38.2621595" lon="-85.6783612"/>
  <node id="9106003377" lat="38.2620998" lon="-85.6783817"/>
  <node id="9106003378" lat="38.2620832" lon="-85.6784108"/>
  <node id="9106003379" lat="38.2620807" lon="-85.6785439"/>
  <node id="9106003380" lat="38.2621409" lon="-85.6781128"/>
  <node id="9106003381" lat="38.2620842" lon="-85.6779625"/>
  <node id="9106003382" lat="38.2618021" lon="-85.6781141"/>
  <node id="9106003383" lat="38.2619523" lon="-85.6779114"/>
  <node id="9106003384" lat="38.2619686" lon="-85.6779534"/>
  <node id="9106003385" lat="38.2619015" lon="-85.6778943"/>
  <node id="9106003386" lat="38.2618442" lon="-85.6778342"/>
  <node id="9106003387" lat="38.2618578" lon="-85.6778295"/>
  <node id="9106003388" lat="38.2618718" lon="-85.6778674"/>
  <node id="9106003389" lat="38.2618744" lon="-85.6778502"/>
  <node id="9106003390" lat="38.2617263" lon="-85.6781410"/>
  <node id="9106003391" lat="38.2617609" lon="-85.6780748"/>
  <node id="9106003392" lat="38.2617806" lon="-85.6780297"/>
  <node id="9106003393" lat="38.2618157" lon="-85.6778627"/>
  <node id="9106003394" lat="38.2616966" lon="-85.6781298"/>
  <node id="9106003402" lat="38.2603958" lon="-85.6768302"/>
  <node id="9106003403" lat="38.2603180" lon="-85.6769313"/>
  <node id="9106003404" lat="38.2603488" lon="-85.6770216"/>
  <node id="9106003405" lat="38.2620663" lon="-85.6756057"/>
  <node id="9106003406" lat="38.2622153" lon="-85.6750907"/>
  <node id="9106003407" lat="38.2623579" lon="-85.6751148"/>
  <node id="9106003408" lat="38.2621661" lon="-85.6749197"/>
  <node id="9106003409" lat="38.2625274" lon="-85.6736270"/>
  <node id="9106003410" lat="38.2624961" lon="-85.6735881"/>
  <node id="9106003411" lat="38.2624986" lon="-85.6735071"/>
  <node id="9106003412" lat="38.2625697" lon="-85.6734580"/>
  <node id="9106003413" lat="38.2625906" lon="-85.6734094"/>
  <node id="9106003414" lat="38.2625903" lon="-85.6733161"/>
  <node id="9106003415" lat="38.2625670" lon="-85.6732589"/>
  <node id="9106003416" lat="38.2624906" lon="-85.6732191"/>
  <node id="9106003417" lat="38.2624544" lon="-85.6732377"/>
  <node id="9106003418" lat="38.2627289" lon="-85.6728304"/>
  <node id="9106003419" lat="38.2628350" lon="-85.6729382"/>
  <node id="9106003420" lat="38.2632934" lon="-85.6719270"/>
  <node id="9106003421" lat="38.2633075" lon="-85.6718906"/>
  <node id="9106003422" lat="38.2632918" lon="-85.6720237"/>
  <node id="9106003423" lat="38.2633069" lon="-85.6720622"/>
  <node id="9106003424" lat="38.2633644" lon="-85.6720982"/>
  <node id="9106003425" lat="38.2633323" lon="-85.6720892"/>
  <node id="9106003426" lat="38.2634593" lon="-85.6720692"/>
  <node id="9106003427" lat="38.2634904" lon="-85.6719820"/>
  <node id="9106003428" lat="38.2634813" lon="-85.6720324"/>
  <node id="9106003429" lat="38.2634852" lon="-85.6719276"/>
  <node id="9106003430" lat="38.2634625" lon="-85.6718830"/>
  <node id="9106003431" lat="38.2634270" lon="-85.6718604"/>
  <node id="9106003432" lat="38.2634017" lon="-85.6720949"/>
  <node id="9106003433" lat="38.2634841" lon="-85.6729088"/>
  <node id="9106003434" lat="38.2635433" lon="-85.6729858"/>
  <node id="9106003435" lat="38.2635234" lon="-85.6729841"/>
  <node id="9106003436" lat="38.2634092" lon="-85.6736992"/>
  <node id="9106003437" lat="38.2622674" lon="-85.6766105"/>
  <node id="9106003438" lat="38.2622316" lon="-85.6765687"/>
  <node id="9106003439" lat="38.2621510" lon="-85.6768694"/>
  <node id="9106003440" lat="38.2621187" lon="-85.6768548"/>
  <node id="9106003441" lat="38.2620937" lon="-85.6768288"/>
  <node id="9106003442" lat="38.2621338" lon="-85.6765942"/>
  <node id="9106003443" lat="38.2625306" lon="-85.6767877"/>
  <node id="9106003444" lat="38.2624717" lon="-85.6767787"/>
  <node id="9106003445" lat="38.2624487" lon="-85.6767734"/>
  <node id="9106003446" lat="38.2625888" lon="-85.6766129"/>
  <node id="9106003447" lat="38.2623110" lon="-85.6777169"/>
  <node id="9106003448" lat="38.2623629" lon="-85.6777892"/>
  <node id="9106003449" lat="38.2623697" lon="-85.6778331"/>
  <node id="9106003450" lat="38.2622492" lon="-85.6779451"/>
  <node id="9106003451" lat="38.2621851" lon="-85.6778398"/>
  <node id="9106003452" lat="38.2621890" lon="-85.6778851"/>
  <node id="9106003453" lat="38.2621805" lon="-85.6791097"/>
  <node id="9106003454" lat="38.2621227" lon="-85.6793026"/>
  <node id="9106003455" lat="38.2620671" lon="-85.6792980"/>
  <node id="9123065590" lat="38.2623559" lon="-85.6778948"/>
  <node id="9123065591" lat="38.2623678" lon="-85.6778761"/>
  <node id="9123065592" lat="38.2623760" lon="-85.6778545"/>
  <node id="9123065593" lat="38.2623820" lon="-85.6778288"/>
  <node id="9123065594" lat="38.2623788" lon="-85.6778020"/>
  <node id="9123065595" lat="38.2623756" lon="-85.6777722"/>
  <node id="9123065596" lat="38.2623669" lon="-85.6777506"/>
  <node id="9123065597" lat="38.2623545" lon="-85.6777273"/>
  <node id="9123065598" lat="38.2623412" lon="-85.6777080"/>
  <node id="9123065599" lat="38.2623302" lon="-85.6776992"/>
  <node id="9123065600" lat="38.2623137" lon="-85.6776911"/>
  <node id="9123065601" lat="38.2622973" lon="-85.6776920"/>
  <node id="9123065602" lat="38.2622844" lon="-85.6776952"/>
  <node id="9123065603" lat="38.2622642" lon="-85.6777004"/>
  <node id="9123065604" lat="38.2622463" lon="-85.6777103"/>
  <node id="9123065605" lat="38.2622349" lon="-85.6777208"/>
  <node id="9123065606" lat="38.2622174" lon="-85.6777401"/>
  <node id="9123065607" lat="38.2622106" lon="-85.6777611"/>
  <node id="9123065608" lat="38.2622032" lon="-85.6777816"/>
  <node id="9123065609" lat="38.2621978" lon="-85.6778000"/>
  <node id="9123065610" lat="38.2621749" lon="-85.6778055"/>
  <node id="9123065612" lat="38.2621794" lon="-85.6778977"/>
  <node id="9123065613" lat="38.2622523" lon="-85.6779561"/>
  <node id="9123065614" lat="38.2623339" lon="-85.6779345"/>
  <node id="9123065615" lat="38.2622138" lon="-85.6779468"/>
  <node id="9123072097" lat="38.2605668" lon="-85.6776076"/>
  <node id="9123072098" lat="38.2605589" lon="-85.6776210"/>
  <node id="9123072099" lat="38.2605410" lon="-85.6776371"/>
  <node id="9123072100" lat="38.2605241" lon="-85.6776411"/>
  <node id="9123072101" lat="38.2605031" lon="-85.6776418"/>
  <node id="9123072102" lat="38.2604720" lon="-85.6776364"/>
  <node id="9123072103" lat="38.2604451" lon="-85.6776311"/>
  <node id="9123072104" lat="38.2604225" lon="-85.6776358"/>
  <node id="9123072105" lat="38.2603820" lon="-85.6776371"/>
  <node id="9123072106" lat="38.2603456" lon="-85.6776284"/>
  <node id="9123072107" lat="38.2603130" lon="-85.6776110"/>
  <node id="9123072108" lat="38.2602967" lon="-85.6775962"/>
  <node id="9123072109" lat="38.2602835" lon="-85.6775748"/>
  <node id="9123072110" lat="38.2602735" lon="-85.6775560"/>
  <node id="9123072111" lat="38.2602661" lon="-85.6775271"/>
  <node id="9123072112" lat="38.2602651" lon="-85.6774956"/>
  <node id="9123072113" lat="38.2602672" lon="-85.6774762"/>
  <node id="9123072114" lat="38.2602703" lon="-85.6774467"/>
  <node id="9123072115" lat="38.2602793" lon="-85.6774259"/>
  <node id="9123072116" lat="38.2602967" lon="-85.6774098"/>
  <node id="9123073617" lat="38.2603146" lon="-85.6773973"/>
  <node id="9123073618" lat="38.2603356" lon="-85.6773883"/>
  <node id="9123073619" lat="38.2603598" lon="-85.6773863"/>
  <node id="9123073620" lat="38.2604048" lon="-85.6773905"/>
  <node id="9123073621" lat="38.2604309" lon="-85.6773984"/>
  <node id="9123073622" lat="38.2604567" lon="-85.6774125"/>
  <node id="9123073623" lat="38.2604894" lon="-85.6774386"/>
  <node id="9123073624" lat="38.2605046" lon="-85.6774601"/>
  <node id="9123073625" lat="38.2605146" lon="-85.6774748"/>
  <node id="9123073626" lat="38.2605215" lon="-85.6774903"/>
  <node id="9123073627" lat="38.2605252" lon="-85.6775003"/>
  <node id="9123073628" lat="38.2605404" lon="-85.6775104"/>
  <node id="9123073629" lat="38.2605594" lon="-85.6775191"/>
  <node id="9123073630" lat="38.2605704" lon="-85.6775278"/>
  <node id="9123073631" lat="38.2605768" lon="-85.6775426"/>
  <node id="9123073632" lat="38.2605778" lon="-85.6775640"/>
  <node id="9123073633" lat="38.2605768" lon="-85.6775786"/>
  <node id="9123073634" lat="38.2605757" lon="-85.6775882"/>
  <node id="9123073635" lat="38.2604734" lon="-85.6774217"/>
  <node id="9123073636" lat="38.2604869" lon="-85.6775788"/>
  <node id="9123073637" lat="38.2604766" lon="-85.6775911"/>
  <node id="9123073638" lat="38.2604542" lon="-85.6776081"/>
  <node id="9123073639" lat="38.2604379" lon="-85.6776150"/>
  <node id="9123073640" lat="38.2604161" lon="-85.6776196"/>
  <node id="9123073641" lat="38.2603986" lon="-85.6776204"/>
  <node id="9123073642" lat="38.2603792" lon="-85.6776196"/>
  <node id="9123073643" lat="38.2603484" lon="-85.6776111"/>
  <node id="9123073644" lat="38.2603290" lon="-85.6776019"/>
  <node id="9123073645" lat="38.2603151" lon="-85.6775896"/>
  <node id="9123073646" lat="38.2603060" lon="-85.6775811"/>
  <node id="9123073647" lat="38.2602988" lon="-85.6775649"/>
  <node id="9123073648" lat="38.2602921" lon="-85.6775488"/>
  <node id="9123073649" lat="38.2602891" lon="-85.6775357"/>
  <node id="9123073650" lat="38.2602879" lon="-85.6775218"/>
  <node id="9123073651" lat="38.2602873" lon="-85.6775010"/>
  <node id="9123073652" lat="38.2602879" lon="-85.6774817"/>
  <node id="9123073653" lat="38.2602891" lon="-85.6774609"/>
  <node id="9123073654" lat="38.2602945" lon="-85.6774455"/>
  <node id="9123073655" lat="38.2603060" lon="-85.6774309"/>
  <node id="9123073656" lat="38.2603181" lon="-85.6774186"/>
  <node id="9123073657" lat="38.2603332" lon="-85.6774117"/>
  <node id="9123073658" lat="38.2603514" lon="-85.6774070"/>
  <node id="9123073659" lat="38.2603731" lon="-85.6774086"/>
  <node id="9123073660" lat="38.2603949" lon="-85.6774140"/>
  <node id="9123073661" lat="38.2604106" lon="-85.6774170"/>
  <node id="9123073662" lat="38.2604270" lon="-85.6774232"/>
  <node id="9123073663" lat="38.2604457" lon="-85.6774317"/>
  <node id="9123073664" lat="38.2604615" lon="-85.6774432"/>
  <node id="9123073665" lat="38.2604742" lon="-85.6774556"/>
  <node id="9123073666" lat="38.2604832" lon="-85.6774671"/>
  <node id="9123073667" lat="38.2604923" lon="-85.6774794"/>
  <node id="9123073668" lat="38.2604965" lon="-85.6774902"/>
  <node id="9123073669" lat="38.2605014" lon="-85.6775079"/>
  <node id="9123073670" lat="38.2605020" lon="-85.6775264"/>
  <node id="9123073671" lat="38.2605020" lon="-85.6775418"/>
  <node id="9123073672" lat="38.2604959" lon="-85.6775603"/>
  <node id="9123073673" lat="38.2629547" lon="-85.6768145"/>
  <node id="9123073674" lat="38.2629377" lon="-85.6767612"/>
  <node id="9123073675" lat="38.2628885" lon="-85.6767386"/>
  <node id="9123073676" lat="38.2628506" lon="-85.6767981"/>
  <node id="9123073677" lat="38.2628192" lon="-85.6768413"/>
  <node id="9123073678" lat="38.2627853" lon="-85.6768906"/>
  <node id="9123073679" lat="38.2627684" lon="-85.6769183"/>
  <node id="9123073680" lat="38.2627369" lon="-85.6769614"/>
  <node id="9123073681" lat="38.2627079" lon="-85.6770077"/>
  <node id="9123073682" lat="38.2627079" lon="-85.6770539"/>
  <node id="9123073683" lat="38.2627345" lon="-85.6770908"/>
  <node id="9123073684" lat="38.2627708" lon="-85.6770878"/>
  <node id="9123073685" lat="38.2628095" lon="-85.6770415"/>
  <node id="9123073686" lat="38.2628361" lon="-85.6769953"/>
  <node id="9123073687" lat="38.2628700" lon="-85.6769450"/>
  <node id="9123073688" lat="38.2628925" lon="-85.6769111"/>
  <node id="9123073689" lat="38.2629208" lon="-85.6768752"/>
  <node id="9123073690" lat="38.2627526" lon="-85.6770964"/>
  <node id="9123073691" lat="38.2627023" lon="-85.6770318"/>
  <node id="9123073692" lat="38.2628542" lon="-85.6769722"/>
  <node id="9123073693" lat="38.2629510" lon="-85.6767807"/>
  <node id="9123073694" lat="38.2629393" lon="-85.6768479"/>
  <node id="9123073695" lat="38.2629175" lon="-85.6767427"/>
  <node id="9142596100" lat="38.2641272" lon="-85.6719189"/>
  <node id="9142596108" lat="38.2633183" lon="-85.6759200"/>
  <node id="9142596109" lat="38.2632689" lon="-85.6765381"/>
  <node id="9142596110" lat="38.2631561" lon="-85.6772871"/>
  <node id="9142610424" lat="38.2587788" lon="-85.6806313"/>
  <node id="9142610427" lat="38.2585513" lon="-85.6806436"/>
  <node id="9142610433" lat="38.2610879" lon="-85.6842795"/>
  <node id="9221398825" lat="38.2585851" lon="-85.6781515"/>
  <node id="9221398827" lat="38.2586630" lon="-85.6782753"/>
  <node id="9221398828" lat="38.2588953" lon="-85.6793948"/>
  <node id="9221398829" lat="38.2590244" lon="-85.6799797"/>
  <node id="9221398830" lat="38.2589095" lon="-85.6800389"/>
  <node id="9221398831" lat="38.2583855" lon="-85.6801177"/>
  <node id="9221398832" lat="38.2636112" lon="-85.6712526"/>
  <node id="9837943708" lat="38.2572625" lon="-85.6693852"/>
  <node id="9837943709" lat="38.2572542" lon="-85.6693999"/>
  <node id="9837943710" lat="38.2572638" lon="-85.6693681"/>
  <node id="10883967257" lat="38.2538397" lon="-85.6702947"/>
  <node id="10883967258" lat="38.2539141" lon="-85.6699599"/>
  <node id="10883967259" lat="38.2540080" lon="-85.6698034"/>
  <node id="10883967260" lat="38.2539504" lon="-85.6698649"/>
  <node id="10883967261" lat="38.2538526" lon="-85.6702368">
    <tag k="highway" v="crossing"/>
  </node>
  <node id="10929205348" lat="38.2527369" lon="-85.6780622"/>
  <node id="11133797715" lat="38.2641478" lon="-85.6814021"/>
  <node id="11133797716" lat="38.2640125" lon="-85.6817024"/>
  <node id="11133797717" lat="38.2639545" lon="-85.6819024"/>
  <node id="11729772783" lat="38.2612175" lon="-85.6814206"/>
  <node id="11729772784" lat="38.2608098" lon="-85.6813649"/>
  <node id="12330432573" lat="38.2536414" lon="-85.6789596"/>
  <node id="12352355552" lat="38.2664947" lon="-85.6662722">
    <tag k="crossing" v="unmarked"/>
    <tag k="highway" v="crossing"/>
  </node>
  <node id="12352355553" lat="38.2663435" lon="-85.6666741">
    <tag k="crossing" v="unmarked"/>
    <tag k="highway" v="crossing"/>
  </node>
  <node id="12352355554" lat="38.2657100" lon="-85.6681534"/>
  <node id="12352355555" lat="38.2656430" lon="-85.6681171"/>
  <node id="12352355556" lat="38.2655203" lon="-85.6680836"/>
  <node id="12352355557" lat="38.2655098" lon="-85.6680795"/>
  <node id="12352355558" lat="38.2655034" lon="-85.6680614"/>
  <node id="12352355559" lat="38.2655119" lon="-85.6680380"/>
  <node id="12352355560" lat="38.2655692" lon="-85.6679380"/>
  <node id="12352355561" lat="38.2656919" lon="-85.6677194"/>
  <node id="12352355562" lat="38.2659641" lon="-85.6672588"/>
  <node id="12352355563" lat="38.2661094" lon="-85.6670194"/>
  <node id="12352355564" lat="38.2662368" lon="-85.6668162"/>
  <node id="12352355565" lat="38.2662837" lon="-85.6667679"/>
  <node id="12352355566" lat="38.2663168" lon="-85.6667170"/>
  <node id="12352355567" lat="38.2663748" lon="-85.6666238"/>
  <node id="12352355568" lat="38.2665564" lon="-85.6663280"/>
  <node id="12352355569" lat="38.2665306" lon="-85.6663012"/>
  <node id="12352355570" lat="38.2664153" lon="-85.6662080"/>
  <node id="12352355571" lat="38.2661621" lon="-85.6660203"/>
  <node id="12352355572" lat="38.2661321" lon="-85.6660203"/>
  <node id="12352355573" lat="38.2659999" lon="-85.6659090"/>
  <node id="12352355574" lat="38.2659733" lon="-85.6658787"/>
  <node id="12356469181" lat="38.2544079" lon="-85.6776535"/>
  <node id="12356469182" lat="38.2544414" lon="-85.6787748"/>
  <node id="12356469183" lat="38.2545129" lon="-85.6814609"/>
  <node id="12356469184" lat="38.2545362" lon="-85.6823301"/>
  <node id="12356469185" lat="38.2545222" lon="-85.6818097"/>
  <node id="12870714971" lat="38.2607719" lon="-85.6852404"/>
  <node id="12988994759" lat="38.2541100" lon="-85.6711532"/>
  <node id="12988994760" lat="38.2540965" lon="-85.6709681"/>
  <node id="12998798114" lat="38.2688081" lon="-85.6889827"/>
  <node id="13015423828" lat="38.2618931" lon="-85.6817815"/>
  <node id="13015583390" lat="38.2622988" lon="-85.6805228"/>
  <node id="13016867957" lat="38.2633953" lon="-85.6756745"/>
  <node id="13018349623" lat="38.2614510" lon="-85.6831614"/>
  <node id="13088497951" lat="38.2651000" lon="-85.6686110"/>
  <node id="13088497952" lat="38.2649305" lon="-85.6692666"/>
  <node id="13088555209" lat="38.2626356" lon="-85.6794653"/>
  <node id="13088555210" lat="38.2627727" lon="-85.6790323"/>
  <node id="13272365994" lat="38.2540696" lon="-85.6719801"/>
  <node id="13272365995" lat="38.2539797" lon="-85.6719306"/>
  <node id="13272365996" lat="38.2539126" lon="-85.6718775"/>
  <node id="13272365997" lat="38.2538448" lon="-85.6718237"/>
  <node id="13272365999" lat="38.2542060" lon="-85.6724627"/>
  <node id="13272366000" lat="38.2540370" lon="-85.6724768"/>
  <node id="13272377201" lat="38.2540127" lon="-85.6721114"/>
  <node id="13272377202" lat="38.2540597" lon="-85.6718985"/>
  <node id="13272377203" lat="38.2541071" lon="-85.6724709"/>
  <node id="13272377204" lat="38.2540836" lon="-85.6721353"/>
  <node id="13272377205" lat="38.2541813" lon="-85.6721264"/>
  <node id="13272377206" lat="38.2541221" lon="-85.6721318">
    <tag k="highway" v="crossing"/>
  </node>
  <node id="13272377207" lat="38.2541443" lon="-85.6724678">
    <tag k="highway" v="crossing"/>
  </node>
  <node id="13272377208" lat="38.2540447" lon="-85.6719664">
    <tag k="crossing" v="unmarked"/>
    <tag k="crossing:markings" v="no"/>
    <tag k="highway" v="crossing"/>
  </node>
  <node id="13272377209" lat="38.2539142" lon="-85.6717827"/>
  <node id="13272377210" lat="38.2537235" lon="-85.6721656"/>
  <node id="13272377211" lat="38.2538799" lon="-85.6718516">
    <tag k="crossing" v="unmarked"/>
    <tag k="crossing:markings" v="no"/>
    <tag k="highway" v="crossing"/>
  </node>
  <node id="13272377213" lat="38.2540957" lon="-85.6703799"/>
  <node id="13272377214" lat="38.2541353" lon="-85.6704577"/>
  <node id="13272377215" lat="38.2541224" lon="-85.6704297"/>
  <node id="13272377216" lat="38.2541469" lon="-85.6706548"/>
  <node id="13272377217" lat="38.2541392" lon="-85.6705241">
    <tag k="crossing" v="traffic_signals"/>
    <tag k="crossing:markings" v="yes"/>
    <tag k="highway" v="crossing"/>
  </node>
  <node id="13272377218" lat="38.2541384" lon="-85.6706608"/>
  <node id="13272377219" lat="38.2540687" lon="-85.6705878">
    <tag k="crossing" v="traffic_signals"/>
    <tag k="crossing:markings" v="yes"/>
    <tag k="highway" v="crossing"/>
  </node>
  <node id="13272377220" lat="38.2541400" lon="-85.6706877"/>
  <node id="13272377221" lat="38.2540831" lon="-85.6719171">
    <tag k="direction" v="backward"/>
    <tag k="highway" v="stop"/>
  </node>
  <way id="16213410">
    <nd ref="164632325"/>
    <nd ref="7409226913"/>
    <nd ref="8532082375"/>
    <nd ref="164632328"/>
    <nd ref="7238096164"/>
    <nd ref="164632330"/>
    <nd ref="7412620965"/>
    <nd ref="7412620977"/>
    <nd ref="164632333"/>
    <nd ref="7412620978"/>
    <nd ref="7412620964"/>
    <nd ref="164632336"/>
    <nd ref="7238096173"/>
    <nd ref="7412919729"/>
    <nd ref="164632338"/>
    <tag k="highway" v="residential"/>
    <tag k="name" v="English Avenue"/>
    <tag k="tiger:cfcc" v="A41"/>
    <tag k="tiger:county" v="Jefferson, KY"/>
    <tag k="tiger:name_base" v="English"/>
    <tag k="tiger:name_type" v="Ave"/>
    <tag k="tiger:reviewed" v="no"/>
    <tag k="tiger:zip_left" v="40206"/>
    <tag k="tiger:zip_right" v="40206"/>
  </way>
  <way id="16213592">
    <nd ref="164636726"/>
    <nd ref="164636730"/>
    <nd ref="164636733"/>
    <nd ref="164636737"/>
    <nd ref="164636740"/>
    <nd ref="164636744"/>
    <nd ref="164636748"/>
    <nd ref="164636751"/>
    <nd ref="164636754"/>
    <nd ref="164636759"/>
    <nd ref="164636761"/>
    <nd ref="164636765"/>
    <nd ref="164636767"/>
    <nd ref="164636769"/>
    <nd ref="164636772"/>
    <nd ref="164636776"/>
    <nd ref="164636779"/>
    <nd ref="164636783"/>
    <tag k="highway" v="residential"/>
    <tag k="name" v="Blackburn Avenue"/>
    <tag k="tiger:cfcc" v="A41"/>
    <tag k="tiger:county" v="Jefferson, KY"/>
    <tag k="tiger:name_base" v="Blackburn"/>
    <tag k="tiger:name_type" v="Ave"/>
    <tag k="tiger:reviewed" v="no"/>
    <tag k="tiger:zip_left" v="40206"/>
    <tag k="tiger:zip_right" v="40206"/>
  </way>
  <way id="16214491">
    <nd ref="164657803"/>
    <nd ref="6892661174"/>
    <nd ref="164657806"/>
    <nd ref="164657812"/>
    <nd ref="164657816"/>
    <nd ref="164657818"/>
    <nd ref="164657821"/>
    <nd ref="164657824"/>
    <nd ref="164657826"/>
    <nd ref="164657829"/>
    <nd ref="164657832"/>
    <nd ref="164657836"/>
    <nd ref="164657840"/>
    <nd ref="164657844"/>
    <nd ref="164657848"/>
    <nd ref="164657803"/>
    <nd ref="164657852"/>
    <nd ref="3470675790"/>
    <nd ref="164657855"/>
    <nd ref="3470675791"/>
    <nd ref="164657862"/>
    <tag k="highway" v="residential"/>
    <tag k="name" v="Coralberry Road"/>
    <tag k="tiger:cfcc" v="A41"/>
    <tag k="tiger:county" v="Jefferson, KY"/>
    <tag k="tiger:name_base" v="Coralberry"/>
    <tag k="tiger:name_type" v="Rd"/>
    <tag k="tiger:reviewed" v="no"/>
  </way>
  <way id="16214533">
    <nd ref="164658771"/>
    <nd ref="164658775"/>
    <nd ref="164658779"/>
    <nd ref="164658781"/>
    <nd ref="164658784"/>
    <nd ref="8236196095"/>
    <nd ref="7412620962"/>
    <nd ref="7412620975"/>
    <nd ref="164658788"/>
    <nd ref="7412620976"/>
    <nd ref="7412620961"/>
    <nd ref="7488665033"/>
    <nd ref="164658794"/>
    <nd ref="164658796"/>
    <tag k="highway" v="residential"/>
    <tag k="name" v="Field Avenue"/>
    <tag k="tiger:cfcc" v="A41"/>
    <tag k="tiger:county" v="Jefferson, KY"/>
    <tag k="tiger:name_base" v="Field"/>
    <tag k="tiger:name_type" v="Ave"/>
    <tag k="tiger:reviewed" v="no"/>
    <tag k="tiger:zip_left" v="40206"/>
    <tag k="tiger:zip_right" v="40206"/>
  </way>
  <way id="16215843">
    <nd ref="164695299"/>
    <nd ref="164695302"/>
    <nd ref="164695304"/>
    <tag k="highway" v="residential"/>
    <tag k="name" v="Wynfield Mews Lane"/>
    <tag k="tiger:cfcc" v="A41"/>
    <tag k="tiger:county" v="Jefferson, KY"/>
    <tag k="tiger:name_base" v="Wynfield Mews"/>
    <tag k="tiger:name_type" v="Ln"/>
    <tag k="tiger:reviewed" v="no"/>
    <tag k="tiger:zip_left" v="40206"/>
    <tag k="tiger:zip_right" v="40206"/>
  </way>
  <way id="16216181">
    <nd ref="164703881"/>
    <nd ref="164703884"/>
    <nd ref="164703887"/>
    <nd ref="164703889"/>
    <nd ref="164703892"/>
    <nd ref="164703895"/>
    <nd ref="164703898"/>
    <nd ref="164703901"/>
    <nd ref="164703903"/>
    <nd ref="164703906"/>
    <tag k="highway" v="residential"/>
    <tag k="name" v="Basswood Lane"/>
    <tag k="tiger:cfcc" v="A41"/>
    <tag k="tiger:county" v="Jefferson, KY"/>
    <tag k="tiger:name_base" v="Basswood"/>
    <tag k="tiger:name_type" v="Ln"/>
    <tag k="tiger:reviewed" v="no"/>
    <tag k="tiger:zip_left" v="40207"/>
    <tag k="tiger:zip_right" v="40207"/>
  </way>
  <way id="16216310">
    <nd ref="164708351"/>
    <nd ref="164708355"/>
    <nd ref="164708358"/>
    <nd ref="164708365"/>
    <nd ref="164708370"/>
    <nd ref="164708376"/>
    <nd ref="164708380"/>
    <nd ref="164708383"/>
    <nd ref="164708386"/>
    <nd ref="164708390"/>
    <nd ref="164708393"/>
    <nd ref="164708397"/>
    <nd ref="164708400"/>
    <nd ref="164708403"/>
    <tag k="highway" v="residential"/>
    <tag k="name" v="North Crestmoor Avenue"/>
    <tag k="tiger:cfcc" v="A41"/>
    <tag k="tiger:county" v="Jefferson, KY"/>
    <tag k="tiger:name_base" v="Crestmoor"/>
    <tag k="tiger:name_direction_prefix" v="N"/>
    <tag k="tiger:name_type" v="Ave"/>
    <tag k="tiger:reviewed" v="no"/>
    <tag k="tiger:zip_left" v="40206"/>
    <tag k="tiger:zip_right" v="40206"/>
  </way>
  <way id="16217616">
    <nd ref="164726867"/>
    <nd ref="164726869"/>
    <nd ref="164726871"/>
    <nd ref="164726873"/>
    <nd ref="164726876"/>
    <nd ref="164726879"/>
    <nd ref="164726884"/>
    <nd ref="164726888"/>
    <nd ref="3517269026"/>
    <nd ref="3517269027"/>
    <nd ref="3517269028"/>
    <nd ref="3517269029"/>
    <nd ref="3517269030"/>
    <nd ref="3517269031"/>
    <nd ref="3517269032"/>
    <nd ref="3517269033"/>
    <nd ref="164726888"/>
    <tag k="highway" v="residential"/>
    <tag k="name" v="Mockingbird Hill Road"/>
    <tag k="tiger:cfcc" v="A41"/>
    <tag k="tiger:county" v="Jefferson, KY"/>
    <tag k="tiger:name_base" v="Mockingbird Hill"/>
    <tag k="tiger:name_type" v="Rd"/>
    <tag k="tiger:reviewed" v="no"/>
  </way>
  <way id="16217977">
    <nd ref="164729446"/>
    <nd ref="164729457"/>
    <nd ref="164729459"/>
    <nd ref="164729464"/>
    <tag k="highway" v="residential"/>
    <tag k="name" v="Winton Avenue"/>
    <tag k="tiger:cfcc" v="A41"/>
    <tag k="tiger:county" v="Jefferson, KY"/>
    <tag k="tiger:name_base" v="Winton"/>
    <tag k="tiger:name_type" v="Ave"/>
    <tag k="tiger:reviewed" v="no"/>
    <tag k="tiger:zip_left" v="40206"/>
    <tag k="tiger:zip_right" v="40206"/>
  </way>
  <way id="16219580">
    <nd ref="164744495"/>
    <nd ref="3236466474"/>
    <nd ref="164744500"/>
    <nd ref="164744503"/>
    <nd ref="164744509"/>
    <nd ref="164744513"/>
    <nd ref="164744516"/>
    <nd ref="164744519"/>
    <nd ref="164744524"/>
    <nd ref="164744530"/>
    <nd ref="164744537"/>
    <nd ref="7238024420"/>
    <nd ref="164744540"/>
    <nd ref="7238024415"/>
    <nd ref="164744543"/>
    <nd ref="164744547"/>
    <nd ref="164744551"/>
    <nd ref="7094788041"/>
    <nd ref="164744554"/>
    <nd ref="7139052035"/>
    <nd ref="164744556"/>
    <nd ref="164744559"/>
    <nd ref="164744562"/>
    <nd ref="164744565"/>
    <nd ref="7087380770"/>
    <nd ref="164744569"/>
    <nd ref="7139052028"/>
    <nd ref="164744573"/>
    <nd ref="164744576"/>
    <nd ref="164744579"/>
    <nd ref="6895920543"/>
    <nd ref="164744582"/>
    <nd ref="164744586"/>
    <nd ref="164744589"/>
    <nd ref="164744592"/>
    <nd ref="164744595"/>
    <nd ref="164744597"/>
    <nd ref="164744599"/>
    <nd ref="164744601"/>
    <nd ref="164744603"/>
    <nd ref="164744606"/>
    <nd ref="164744608"/>
    <nd ref="164744611"/>
    <nd ref="7099268174"/>
    <nd ref="164744613"/>
    <nd ref="164744616"/>
    <nd ref="164744619"/>
    <nd ref="164744622"/>
    <nd ref="164744625"/>
    <nd ref="164744628"/>
    <nd ref="164744632"/>
    <nd ref="164744635"/>
    <nd ref="164744638"/>
    <nd ref="164744641"/>
    <nd ref="164744645"/>
    <nd ref="6604650870"/>
    <nd ref="164744648"/>
    <nd ref="164744650"/>
    <nd ref="164744653"/>
    <nd ref="164744656"/>
    <nd ref="164744660"/>
    <nd ref="164744663"/>
    <nd ref="164744666"/>
    <nd ref="164744670"/>
    <nd ref="164744676"/>
    <nd ref="164744681"/>
    <nd ref="164744684"/>
    <nd ref="164744687"/>
    <nd ref="164744688"/>
    <nd ref="164744689"/>
    <nd ref="6333023196"/>
    <nd ref="164744690"/>
    <nd ref="6870944878"/>
    <nd ref="7098960763"/>
    <nd ref="164729586"/>
    <nd ref="164744692"/>
    <nd ref="164744693"/>
    <nd ref="6505688243"/>
    <nd ref="164744694"/>
    <nd ref="164744695"/>
    <nd ref="164744697"/>
    <nd ref="164744699"/>
    <nd ref="164744701"/>
    <nd ref="164744704"/>
    <nd ref="164744706"/>
    <nd ref="164744711"/>
    <nd ref="3642890839"/>
    <nd ref="6505679084"/>
    <nd ref="164744716"/>
    <nd ref="164744721"/>
    <nd ref="164744725"/>
    <nd ref="6646872757"/>
    <nd ref="164744727"/>
    <nd ref="164744730"/>
    <nd ref="4065368803"/>
    <tag k="highway" v="residential"/>
    <tag k="name" v="Mockingbird Valley Road"/>
    <tag k="tiger:cfcc" v="A41"/>
    <tag k="tiger:county" v="Jefferson, KY"/>
    <tag k="tiger:name_base" v="Mockingbird Valley"/>
    <tag k="tiger:name_type" v="Rd"/>
    <tag k="tiger:reviewed" v="no"/>
  </way>
  <way id="16220910">
    <nd ref="3470675857"/>
    <nd ref="164754023"/>
    <nd ref="164754026"/>
    <nd ref="164754029"/>
    <nd ref="164754033"/>
    <nd ref="164754036"/>
    <nd ref="164754039"/>
    <nd ref="164754042"/>
    <nd ref="164754045"/>
    <nd ref="164754048"/>
    <nd ref="164754051"/>
    <nd ref="164754054"/>
    <nd ref="3470675823"/>
    <nd ref="164754057"/>
    <nd ref="164754067"/>
    <nd ref="164754070"/>
    <nd ref="164754073"/>
    <nd ref="164754076"/>
    <nd ref="164754079"/>
    <nd ref="164754082"/>
    <nd ref="164754084"/>
    <nd ref="164754085"/>
    <nd ref="164754086"/>
    <nd ref="164754088"/>
    <nd ref="164754091"/>
    <nd ref="164754093"/>
    <nd ref="164754094"/>
    <nd ref="164754095"/>
    <nd ref="164754097"/>
    <nd ref="164754100"/>
    <nd ref="164754102"/>
    <nd ref="164754103"/>
    <tag k="highway" v="residential"/>
    <tag k="name" v="Winterberry Circle"/>
    <tag k="tiger:cfcc" v="A41"/>
    <tag k="tiger:county" v="Jefferson, KY"/>
    <tag k="tiger:name_base" v="Winterberry"/>
    <tag k="tiger:name_type" v="Cir"/>
    <tag k="tiger:reviewed" v="no"/>
    <tag k="tiger:zip_left" v="40207"/>
    <tag k="tiger:zip_right" v="40207"/>
  </way>
  <way id="16221535">
    <nd ref="164759559"/>
    <nd ref="164759563"/>
    <nd ref="164759566"/>
    <nd ref="164759570"/>
    <nd ref="164636733"/>
    <nd ref="164759573"/>
    <nd ref="164759577"/>
    <nd ref="164759580"/>
    <nd ref="164759584"/>
    <nd ref="164708351"/>
    <nd ref="164759586"/>
    <nd ref="164759588"/>
    <tag k="highway" v="residential"/>
    <tag k="name" v="Arterburn Avenue"/>
    <tag k="tiger:cfcc" v="A41"/>
    <tag k="tiger:county" v="Jefferson, KY"/>
    <tag k="tiger:name_base" v="Arterburn"/>
    <tag k="tiger:name_type" v="Ave"/>
    <tag k="tiger:reviewed" v="no"/>
    <tag k="tiger:zip_left" v="40206"/>
    <tag k="tiger:zip_right" v="40206"/>
  </way>
  <way id="16221543">
    <nd ref="164759644"/>
    <nd ref="164759647"/>
    <nd ref="164759650"/>
    <nd ref="8727148921"/>
    <nd ref="164759653"/>
    <nd ref="164759655"/>
    <nd ref="8727148922"/>
    <nd ref="164759657"/>
    <nd ref="164759659"/>
    <nd ref="164759661"/>
    <nd ref="164759664"/>
    <nd ref="164759670"/>
    <nd ref="164759671"/>
    <nd ref="164759672"/>
    <nd ref="164759673"/>
    <nd ref="164759676"/>
    <nd ref="164759678"/>
    <tag k="highway" v="residential"/>
    <tag k="name" v="Waterleaf Way"/>
    <tag k="tiger:cfcc" v="A41"/>
    <tag k="tiger:county" v="Jefferson, KY"/>
    <tag k="tiger:name_base" v="Waterleaf"/>
    <tag k="tiger:name_type" v="Way"/>
    <tag k="tiger:reviewed" v="no"/>
  </way>
  <way id="16222470">
    <nd ref="164771265"/>
    <nd ref="164771268"/>
    <nd ref="164726867"/>
    <nd ref="164771271"/>
    <nd ref="164771274"/>
    <nd ref="164771277"/>
    <nd ref="164771280"/>
    <nd ref="164771283"/>
    <nd ref="164771287"/>
    <nd ref="164771289"/>
    <nd ref="164771292"/>
    <nd ref="164771295"/>
    <nd ref="164771298"/>
    <nd ref="164771301"/>
    <nd ref="164771303"/>
    <nd ref="164771306"/>
    <nd ref="164771308"/>
    <nd ref="164771311"/>
    <nd ref="164771314"/>
    <nd ref="164771317"/>
    <nd ref="164771320"/>
    <nd ref="8155011985"/>
    <nd ref="164771323"/>
    <nd ref="164771327"/>
    <nd ref="164726869"/>
    <tag k="highway" v="residential"/>
    <tag k="name" v="Brownsboro Terrace"/>
    <tag k="tiger:cfcc" v="A41"/>
    <tag k="tiger:county" v="Jefferson, KY"/>
    <tag k="tiger:name_base" v="Brownsboro"/>
    <tag k="tiger:name_type" v="Ter"/>
    <tag k="tiger:reviewed" v="no"/>
    <tag k="tiger:zip_left" v="40207"/>
    <tag k="tiger:zip_right" v="40207"/>
  </way>
  <way id="16222544">
    <nd ref="164771737"/>
    <nd ref="164771741"/>
    <nd ref="3470675789"/>
    <nd ref="164771743"/>
    <nd ref="3470675788"/>
    <nd ref="164771745"/>
    <nd ref="164771747"/>
    <nd ref="164771748"/>
    <nd ref="164771750"/>
    <nd ref="164771753"/>
    <nd ref="164771756"/>
    <nd ref="3470675737"/>
    <nd ref="3470675735"/>
    <nd ref="3470675732"/>
    <nd ref="3470675730"/>
    <nd ref="3470675728"/>
    <nd ref="3470675729"/>
    <nd ref="3470675731"/>
    <nd ref="3470675733"/>
    <nd ref="3470675734"/>
    <nd ref="3470675736"/>
    <nd ref="3470675738"/>
    <nd ref="3470675739"/>
    <nd ref="3470675740"/>
    <nd ref="3470675741"/>
    <nd ref="3470675742"/>
    <nd ref="164771756"/>
    <tag k="highway" v="residential"/>
    <tag k="name" v="Pepperbush Road"/>
    <tag k="tiger:cfcc" v="A41"/>
    <tag k="tiger:county" v="Jefferson, KY"/>
    <tag k="tiger:name_base" v="Pepperbush"/>
    <tag k="tiger:name_type" v="Rd"/>
    <tag k="tiger:reviewed" v="no"/>
    <tag k="tiger:zip_left" v="40207"/>
    <tag k="tiger:zip_right" v="40207"/>
  </way>
  <way id="16222825">
    <nd ref="164774390"/>
    <nd ref="164771265"/>
    <nd ref="164774392"/>
    <nd ref="164774394"/>
    <nd ref="6609119479"/>
    <nd ref="7130807715"/>
    <nd ref="164774396"/>
    <nd ref="164774398"/>
    <nd ref="164774400"/>
    <nd ref="7130807704"/>
    <nd ref="164774402"/>
    <nd ref="164774404"/>
    <nd ref="164774407"/>
    <nd ref="164774409"/>
    <nd ref="164774410"/>
    <nd ref="164774412"/>
    <nd ref="164774414"/>
    <nd ref="164774416"/>
    <nd ref="164774417"/>
    <nd ref="164774418"/>
    <nd ref="164774419"/>
    <nd ref="164774420"/>
    <nd ref="164774421"/>
    <nd ref="164774424"/>
    <nd ref="164774426"/>
    <nd ref="164774428"/>
    <nd ref="164774430"/>
    <nd ref="164774432"/>
    <nd ref="164774434"/>
    <nd ref="164774437"/>
    <nd ref="164774440"/>
    <nd ref="164774445"/>
    <nd ref="164774449"/>
    <nd ref="164774454"/>
    <nd ref="164774457"/>
    <nd ref="164774459"/>
    <nd ref="164774461"/>
    <nd ref="164774462"/>
    <nd ref="164774463"/>
    <nd ref="164774465"/>
    <nd ref="164774467"/>
    <nd ref="164774470"/>
    <nd ref="164774473"/>
    <nd ref="12998798114"/>
    <tag k="highway" v="residential"/>
    <tag k="name" v="Jarvis Lane"/>
    <tag k="tiger:cfcc" v="A41"/>
    <tag k="tiger:county" v="Jefferson, KY"/>
    <tag k="tiger:name_base" v="Jarvis"/>
    <tag k="tiger:name_type" v="Ln"/>
    <tag k="tiger:reviewed" v="no"/>
    <tag k="tiger:zip_left" v="40207"/>
    <tag k="tiger:zip_right" v="40207"/>
  </way>
  <way id="16224330">
    <nd ref="164792502"/>
    <nd ref="3470675568"/>
    <nd ref="3470675565"/>
    <nd ref="3470675564"/>
    <nd ref="3470675567"/>
    <nd ref="164792502"/>
    <nd ref="164792505"/>
    <nd ref="164792509"/>
    <tag k="highway" v="residential"/>
    <tag k="name" v="Seminary Village Road"/>
    <tag k="tiger:cfcc" v="A41"/>
    <tag k="tiger:county" v="Jefferson, KY"/>
    <tag k="tiger:name_base" v="Seminary Village"/>
    <tag k="tiger:name_type" v="Rd"/>
    <tag k="tiger:reviewed" v="no"/>
  </way>
  <way id="16224905">
    <nd ref="164774394"/>
    <nd ref="164807774"/>
    <nd ref="164807777"/>
    <nd ref="164807780"/>
    <nd ref="164807783"/>
    <nd ref="164807785"/>
    <nd ref="164726873"/>
    <nd ref="164807788"/>
    <nd ref="164807792"/>
    <nd ref="164807795"/>
    <nd ref="8730226255"/>
    <nd ref="8730226251"/>
    <nd ref="164807798"/>
    <nd ref="164807801"/>
    <nd ref="8730226243"/>
    <nd ref="8730226253"/>
    <nd ref="164807804"/>
    <nd ref="164807811"/>
    <nd ref="8236321878"/>
    <nd ref="164807814"/>
    <nd ref="164807818"/>
    <nd ref="164807821"/>
    <nd ref="164744565"/>
    <tag k="highway" v="residential"/>
    <tag k="name" v="Mockingbird Lane"/>
    <tag k="tiger:cfcc" v="A41"/>
    <tag k="tiger:county" v="Jefferson, KY"/>
    <tag k="tiger:name_base" v="Mockingbird"/>
    <tag k="tiger:name_type" v="Ln"/>
    <tag k="tiger:reviewed" v="no"/>
    <tag k="tiger:zip_left" v="40207"/>
    <tag k="tiger:zip_right" v="40207"/>
  </way>
  <way id="16225767">
    <nd ref="164832111"/>
    <nd ref="164832115"/>
    <nd ref="7242837585"/>
    <nd ref="164724234"/>
    <tag k="highway" v="residential"/>
    <tag k="name" v="Eastover Court"/>
    <tag k="tiger:cfcc" v="A41"/>
    <tag k="tiger:county" v="Jefferson, KY"/>
    <tag k="tiger:name_base" v="Eastover"/>
    <tag k="tiger:name_type" v="Ct"/>
    <tag k="tiger:reviewed" v="no"/>
    <tag k="tiger:zip_left" v="40206"/>
    <tag k="tiger:zip_right" v="40206"/>
  </way>
  <way id="16225768">
    <nd ref="164832127"/>
    <nd ref="164832130"/>
    <nd ref="7242939732"/>
    <nd ref="164832111"/>
    <nd ref="7242939746"/>
    <nd ref="4619027590"/>
    <nd ref="164832133"/>
    <nd ref="164832137"/>
    <nd ref="7242939729"/>
    <nd ref="164832140"/>
    <nd ref="7242939731"/>
    <nd ref="164832143"/>
    <nd ref="164832146"/>
    <nd ref="7242939728"/>
    <nd ref="164832149"/>
    <tag k="highway" v="residential"/>
    <tag k="name" v="Eastover Court"/>
    <tag k="tiger:cfcc" v="A41"/>
    <tag k="tiger:county" v="Jefferson, KY"/>
    <tag k="tiger:name_base" v="Eastover"/>
    <tag k="tiger:name_type" v="Ct"/>
    <tag k="tiger:reviewed" v="no"/>
    <tag k="tiger:zip_left" v="40206"/>
    <tag k="tiger:zip_right" v="40206"/>
  </way>
  <way id="16225942">
    <nd ref="164744516"/>
    <nd ref="164836204"/>
    <nd ref="164836208"/>
    <nd ref="164836211"/>
    <nd ref="164836213"/>
    <nd ref="164836215"/>
    <nd ref="8141829982"/>
    <nd ref="164836217"/>
    <nd ref="8141829997"/>
    <nd ref="164836219"/>
    <nd ref="7094788045"/>
    <nd ref="7094788049"/>
    <nd ref="164836221"/>
    <nd ref="164836224"/>
    <nd ref="164836228"/>
    <nd ref="164836231"/>
    <nd ref="164836234"/>
    <nd ref="164836237"/>
    <nd ref="164836240"/>
    <nd ref="164836243"/>
    <nd ref="164836246"/>
    <nd ref="164836250"/>
    <nd ref="164836253"/>
    <tag k="highway" v="residential"/>
    <tag k="name" v="Greenhill Lane"/>
    <tag k="tiger:cfcc" v="A41"/>
    <tag k="tiger:county" v="Jefferson, KY"/>
    <tag k="tiger:name_base" v="Greenhill"/>
    <tag k="tiger:name_type" v="Ln"/>
    <tag k="tiger:reviewed" v="no"/>
    <tag k="tiger:zip_left" v="40207"/>
    <tag k="tiger:zip_right" v="40207"/>
  </way>
  <way id="16226475">
    <nd ref="164724231"/>
    <nd ref="7156707188"/>
    <nd ref="3469726639"/>
    <nd ref="2280207043"/>
    <nd ref="10929205348"/>
    <nd ref="3468387715"/>
    <nd ref="3469682320"/>
    <nd ref="164832127"/>
    <tag k="highway" v="residential"/>
    <tag k="name" v="Sacred Heart Lane"/>
    <tag k="tiger:cfcc" v="A41"/>
    <tag k="tiger:county" v="Jefferson, KY"/>
    <tag k="tiger:name_base" v="Sacred Heart"/>
    <tag k="tiger:name_type" v="Ln"/>
    <tag k="tiger:reviewed" v="no"/>
    <tag k="tiger:zip_left" v="40206"/>
    <tag k="tiger:zip_right" v="40206"/>
  </way>
  <way id="16226670">
    <nd ref="164724243"/>
    <nd ref="164859968"/>
    <nd ref="7242795378"/>
    <nd ref="164859971"/>
    <nd ref="164859974"/>
    <nd ref="164859977"/>
    <nd ref="164859980"/>
    <nd ref="164832146"/>
    <nd ref="164859983"/>
    <nd ref="164859986"/>
    <nd ref="164859990"/>
    <nd ref="164859993"/>
    <nd ref="164859996"/>
    <nd ref="164859999"/>
    <nd ref="164860003"/>
    <nd ref="3469681748"/>
    <nd ref="3469681725"/>
    <nd ref="164860006"/>
    <nd ref="3213252234"/>
    <nd ref="7154945376"/>
    <nd ref="164860009"/>
    <tag k="highway" v="residential"/>
    <tag k="name" v="Crabbs Lane"/>
    <tag k="tiger:cfcc" v="A41"/>
    <tag k="tiger:county" v="Jefferson, KY"/>
    <tag k="tiger:name_base" v="Crabbs"/>
    <tag k="tiger:name_type" v="Ln"/>
    <tag k="tiger:reviewed" v="no"/>
    <tag k="tiger:zip_left" v="40206"/>
    <tag k="tiger:zip_right" v="40206"/>
  </way>
  <way id="16226763">
    <nd ref="164708370"/>
    <nd ref="4618696414"/>
    <nd ref="164862353"/>
    <tag k="highway" v="residential"/>
    <tag k="name" v="Eastbourne Avenue"/>
    <tag k="tiger:cfcc" v="A41"/>
    <tag k="tiger:county" v="Jefferson, KY"/>
    <tag k="tiger:name_base" v="Eastbourne"/>
    <tag k="tiger:name_type" v="Ave"/>
    <tag k="tiger:zip_left" v="40206"/>
    <tag k="tiger:zip_right" v="40206"/>
  </way>
  <way id="16227099">
    <nd ref="164724273"/>
    <nd ref="6034793667"/>
    <nd ref="164869402"/>
    <nd ref="164869406"/>
    <nd ref="164869410"/>
    <nd ref="164869413"/>
    <nd ref="164869417"/>
    <nd ref="164869419"/>
    <nd ref="164869421"/>
    <nd ref="164869443"/>
    <nd ref="164869454"/>
    <nd ref="164869458"/>
    <tag k="highway" v="residential"/>
    <tag k="name" v="Fairlawn Road"/>
    <tag k="tiger:cfcc" v="A41"/>
    <tag k="tiger:county" v="Jefferson, KY"/>
    <tag k="tiger:name_base" v="Fairlawn"/>
    <tag k="tiger:name_type" v="Rd"/>
    <tag k="tiger:reviewed" v="no"/>
    <tag k="tiger:zip_left" v="40207"/>
    <tag k="tiger:zip_right" v="40207"/>
  </way>
  <way id="16228020">
    <nd ref="164893746"/>
    <nd ref="164893748"/>
    <nd ref="164893750"/>
    <nd ref="164893752"/>
    <nd ref="164893754"/>
    <nd ref="164893756"/>
    <nd ref="164893758"/>
    <nd ref="164893760"/>
    <nd ref="164893763"/>
    <nd ref="164852387"/>
    <tag k="highway" v="residential"/>
    <tag k="name" v="Lotis Way"/>
    <tag k="tiger:cfcc" v="A41"/>
    <tag k="tiger:county" v="Jefferson, KY"/>
    <tag k="tiger:name_base" v="Lotis"/>
    <tag k="tiger:name_type" v="Way"/>
    <tag k="tiger:reviewed" v="no"/>
    <tag k="tiger:separated" v="no"/>
    <tag k="tiger:source" v="tiger_import_dch_v0.6_20070812"/>
    <tag k="tiger:tlid" v="96852289:96852290:96852296"/>
    <tag k="tiger:upload_uuid" v="bulk_upload.pl-1e13cf67-8316-4f18-98ed-82365ecb3801"/>
    <tag k="tiger:zip_left" v="40207"/>
    <tag k="tiger:zip_right" v="40207"/>
  </way>
  <way id="16229412">
    <nd ref="164919663"/>
    <nd ref="164919666"/>
    <nd ref="164919670"/>
    <nd ref="164919672"/>
    <nd ref="164919674"/>
    <nd ref="164919677"/>
    <nd ref="164919680"/>
    <nd ref="164919683"/>
    <nd ref="164919689"/>
    <nd ref="164919710"/>
    <nd ref="164919718"/>
    <nd ref="164919724"/>
    <nd ref="164919730"/>
    <nd ref="164919736"/>
    <nd ref="164919743"/>
    <nd ref="164919746"/>
    <nd ref="164919750"/>
    <nd ref="164893756"/>
    <tag k="highway" v="residential"/>
    <tag k="name" v="Oread Road"/>
    <tag k="tiger:cfcc" v="A41"/>
    <tag k="tiger:county" v="Jefferson, KY"/>
    <tag k="tiger:name_base" v="Oread"/>
    <tag k="tiger:name_type" v="Rd"/>
    <tag k="tiger:reviewed" v="no"/>
    <tag k="tiger:zip_left" v="40207"/>
    <tag k="tiger:zip_right" v="40207"/>
  </way>
  <way id="16229600">
    <nd ref="164759664"/>
    <nd ref="8727148927"/>
    <nd ref="164923436"/>
    <nd ref="164923440"/>
    <nd ref="164923445"/>
    <nd ref="164923456"/>
    <nd ref="164923461"/>
    <nd ref="164923464"/>
    <nd ref="164923466"/>
    <nd ref="164923469"/>
    <nd ref="164923472"/>
    <tag k="highway" v="residential"/>
    <tag k="name" v="Waterleaf Court"/>
    <tag k="tiger:cfcc" v="A41"/>
    <tag k="tiger:county" v="Jefferson, KY"/>
    <tag k="tiger:name_base" v="Waterleaf"/>
    <tag k="tiger:name_type" v="Ct"/>
    <tag k="tiger:reviewed" v="no"/>
    <tag k="tiger:zip_left" v="40207"/>
    <tag k="tiger:zip_right" v="40207"/>
  </way>
  <way id="16229794">
    <nd ref="164926251"/>
    <nd ref="164926259"/>
    <nd ref="164926261"/>
    <nd ref="164926264"/>
    <nd ref="164926267"/>
    <nd ref="164926272"/>
    <nd ref="164926275"/>
    <nd ref="164926278"/>
    <nd ref="164926280"/>
    <nd ref="164926282"/>
    <nd ref="164926284"/>
    <nd ref="164926288"/>
    <nd ref="164926291"/>
    <nd ref="164926294"/>
    <nd ref="164926297"/>
    <nd ref="164703906"/>
    <nd ref="164926302"/>
    <nd ref="164926305"/>
    <nd ref="164926307"/>
    <nd ref="164926311"/>
    <nd ref="164926314"/>
    <nd ref="164926317"/>
    <nd ref="164926319"/>
    <nd ref="164926322"/>
    <nd ref="164926324"/>
    <nd ref="164926327"/>
    <nd ref="164926331"/>
    <nd ref="164926335"/>
    <nd ref="164926338"/>
    <nd ref="164926342"/>
    <nd ref="164926345"/>
    <nd ref="164926349"/>
    <nd ref="164926353"/>
    <nd ref="164926356"/>
    <nd ref="164926357"/>
    <nd ref="164926359"/>
    <nd ref="164926361"/>
    <nd ref="8236583420"/>
    <nd ref="164926362"/>
    <nd ref="164926364"/>
    <nd ref="8532625019"/>
    <nd ref="164926369"/>
    <nd ref="164926379"/>
    <nd ref="164926382"/>
    <nd ref="164926384"/>
    <nd ref="164926387"/>
    <nd ref="164926389"/>
    <nd ref="164926392"/>
    <nd ref="164926396"/>
    <nd ref="8532573509"/>
    <nd ref="8141667438"/>
    <nd ref="8141667430"/>
    <nd ref="164926398"/>
    <nd ref="164926401"/>
    <nd ref="164926404"/>
    <nd ref="164926406"/>
    <nd ref="8236583419"/>
    <nd ref="164926408"/>
    <nd ref="8236570710"/>
    <nd ref="164926411"/>
    <nd ref="164926414"/>
    <nd ref="164926416"/>
    <nd ref="164926418"/>
    <nd ref="164926420"/>
    <nd ref="164926423"/>
    <nd ref="164926428"/>
    <nd ref="164926431"/>
    <nd ref="164926435"/>
    <tag k="highway" v="residential"/>
    <tag k="name" v="Club Lane"/>
    <tag k="tiger:cfcc" v="A41"/>
    <tag k="tiger:county" v="Jefferson, KY"/>
    <tag k="tiger:name_base" v="Club"/>
    <tag k="tiger:name_type" v="Ln"/>
    <tag k="tiger:reviewed" v="no"/>
    <tag k="tiger:zip_left" v="40207"/>
    <tag k="tiger:zip_right" v="40207"/>
  </way>
  <way id="16230810">
    <nd ref="164865949"/>
    <nd ref="164943882"/>
    <nd ref="164892261"/>
    <nd ref="164943885"/>
    <nd ref="164943889"/>
    <nd ref="164943892"/>
    <nd ref="164943894"/>
    <nd ref="164943897"/>
    <nd ref="164943899"/>
    <nd ref="164943901"/>
    <nd ref="164729464"/>
    <nd ref="164943906"/>
    <nd ref="164943909"/>
    <tag k="highway" v="residential"/>
    <tag k="name" v="Madelle Avenue"/>
    <tag k="tiger:cfcc" v="A41"/>
    <tag k="tiger:county" v="Jefferson, KY"/>
    <tag k="tiger:name_base" v="Madelle"/>
    <tag k="tiger:name_type" v="Ave"/>
    <tag k="tiger:reviewed" v="no"/>
    <tag k="tiger:zip_left" v="40206"/>
    <tag k="tiger:zip_right" v="40206"/>
  </way>
  <way id="16233811">
    <nd ref="165028878"/>
    <nd ref="6034793670"/>
    <nd ref="10883967257"/>
    <nd ref="165010627"/>
    <nd ref="165010629"/>
    <nd ref="165010631"/>
    <nd ref="7242795357"/>
    <nd ref="6902723824"/>
    <nd ref="7154945381"/>
    <nd ref="164968648"/>
    <nd ref="7154966686"/>
    <nd ref="165010635"/>
    <nd ref="164803357"/>
    <nd ref="165010636"/>
    <nd ref="165010637"/>
    <nd ref="164972228"/>
    <nd ref="7243113444"/>
    <nd ref="165010644"/>
    <nd ref="2807509416"/>
    <nd ref="7290204499"/>
    <nd ref="164758992"/>
    <nd ref="165010653"/>
    <nd ref="165010656"/>
    <nd ref="165010658"/>
    <nd ref="165010660"/>
    <nd ref="164725084"/>
    <nd ref="165010662"/>
    <nd ref="8236248580"/>
    <nd ref="164798103"/>
    <nd ref="165010664"/>
    <nd ref="164825008"/>
    <nd ref="165010667"/>
    <nd ref="165010671"/>
    <nd ref="165010676"/>
    <nd ref="8236394845"/>
    <nd ref="165010678"/>
    <nd ref="165010679"/>
    <nd ref="165010680"/>
    <nd ref="165010681"/>
    <nd ref="165010683"/>
    <nd ref="165010684"/>
    <nd ref="7243176113"/>
    <nd ref="164879926"/>
    <tag k="highway" v="secondary"/>
    <tag k="name" v="Cannons Lane"/>
    <tag k="ref" v="KY 2048"/>
    <tag k="tiger:cfcc" v="A41"/>
    <tag k="tiger:county" v="Jefferson, KY"/>
    <tag k="tiger:name_base" v="Cannons"/>
    <tag k="tiger:name_type" v="Ln"/>
    <tag k="tiger:zip_left" v="40205"/>
    <tag k="tiger:zip_right" v="40205"/>
  </way>
  <way id="16233890">
    <nd ref="165012740"/>
    <nd ref="165012741"/>
    <nd ref="165012742"/>
    <nd ref="164966065"/>
    <nd ref="165012743"/>
    <nd ref="165012744"/>
    <nd ref="165012745"/>
    <nd ref="165012746"/>
    <nd ref="165012748"/>
    <nd ref="165012749"/>
    <nd ref="165012750"/>
    <nd ref="165012751"/>
    <nd ref="165012752"/>
    <nd ref="165012753"/>
    <nd ref="164893756"/>
    <tag k="highway" v="residential"/>
    <tag k="name" v="Sprite Road"/>
    <tag k="tiger:cfcc" v="A41"/>
    <tag k="tiger:county" v="Jefferson, KY"/>
    <tag k="tiger:name_base" v="Sprite"/>
    <tag k="tiger:name_type" v="Rd"/>
    <tag k="tiger:reviewed" v="no"/>
    <tag k="tiger:zip_left" v="40207"/>
    <tag k="tiger:zip_right" v="40207"/>
  </way>
  <way id="16234294">
    <nd ref="165023487"/>
    <nd ref="7412919735"/>
    <nd ref="7412919733"/>
    <nd ref="165023490"/>
    <nd ref="7238096181"/>
    <nd ref="7412620979"/>
    <nd ref="165023493"/>
    <nd ref="165023496"/>
    <nd ref="7412620980"/>
    <nd ref="7238096172"/>
    <nd ref="165023501"/>
    <tag k="highway" v="residential"/>
    <tag k="name" v="Norbourne Way"/>
    <tag k="tiger:cfcc" v="A41"/>
    <tag k="tiger:county" v="Jefferson, KY"/>
    <tag k="tiger:name_base" v="Norbourne"/>
    <tag k="tiger:name_type" v="Way"/>
    <tag k="tiger:reviewed" v="no"/>
    <tag k="tiger:zip_left" v="40206"/>
    <tag k="tiger:zip_right" v="40206"/>
  </way>
  <way id="16234426">
    <nd ref="164724265"/>
    <nd ref="6034793676"/>
    <nd ref="13272377221"/>
    <nd ref="13272377202"/>
    <nd ref="13272377209"/>
    <nd ref="165027525"/>
    <nd ref="165027528"/>
    <tag k="highway" v="residential"/>
    <tag k="name" v="Weisser Avenue"/>
    <tag k="tiger:cfcc" v="A41"/>
    <tag k="tiger:county" v="Jefferson, KY"/>
    <tag k="tiger:name_base" v="Weisser"/>
    <tag k="tiger:name_type" v="Ave"/>
    <tag k="tiger:reviewed" v="no"/>
    <tag k="tiger:zip_left" v="40206"/>
    <tag k="tiger:zip_right" v="40206"/>
  </way>
  <way id="16234479">
    <nd ref="7406620917"/>
    <nd ref="165028451"/>
    <nd ref="7390749173"/>
    <nd ref="7390752729"/>
    <nd ref="165003785"/>
    <nd ref="165003788"/>
    <nd ref="7390752720"/>
    <nd ref="7406620913"/>
    <tag k="highway" v="residential"/>
    <tag k="maxspeed:advisory" v="15 mph"/>
    <tag k="name" v="Reservoir Avenue"/>
    <tag k="parking:lane:both" v="no_stopping"/>
    <tag k="tiger:cfcc" v="A41"/>
    <tag k="tiger:county" v="Jefferson, KY"/>
    <tag k="tiger:name_base" v="Reservoir"/>
    <tag k="tiger:name_type" v="Ave"/>
    <tag k="tiger:reviewed" v="no"/>
    <tag k="tiger:zip_left" v="40206"/>
    <tag k="tiger:zip_right" v="40206"/>
    <tag k="traffic_calming" v="hump"/>
  </way>
  <way id="16234505">
    <nd ref="165028878"/>
    <nd ref="13272377217"/>
    <nd ref="165028883"/>
    <nd ref="165028885"/>
    <nd ref="165028887"/>
    <nd ref="3470675571"/>
    <nd ref="164941756"/>
    <nd ref="3470675572"/>
    <nd ref="165028889"/>
    <nd ref="165028893"/>
    <nd ref="164708403"/>
    <nd ref="165028896"/>
    <nd ref="165028898"/>
    <nd ref="165028900"/>
    <nd ref="165028903"/>
    <nd ref="165028907"/>
    <nd ref="165028910"/>
    <nd ref="165028913"/>
    <nd ref="164636783"/>
    <tag k="highway" v="residential"/>
    <tag k="name" v="Fenley Avenue"/>
    <tag k="tiger:cfcc" v="A41"/>
    <tag k="tiger:county" v="Jefferson, KY"/>
    <tag k="tiger:name_base" v="Fenley"/>
    <tag k="tiger:name_type" v="Ave"/>
    <tag k="tiger:reviewed" v="no"/>
    <tag k="tiger:zip_left" v="40206"/>
    <tag k="tiger:zip_right" v="40207"/>
  </way>
  <way id="16235344">
    <nd ref="164852462"/>
    <nd ref="165045863"/>
    <nd ref="165045865"/>
    <nd ref="165045869"/>
    <nd ref="165045873"/>
    <nd ref="165045877"/>
    <nd ref="11133797715"/>
    <nd ref="165045880"/>
    <nd ref="165045884"/>
    <tag k="highway" v="residential"/>
    <tag k="name" v="Penruth Avenue"/>
    <tag k="tiger:cfcc" v="A41"/>
    <tag k="tiger:county" v="Jefferson, KY"/>
    <tag k="tiger:name_base" v="Penruth"/>
    <tag k="tiger:name_type" v="Ave"/>
    <tag k="tiger:reviewed" v="no"/>
    <tag k="tiger:zip_left" v="40207"/>
    <tag k="tiger:zip_right" v="40207"/>
  </way>
  <way id="16235845">
    <nd ref="165059447"/>
    <nd ref="8236252135"/>
    <nd ref="165059448"/>
    <nd ref="165059449"/>
    <nd ref="165059451"/>
    <nd ref="165059453"/>
    <nd ref="165059455"/>
    <nd ref="165059457"/>
    <nd ref="165059460"/>
    <nd ref="165059462"/>
    <nd ref="165059464"/>
    <nd ref="165059466"/>
    <tag k="highway" v="residential"/>
    <tag k="name" v="Edmond Lane"/>
    <tag k="tiger:cfcc" v="A41"/>
    <tag k="tiger:county" v="Jefferson, KY"/>
    <tag k="tiger:name_base" v="Edmond"/>
    <tag k="tiger:name_type" v="Ln"/>
    <tag k="tiger:reviewed" v="no"/>
    <tag k="tiger:zip_left" v="40207"/>
    <tag k="tiger:zip_right" v="40207"/>
  </way>
  <way id="16236069">
    <nd ref="165066599"/>
    <nd ref="164691029"/>
    <nd ref="165066602"/>
    <nd ref="165066606"/>
    <nd ref="165066610"/>
    <nd ref="165066614"/>
    <nd ref="165066617"/>
    <nd ref="165066620"/>
    <nd ref="165066623"/>
    <nd ref="165066627"/>
    <nd ref="165066631"/>
    <nd ref="165066634"/>
    <nd ref="165066637"/>
    <nd ref="165066640"/>
    <nd ref="165066643"/>
    <nd ref="165066646"/>
    <nd ref="165066650"/>
    <nd ref="165066652"/>
    <nd ref="165066655"/>
    <nd ref="165066658"/>
    <nd ref="165066661"/>
    <nd ref="165066664"/>
    <nd ref="165066667"/>
    <nd ref="165066670"/>
    <nd ref="165066673"/>
    <nd ref="165066678"/>
    <nd ref="165066684"/>
    <nd ref="165066687"/>
    <nd ref="165066690"/>
    <nd ref="165066697"/>
    <nd ref="165066700"/>
    <nd ref="165066703"/>
    <nd ref="165066706"/>
    <nd ref="165066709"/>
    <nd ref="165066712"/>
    <nd ref="165066716"/>
    <nd ref="165066720"/>
    <nd ref="165066724"/>
    <nd ref="165066727"/>
    <nd ref="165066731"/>
    <nd ref="165066734"/>
    <nd ref="165066737"/>
    <nd ref="165066741"/>
    <nd ref="165066744"/>
    <nd ref="165066748"/>
    <nd ref="165066752"/>
    <nd ref="165066599"/>
    <tag k="highway" v="residential"/>
    <tag k="name" v="Ridgewood Road"/>
    <tag k="tiger:cfcc" v="A41"/>
    <tag k="tiger:county" v="Jefferson, KY"/>
    <tag k="tiger:name_base" v="Ridgewood"/>
    <tag k="tiger:name_type" v="Rd"/>
    <tag k="tiger:reviewed" v="no"/>
    <tag k="tiger:zip_left" v="40207"/>
    <tag k="tiger:zip_right" v="40207"/>
  </way>
  <way id="16236189">
    <nd ref="164724223"/>
    <nd ref="7156652109"/>
    <nd ref="164997684"/>
    <nd ref="164996518"/>
    <nd ref="165023487"/>
    <nd ref="7412919730"/>
    <nd ref="7412919734"/>
    <nd ref="165070087"/>
    <nd ref="164632338"/>
    <nd ref="165070091"/>
    <nd ref="165070095"/>
    <nd ref="165070100"/>
    <nd ref="165070103"/>
    <nd ref="165070106"/>
    <nd ref="164658796"/>
    <nd ref="7029836474"/>
    <nd ref="164852477"/>
    <tag k="highway" v="residential"/>
    <tag k="name" v="Pennsylvania Avenue"/>
    <tag k="tiger:cfcc" v="A41"/>
    <tag k="tiger:county" v="Jefferson, KY"/>
    <tag k="tiger:name_base" v="Pennsylvania"/>
    <tag k="tiger:name_type" v="Ave"/>
    <tag k="tiger:reviewed" v="no"/>
    <tag k="tiger:zip_left" v="40206"/>
    <tag k="tiger:zip_right" v="40206"/>
  </way>
  <way id="16236539">
    <nd ref="164703895"/>
    <nd ref="165078974"/>
    <nd ref="165078975"/>
    <nd ref="165078977"/>
    <nd ref="165078979"/>
    <nd ref="165078981"/>
    <nd ref="165078983"/>
    <nd ref="165078984"/>
    <nd ref="165078986"/>
    <nd ref="165078987"/>
    <nd ref="165078989"/>
    <nd ref="165078991"/>
    <nd ref="165078993"/>
    <nd ref="165078996"/>
    <tag k="highway" v="residential"/>
    <tag k="name" v="Mayfair Lane"/>
    <tag k="tiger:cfcc" v="A41"/>
    <tag k="tiger:county" v="Jefferson, KY"/>
    <tag k="tiger:name_base" v="Mayfair"/>
    <tag k="tiger:name_type" v="Ln"/>
    <tag k="tiger:reviewed" v="no"/>
    <tag k="tiger:zip_left" v="40207"/>
    <tag k="tiger:zip_right" v="40207"/>
  </way>
  <way id="16236865">
    <nd ref="164724220"/>
    <nd ref="7027088093"/>
    <nd ref="164996527"/>
    <nd ref="165023493"/>
    <nd ref="7412620972"/>
    <nd ref="164632333"/>
    <nd ref="7412620966"/>
    <nd ref="165086385"/>
    <nd ref="165086386"/>
    <nd ref="165086388"/>
    <nd ref="164658788"/>
    <nd ref="7412620955"/>
    <nd ref="165086389"/>
    <nd ref="165086392"/>
    <nd ref="7724727003"/>
    <tag k="highway" v="secondary"/>
    <tag k="name" v="Hillcrest Avenue"/>
    <tag k="surface" v="asphalt"/>
  </way>
  <way id="16236995">
    <nd ref="164928292"/>
    <nd ref="2280214444"/>
    <nd ref="165090226"/>
    <nd ref="165090227"/>
    <nd ref="165090229"/>
    <nd ref="165090231"/>
    <nd ref="165090235"/>
    <nd ref="165090238"/>
    <nd ref="165090242"/>
    <nd ref="165090245"/>
    <tag k="highway" v="residential"/>
    <tag k="name" v="Loganberry Court"/>
    <tag k="tiger:cfcc" v="A41"/>
    <tag k="tiger:county" v="Jefferson, KY"/>
    <tag k="tiger:name_base" v="Loganberry"/>
    <tag k="tiger:name_type" v="Ct"/>
    <tag k="tiger:reviewed" v="no"/>
    <tag k="tiger:zip_left" v="40207"/>
    <tag k="tiger:zip_right" v="40207"/>
  </way>
  <way id="16237224">
    <nd ref="164759563"/>
    <nd ref="165094906"/>
    <nd ref="165094908"/>
    <nd ref="4621361391"/>
    <nd ref="165094909"/>
    <nd ref="165094911"/>
    <nd ref="165094912"/>
    <nd ref="165094913"/>
    <nd ref="165094914"/>
    <nd ref="165094917"/>
    <tag k="highway" v="residential"/>
    <tag k="name" v="Claremont Avenue"/>
    <tag k="tiger:cfcc" v="A41"/>
    <tag k="tiger:county" v="Jefferson, KY"/>
    <tag k="tiger:name_base" v="Claremont"/>
    <tag k="tiger:name_type" v="Ave"/>
    <tag k="tiger:zip_left" v="40206"/>
    <tag k="tiger:zip_right" v="40206"/>
  </way>
  <way id="16237737">
    <nd ref="165108364"/>
    <nd ref="165108366"/>
    <nd ref="165108368"/>
    <nd ref="165108372"/>
    <nd ref="165108375"/>
    <nd ref="165108378"/>
    <nd ref="165108382"/>
    <nd ref="165108384"/>
    <nd ref="165108385"/>
    <nd ref="165108387"/>
    <nd ref="165108390"/>
    <nd ref="165108394"/>
    <nd ref="8236424524"/>
    <nd ref="4585787106"/>
    <nd ref="165108397"/>
    <nd ref="165108400"/>
    <nd ref="165108403"/>
    <nd ref="165108424"/>
    <nd ref="165108431"/>
    <nd ref="165108435"/>
    <nd ref="165108438"/>
    <nd ref="165108440"/>
    <nd ref="165108441"/>
    <nd ref="165108442"/>
    <nd ref="165108445"/>
    <nd ref="165108447"/>
    <nd ref="165108449"/>
    <nd ref="164870680"/>
    <nd ref="165108455"/>
    <nd ref="165108456"/>
    <nd ref="165108458"/>
    <nd ref="164732387"/>
    <tag k="highway" v="residential"/>
    <tag k="name" v="Rolling Lane"/>
    <tag k="tiger:cfcc" v="A41"/>
    <tag k="tiger:county" v="Jefferson, KY"/>
    <tag k="tiger:name_base" v="Rolling"/>
    <tag k="tiger:name_type" v="Ln"/>
    <tag k="tiger:reviewed" v="no"/>
    <tag k="tiger:zip_left" v="40207"/>
    <tag k="tiger:zip_right" v="40207"/>
  </way>
  <way id="16238678">
    <nd ref="164852424"/>
    <nd ref="3236466475"/>
    <nd ref="165131455"/>
    <nd ref="6892595908"/>
    <nd ref="165131457"/>
    <nd ref="165131461"/>
    <nd ref="164836253"/>
    <nd ref="165131464"/>
    <nd ref="165131467"/>
    <nd ref="165131470"/>
    <nd ref="165131473"/>
    <nd ref="165131476"/>
    <nd ref="165131479"/>
    <nd ref="164703881"/>
    <nd ref="165131484"/>
    <nd ref="165131487"/>
    <nd ref="165131490"/>
    <nd ref="165131493"/>
    <nd ref="165131500"/>
    <nd ref="165131506"/>
    <nd ref="165131509"/>
    <nd ref="165131512"/>
    <nd ref="165131515"/>
    <nd ref="165131518"/>
    <nd ref="165131521"/>
    <nd ref="165131523"/>
    <nd ref="165078996"/>
    <nd ref="165131526"/>
    <nd ref="165131528"/>
    <nd ref="165131530"/>
    <nd ref="165131531"/>
    <nd ref="165131533"/>
    <nd ref="165131535"/>
    <nd ref="165131536"/>
    <nd ref="6895928986"/>
    <nd ref="165131539"/>
    <nd ref="165131541"/>
    <nd ref="8039558049"/>
    <nd ref="165131543"/>
    <nd ref="7094788035"/>
    <nd ref="165131544"/>
    <nd ref="165131546"/>
    <nd ref="6895920578"/>
    <nd ref="165131548"/>
    <nd ref="165131550"/>
    <nd ref="8163524876"/>
    <nd ref="165131552"/>
    <nd ref="165131554"/>
    <nd ref="165131557"/>
    <nd ref="165131559"/>
    <nd ref="165131561"/>
    <nd ref="165131562"/>
    <nd ref="165131564"/>
    <nd ref="165131566"/>
    <nd ref="165131568"/>
    <nd ref="165131570"/>
    <nd ref="165131571"/>
    <nd ref="164744576"/>
    <tag k="highway" v="residential"/>
    <tag k="name" v="Lightfoot Road"/>
    <tag k="tiger:cfcc" v="A41"/>
    <tag k="tiger:county" v="Jefferson, KY"/>
    <tag k="tiger:name_base" v="Lightfoot"/>
    <tag k="tiger:name_type" v="Rd"/>
    <tag k="tiger:reviewed" v="no"/>
    <tag k="tiger:zip_left" v="40207"/>
    <tag k="tiger:zip_right" v="40207"/>
  </way>
  <way id="16238725">
    <nd ref="164852405"/>
    <nd ref="165132037"/>
    <nd ref="165132040"/>
    <nd ref="8236229786"/>
    <nd ref="165132043"/>
    <nd ref="165132051"/>
    <nd ref="165132054"/>
    <nd ref="165132057"/>
    <nd ref="164926251"/>
    <nd ref="165132061"/>
    <nd ref="7246679324"/>
    <nd ref="165132066"/>
    <nd ref="165132070"/>
    <nd ref="165132076"/>
    <nd ref="165132079"/>
    <nd ref="165132082"/>
    <nd ref="165132086"/>
    <nd ref="165132088"/>
    <nd ref="165132092"/>
    <nd ref="165132095"/>
    <nd ref="165132098"/>
    <nd ref="165132111"/>
    <tag k="highway" v="residential"/>
    <tag k="name" v="Country Lane"/>
    <tag k="tiger:cfcc" v="A41"/>
    <tag k="tiger:county" v="Jefferson, KY"/>
    <tag k="tiger:name_base" v="Country"/>
    <tag k="tiger:name_type" v="Ln"/>
    <tag k="tiger:reviewed" v="no"/>
  </way>
  <way id="16239014">
    <nd ref="165138952"/>
    <nd ref="165138959"/>
    <nd ref="165138966"/>
    <nd ref="165138973"/>
    <nd ref="165138978"/>
    <nd ref="165138983"/>
    <nd ref="164703901"/>
    <nd ref="165138988"/>
    <nd ref="165138994"/>
    <nd ref="165138995"/>
    <nd ref="165138996"/>
    <nd ref="165138998"/>
    <nd ref="165138999"/>
    <nd ref="165139000"/>
    <nd ref="165139001"/>
    <nd ref="165139002"/>
    <nd ref="165139003"/>
    <nd ref="8236583424"/>
    <nd ref="165139005"/>
    <nd ref="164926359"/>
    <tag k="highway" v="residential"/>
    <tag k="name" v="Swing Lane"/>
    <tag k="tiger:cfcc" v="A41"/>
    <tag k="tiger:county" v="Jefferson, KY"/>
    <tag k="tiger:name_base" v="Swing"/>
    <tag k="tiger:name_type" v="Ln"/>
    <tag k="tiger:reviewed" v="no"/>
    <tag k="tiger:zip_left" v="40207"/>
    <tag k="tiger:zip_right" v="40207"/>
  </way>
  <way id="16239346">
    <nd ref="164729464"/>
    <nd ref="165146089"/>
    <nd ref="165146091"/>
    <nd ref="165146093"/>
    <nd ref="165146096"/>
    <tag k="highway" v="residential"/>
    <tag k="name" v="Winton Lane"/>
    <tag k="tiger:cfcc" v="A41"/>
    <tag k="tiger:county" v="Jefferson, KY"/>
    <tag k="tiger:name_base" v="Winton"/>
    <tag k="tiger:name_type" v="Ln"/>
    <tag k="tiger:reviewed" v="no"/>
    <tag k="tiger:zip_left" v="40206"/>
    <tag k="tiger:zip_right" v="40206"/>
  </way>
  <way id="16239678">
    <nd ref="164928224"/>
    <nd ref="165152890"/>
    <tag k="highway" v="residential"/>
    <tag k="name" v="Winterleaf Drive"/>
    <tag k="tiger:cfcc" v="A41"/>
    <tag k="tiger:county" v="Jefferson, KY"/>
    <tag k="tiger:name_base" v="Winterleaf"/>
    <tag k="tiger:name_type" v="Dr"/>
    <tag k="tiger:reviewed" v="no"/>
    <tag k="tiger:zip_left" v="40207"/>
    <tag k="tiger:zip_right" v="40207"/>
  </way>
  <way id="16239956">
    <nd ref="164724246"/>
    <nd ref="7242795375"/>
    <nd ref="164832149"/>
    <nd ref="165158265"/>
    <nd ref="165158268"/>
    <nd ref="165123341"/>
    <nd ref="7154945377"/>
    <nd ref="164968624"/>
    <nd ref="7154945378"/>
    <nd ref="165158275"/>
    <nd ref="165158278"/>
    <nd ref="165158281"/>
    <nd ref="165158284"/>
    <nd ref="165158287"/>
    <nd ref="165158290"/>
    <nd ref="165158293"/>
    <nd ref="164803413"/>
    <nd ref="165158296"/>
    <nd ref="164803400"/>
    <tag k="highway" v="residential"/>
    <tag k="name" v="McCready Avenue"/>
    <tag k="tiger:cfcc" v="A41"/>
    <tag k="tiger:county" v="Jefferson, KY"/>
    <tag k="tiger:name_base" v="McCready"/>
    <tag k="tiger:name_type" v="Ave"/>
    <tag k="tiger:reviewed" v="no"/>
  </way>
  <way id="16240114">
    <nd ref="165094908"/>
    <nd ref="165161748"/>
    <nd ref="4614857703"/>
    <nd ref="165161751"/>
    <nd ref="165161756"/>
    <nd ref="164636744"/>
    <nd ref="165161761"/>
    <nd ref="164708376"/>
    <tag k="highway" v="residential"/>
    <tag k="name" v="Randolph Avenue"/>
    <tag k="tiger:cfcc" v="A41"/>
    <tag k="tiger:county" v="Jefferson, KY"/>
    <tag k="tiger:name_base" v="Randolph"/>
    <tag k="tiger:name_type" v="Ave"/>
    <tag k="tiger:reviewed" v="no"/>
    <tag k="tiger:zip_left" v="40206"/>
    <tag k="tiger:zip_right" v="40206"/>
  </way>
  <way id="16241391">
    <nd ref="164724252"/>
    <nd ref="6034793679"/>
    <nd ref="165188002"/>
    <nd ref="165188005"/>
    <tag k="highway" v="residential"/>
    <tag k="name" v="South Crestmoor Avenue"/>
    <tag k="tiger:cfcc" v="A41"/>
    <tag k="tiger:county" v="Jefferson, KY"/>
    <tag k="tiger:name_base" v="Crestmoor"/>
    <tag k="tiger:name_direction_prefix" v="S"/>
    <tag k="tiger:name_type" v="Ave"/>
    <tag k="tiger:reviewed" v="no"/>
    <tag k="tiger:zip_left" v="40206"/>
    <tag k="tiger:zip_right" v="40206"/>
  </way>
  <way id="16241769">
    <nd ref="164724240"/>
    <nd ref="7242795381"/>
    <nd ref="165194928"/>
    <nd ref="164832140"/>
    <tag k="highway" v="residential"/>
    <tag k="name" v="Crestwood Avenue"/>
    <tag k="tiger:cfcc" v="A41"/>
    <tag k="tiger:county" v="Jefferson, KY"/>
    <tag k="tiger:name_base" v="Crestwood"/>
    <tag k="tiger:name_type" v="Ave"/>
    <tag k="tiger:reviewed" v="no"/>
    <tag k="tiger:zip_left" v="40206"/>
    <tag k="tiger:zip_right" v="40206"/>
  </way>
  <way id="16242710">
    <nd ref="164852391"/>
    <nd ref="165208456"/>
    <nd ref="165208459"/>
    <nd ref="165208461"/>
    <nd ref="8236229809"/>
    <nd ref="7138434001"/>
    <nd ref="165108364"/>
    <nd ref="165208463"/>
    <nd ref="165059447"/>
    <nd ref="165208465"/>
    <nd ref="165208470"/>
    <nd ref="165208474"/>
    <nd ref="165208477"/>
    <nd ref="165047544"/>
    <nd ref="8236229779"/>
    <nd ref="165208480"/>
    <nd ref="165208483"/>
    <nd ref="165208485"/>
    <nd ref="165208488"/>
    <nd ref="165208491"/>
    <nd ref="165208493"/>
    <nd ref="165208495"/>
    <nd ref="165208496"/>
    <nd ref="164870597"/>
    <nd ref="165208497"/>
    <nd ref="8236424518"/>
    <nd ref="165208498"/>
    <nd ref="4585787108"/>
    <nd ref="165208499"/>
    <nd ref="165108424"/>
    <nd ref="165208510"/>
    <nd ref="165208512"/>
    <nd ref="165208514"/>
    <nd ref="165208517"/>
    <nd ref="165132111"/>
    <nd ref="165208519"/>
    <nd ref="165132125"/>
    <nd ref="165208521"/>
    <nd ref="165208523"/>
    <nd ref="165208526"/>
    <nd ref="165208529"/>
    <nd ref="164926307"/>
    <tag k="highway" v="residential"/>
    <tag k="name" v="Pennington Lane"/>
    <tag k="tiger:cfcc" v="A41"/>
    <tag k="tiger:county" v="Jefferson, KY"/>
    <tag k="tiger:name_base" v="Pennington"/>
    <tag k="tiger:name_type" v="Ln"/>
    <tag k="tiger:reviewed" v="no"/>
    <tag k="tiger:zip_left" v="40207"/>
    <tag k="tiger:zip_right" v="40207"/>
  </way>
  <way id="16242888">
    <nd ref="164869410"/>
    <nd ref="165210632"/>
    <nd ref="165210633"/>
    <nd ref="165210635"/>
    <nd ref="165210637"/>
    <nd ref="165210639"/>
    <nd ref="6034793669"/>
    <nd ref="164724269"/>
    <tag k="highway" v="residential"/>
    <tag k="name" v="Ingle Avenue"/>
    <tag k="tiger:cfcc" v="A41"/>
    <tag k="tiger:county" v="Jefferson, KY"/>
    <tag k="tiger:name_base" v="Ingle"/>
    <tag k="tiger:name_type" v="Ave"/>
    <tag k="tiger:reviewed" v="no"/>
    <tag k="tiger:zip_left" v="40207"/>
    <tag k="tiger:zip_right" v="40207"/>
  </way>
  <way id="16243475">
    <nd ref="164852465"/>
    <nd ref="165218911"/>
    <nd ref="165218913"/>
    <nd ref="165218916"/>
    <nd ref="164892261"/>
    <tag k="highway" v="residential"/>
    <tag k="name" v="Belvar Avenue"/>
    <tag k="tiger:cfcc" v="A41"/>
    <tag k="tiger:county" v="Jefferson, KY"/>
    <tag k="tiger:name_base" v="Belvar"/>
    <tag k="tiger:name_type" v="Ave"/>
    <tag k="tiger:reviewed" v="no"/>
    <tag k="tiger:zip_left" v="40206"/>
    <tag k="tiger:zip_right" v="40206"/>
  </way>
  <way id="16243728">
    <nd ref="164852391"/>
    <nd ref="165222100"/>
    <nd ref="165222102"/>
    <tag k="highway" v="residential"/>
    <tag k="name" v="Old Brownsboro Road"/>
    <tag k="tiger:cfcc" v="A41"/>
    <tag k="tiger:county" v="Jefferson, KY"/>
    <tag k="tiger:name_base" v="Old Brownsboro"/>
    <tag k="tiger:name_type" v="Rd"/>
    <tag k="tiger:reviewed" v="no"/>
  </way>
  <way id="60472591">
    <nd ref="753997129"/>
    <nd ref="753997131"/>
    <nd ref="9103901714"/>
    <nd ref="9103901713"/>
    <nd ref="9103901712"/>
    <nd ref="9103901711"/>
    <nd ref="753997133"/>
    <nd ref="753997136"/>
    <nd ref="753997139"/>
    <nd ref="753997142"/>
    <nd ref="753997146"/>
    <nd ref="753997148"/>
    <nd ref="753997150"/>
    <nd ref="9221398825"/>
    <nd ref="753997158"/>
    <nd ref="753997164"/>
    <nd ref="753997169"/>
    <nd ref="753997172"/>
    <nd ref="753997178"/>
    <nd ref="753997183"/>
    <nd ref="753997187"/>
    <nd ref="753997190"/>
    <nd ref="753997193"/>
    <nd ref="9103901710"/>
    <nd ref="9142596110"/>
    <nd ref="753997197"/>
    <nd ref="9142596109"/>
    <nd ref="9103901709"/>
    <nd ref="9142596108"/>
    <nd ref="753997200"/>
    <nd ref="753997205"/>
    <nd ref="753997208"/>
    <nd ref="753997212"/>
    <nd ref="753997216"/>
    <nd ref="753997222"/>
    <nd ref="753997225"/>
    <nd ref="9103901715"/>
    <nd ref="753997228"/>
    <nd ref="753997129"/>
    <tag k="addr:city" v="Louisville"/>
    <tag k="addr:housenumber" v="3110"/>
    <tag k="addr:postcode" v="40206"/>
    <tag k="addr:state" v="KY"/>
    <tag k="addr:street" v="Brownsboro Road"/>
    <tag k="leisure" v="golf_course"/>
    <tag k="name" v="Crescent Hill Golf Course"/>
    <tag k="operator" v="Metro Parks"/>
    <tag k="phone" v="+1-502-896-9193"/>
    <tag k="website" v="https://www.metroparksgolf.net/crescenthill/"/>
  </way>
  <way id="120581009">
    <nd ref="12356469181"/>
    <nd ref="164724237"/>
    <nd ref="4619027186"/>
    <nd ref="164724240"/>
    <nd ref="164724243"/>
    <nd ref="164636726"/>
    <nd ref="164724246"/>
    <nd ref="164724249"/>
    <nd ref="164724252"/>
    <nd ref="13272365999"/>
    <nd ref="164724255"/>
    <nd ref="13272377205"/>
    <nd ref="164724265"/>
    <nd ref="4618637989"/>
    <nd ref="12988994759"/>
    <tag k="fixme" v="post-construction lane counts, turn lanes and parking"/>
    <tag k="highway" v="primary"/>
    <tag k="lanes" v="3"/>
    <tag k="lanes:backward" v="1"/>
    <tag k="lanes:both_ways" v="1"/>
    <tag k="lanes:forward" v="1"/>
    <tag k="maxspeed" v="35 mph"/>
    <tag k="name" v="Frankfort Avenue"/>
    <tag k="ref" v="US 60"/>
    <tag k="source:maxspeed" v="sign"/>
    <tag k="tiger:cfcc" v="A21"/>
    <tag k="tiger:county" v="Jefferson, KY"/>
    <tag k="tiger:name_base" v="Frankfort"/>
    <tag k="tiger:name_base_1" v="United States Highway 60"/>
    <tag k="tiger:name_type" v="Ave"/>
    <tag k="tiger:reviewed" v="no"/>
    <tag k="tiger:zip_left" v="40207"/>
    <tag k="tiger:zip_right" v="40207"/>
  </way>
  <way id="172048049">
    <nd ref="1829949305"/>
    <nd ref="2769924797"/>
    <nd ref="1829949316"/>
    <nd ref="1829949327"/>
    <nd ref="1829949329"/>
    <nd ref="1829949315"/>
    <nd ref="7496651345"/>
    <nd ref="1829949303"/>
    <nd ref="1829949305"/>
    <tag k="bicycle" v="no"/>
    <tag k="dog" v="no"/>
    <tag k="highway" v="footway"/>
    <tag k="lit" v="yes"/>
    <tag k="surface" v="concrete"/>
  </way>
  <way id="218811321">
    <nd ref="2280207043"/>
    <nd ref="7156819270"/>
    <nd ref="2280207044"/>
    <nd ref="12330432573"/>
    <nd ref="2280207045"/>
    <nd ref="2280207046"/>
    <nd ref="2280207047"/>
    <nd ref="2280207048"/>
    <tag k="highway" v="service"/>
  </way>
  <way id="218812220">
    <nd ref="2280214428"/>
    <nd ref="2280214429"/>
    <nd ref="2280214430"/>
    <nd ref="2280214431"/>
    <tag k="highway" v="service"/>
    <tag k="service" v="driveway"/>
  </way>
  <way id="218812221">
    <nd ref="2280214432"/>
    <nd ref="2280214433"/>
    <nd ref="2280214434"/>
    <nd ref="2280214435"/>
    <nd ref="2280214436"/>
    <tag k="highway" v="service"/>
    <tag k="service" v="driveway"/>
  </way>
  <way id="218812222">
    <nd ref="2280214437"/>
    <nd ref="2280214438"/>
    <nd ref="2280214439"/>
    <nd ref="2280214440"/>
    <nd ref="2280214441"/>
    <tag k="highway" v="service"/>
    <tag k="service" v="driveway"/>
  </way>
  <way id="218812223">
    <nd ref="2280214442"/>
    <nd ref="2280214443"/>
    <nd ref="164928298"/>
    <tag k="highway" v="service"/>
    <tag k="service" v="driveway"/>
  </way>
  <way id="218812224">
    <nd ref="2280214444"/>
    <nd ref="2280214445"/>
    <nd ref="2280214446"/>
    <nd ref="2280214447"/>
    <nd ref="2280214443"/>
    <tag k="highway" v="service"/>
    <tag k="service" v="driveway"/>
  </way>
  <way id="218812225">
    <nd ref="164928298"/>
    <nd ref="2280214448"/>
    <nd ref="2280214449"/>
    <nd ref="2280214450"/>
    <nd ref="2280214451"/>
    <nd ref="2280214456"/>
    <nd ref="2280214452"/>
    <nd ref="2280214453"/>
    <tag k="highway" v="service"/>
    <tag k="service" v="driveway"/>
  </way>
  <way id="218812226">
    <nd ref="2280214454"/>
    <nd ref="2280214455"/>
    <nd ref="2280214456"/>
    <tag k="highway" v="service"/>
    <tag k="service" v="driveway"/>
  </way>
  <way id="272058942">
    <nd ref="7390752733"/>
    <nd ref="7390749178"/>
    <nd ref="2769924797"/>
    <tag k="bicycle" v="no"/>
    <tag k="dog" v="no"/>
    <tag k="highway" v="footway"/>
    <tag k="lit" v="yes"/>
    <tag k="surface" v="concrete"/>
  </way>
  <way id="339751934">
    <nd ref="3469682820"/>
    <nd ref="3469682812"/>
    <nd ref="3469682808"/>
    <nd ref="3469682806"/>
    <nd ref="3469682804"/>
    <nd ref="3469682690"/>
    <nd ref="3469682795"/>
    <nd ref="3469682655"/>
    <nd ref="3469682629"/>
    <nd ref="3469682618"/>
    <nd ref="3469682628"/>
    <nd ref="3469682639"/>
    <nd ref="9103901002"/>
    <nd ref="3469682641"/>
    <nd ref="3469682652"/>
    <nd ref="3469682661"/>
    <nd ref="3469682670"/>
    <nd ref="3469682673"/>
    <nd ref="3469682796"/>
    <nd ref="3469682805"/>
    <nd ref="3469682807"/>
    <nd ref="3469682813"/>
    <nd ref="3469682814"/>
    <nd ref="3469682810"/>
    <nd ref="3469682822"/>
    <nd ref="3469682837"/>
    <nd ref="3469682828"/>
    <nd ref="3469682835"/>
    <nd ref="3469682840"/>
    <nd ref="3469682842"/>
    <nd ref="3469682844"/>
    <nd ref="3469682846"/>
    <nd ref="3469682847"/>
    <nd ref="3469682848"/>
    <nd ref="3469682850"/>
    <nd ref="3469682851"/>
    <nd ref="3469682849"/>
    <nd ref="3469682845"/>
    <nd ref="3469682818"/>
    <nd ref="3469682674"/>
    <nd ref="3469682672"/>
    <nd ref="3469682669"/>
    <nd ref="3469682667"/>
    <nd ref="3469682668"/>
    <nd ref="3469682671"/>
    <nd ref="3469682683"/>
    <nd ref="3469682803"/>
    <nd ref="3469682809"/>
    <nd ref="3469682853"/>
    <nd ref="3469682855"/>
    <nd ref="3469682858"/>
    <nd ref="3469682860"/>
    <nd ref="3469682868"/>
    <nd ref="3469682867"/>
    <nd ref="3469682872"/>
    <nd ref="3469682871"/>
    <nd ref="3469682870"/>
    <nd ref="3469682875"/>
    <nd ref="3469682878"/>
    <nd ref="3469682881"/>
    <nd ref="3469682883"/>
    <nd ref="3469682891"/>
    <nd ref="3469683094"/>
    <nd ref="3469683095"/>
    <nd ref="3469683097"/>
    <nd ref="3469683100"/>
    <nd ref="3469683101"/>
    <nd ref="3469683099"/>
    <nd ref="3469683098"/>
    <nd ref="3469683096"/>
    <nd ref="3469683093"/>
    <nd ref="3469682892"/>
    <nd ref="3469682890"/>
    <nd ref="3469682889"/>
    <nd ref="3469682888"/>
    <nd ref="3469682887"/>
    <nd ref="3469682886"/>
    <nd ref="3469682885"/>
    <nd ref="3469682884"/>
    <nd ref="3469682882"/>
    <nd ref="3469682880"/>
    <nd ref="3469682876"/>
    <nd ref="3469682874"/>
    <nd ref="3469682873"/>
    <nd ref="3469682866"/>
    <nd ref="3469682877"/>
    <nd ref="3469682879"/>
    <nd ref="3469682869"/>
    <nd ref="3469682864"/>
    <nd ref="3469682861"/>
    <nd ref="3469682862"/>
    <nd ref="3469682865"/>
    <nd ref="3469682863"/>
    <nd ref="3469682859"/>
    <nd ref="3469682857"/>
    <nd ref="3469682856"/>
    <nd ref="3469682854"/>
    <nd ref="3469682852"/>
    <nd ref="3469682843"/>
    <nd ref="3469682824"/>
    <nd ref="3469682816"/>
    <nd ref="3469682817"/>
    <nd ref="3469682823"/>
    <nd ref="3469682827"/>
    <nd ref="3469682834"/>
    <nd ref="3469682829"/>
    <nd ref="3469682826"/>
    <nd ref="3469682808"/>
    <tag k="access" v="private"/>
    <tag k="golf" v="cartpath"/>
    <tag k="golf_cart" v="yes"/>
    <tag k="highway" v="path"/>
  </way>
  <way id="339751935">
    <nd ref="3469682685"/>
    <nd ref="7390749138"/>
    <nd ref="3469682692"/>
    <nd ref="3469682815"/>
    <nd ref="3469682833"/>
    <nd ref="3469682831"/>
    <nd ref="3469682825"/>
    <nd ref="3469682820"/>
    <nd ref="3469682798"/>
    <nd ref="3469682684"/>
    <nd ref="3469682678"/>
    <nd ref="3469682692"/>
    <tag k="highway" v="service"/>
  </way>
  <way id="339751939">
    <nd ref="164928314"/>
    <nd ref="3469682681"/>
    <nd ref="3469682686"/>
    <nd ref="3469682688"/>
    <nd ref="3469682691"/>
    <nd ref="3469682797"/>
    <nd ref="3469682800"/>
    <nd ref="3469682801"/>
    <nd ref="3469682799"/>
    <nd ref="3469682793"/>
    <nd ref="3469682689"/>
    <nd ref="3469682687"/>
    <nd ref="3469682682"/>
    <nd ref="3469682679"/>
    <nd ref="3469682677"/>
    <nd ref="3469682676"/>
    <nd ref="164928314"/>
    <tag k="highway" v="residential"/>
  </way>
  <way id="339751940">
    <nd ref="3469682349"/>
    <nd ref="3469682351"/>
    <nd ref="3469682353"/>
    <nd ref="3469682355"/>
    <nd ref="3469682357"/>
    <nd ref="3469682359"/>
    <nd ref="3469682361"/>
    <nd ref="3469682358"/>
    <nd ref="165090245"/>
    <nd ref="3469682354"/>
    <nd ref="3469682352"/>
    <nd ref="3469682350"/>
    <nd ref="3469682348"/>
    <nd ref="3469682346"/>
    <nd ref="3469682345"/>
    <nd ref="3469682347"/>
    <nd ref="3469682349"/>
    <tag k="highway" v="residential"/>
  </way>
  <way id="339751944">
    <nd ref="3469682385"/>
    <nd ref="3469682598"/>
    <tag k="highway" v="service"/>
  </way>
  <way id="339751945">
    <nd ref="3469682601"/>
    <nd ref="3469682595"/>
    <tag k="highway" v="service"/>
  </way>
  <way id="339751947">
    <nd ref="7390752721"/>
    <nd ref="7390749125"/>
    <nd ref="3469682593"/>
    <nd ref="3469682594"/>
    <nd ref="3469682595"/>
    <nd ref="3469682597"/>
    <nd ref="3469682596"/>
    <nd ref="3469682385"/>
    <nd ref="3469682369"/>
    <nd ref="3469682367"/>
    <nd ref="3469682366"/>
    <nd ref="3469682368"/>
    <nd ref="3469682370"/>
    <nd ref="3469682371"/>
    <nd ref="3469682375"/>
    <nd ref="3469682377"/>
    <nd ref="3469682380"/>
    <nd ref="3469682383"/>
    <nd ref="3469682598"/>
    <nd ref="3469682606"/>
    <nd ref="3469682607"/>
    <nd ref="3469682608"/>
    <nd ref="3469682610"/>
    <nd ref="3469682604"/>
    <nd ref="3469682601"/>
    <nd ref="3469682599"/>
    <nd ref="7390749126"/>
    <nd ref="3469682391"/>
    <nd ref="7390752722"/>
    <nd ref="165003788"/>
    <nd ref="7390752721"/>
    <tag k="highway" v="service"/>
    <tag k="oneway" v="yes"/>
  </way>
  <way id="339751962">
    <nd ref="3469682380"/>
    <nd ref="3469682378"/>
    <nd ref="3469682376"/>
    <nd ref="3469682372"/>
    <nd ref="3469682365"/>
    <nd ref="3469682360"/>
    <nd ref="3469682356"/>
    <nd ref="1829949303"/>
    <tag k="highway" v="service"/>
  </way>
  <way id="339751963">
    <nd ref="3469682378"/>
    <nd ref="3469682382"/>
    <nd ref="3469682384"/>
    <nd ref="3469682386"/>
    <nd ref="3469682389"/>
    <nd ref="3469682603"/>
    <nd ref="3469682617"/>
    <nd ref="3469682620"/>
    <nd ref="3469682628"/>
    <tag k="access" v="private"/>
    <tag k="highway" v="service"/>
  </way>
  <way id="339755911">
    <nd ref="3469726607"/>
    <nd ref="7519405531"/>
    <nd ref="3469726600"/>
    <nd ref="3469726604"/>
    <nd ref="3469726611"/>
    <nd ref="3469726618"/>
    <nd ref="3469726619"/>
    <nd ref="3469726621"/>
    <nd ref="3469726643"/>
    <nd ref="3469726653"/>
    <nd ref="3469726656"/>
    <nd ref="164724223"/>
    <tag k="highway" v="service"/>
  </way>
  <way id="339755939">
    <nd ref="3469726605"/>
    <nd ref="3469726591"/>
    <nd ref="3469726590"/>
    <nd ref="164969116"/>
    <tag k="highway" v="service"/>
  </way>
  <way id="339755946">
    <nd ref="7424283435"/>
    <nd ref="7424283434"/>
    <nd ref="3469726649"/>
    <nd ref="3469726642"/>
    <nd ref="3469726634"/>
    <nd ref="3469726631"/>
    <nd ref="7156819269"/>
    <nd ref="3469726639"/>
    <tag k="highway" v="service"/>
  </way>
  <way id="339854604">
    <nd ref="3470669231"/>
    <nd ref="3470669246"/>
    <nd ref="3470669250"/>
    <nd ref="3470669251"/>
    <nd ref="3470669252"/>
    <nd ref="3470669257"/>
    <nd ref="3470669261"/>
    <nd ref="3470669262"/>
    <nd ref="3470669265"/>
    <nd ref="3470669269"/>
    <nd ref="3470669272"/>
    <nd ref="3470669277"/>
    <nd ref="3470669290"/>
    <tag k="highway" v="residential"/>
    <tag k="name" v="Bob Davenport Drive"/>
  </way>
  <way id="339854605">
    <nd ref="3470669301"/>
    <nd ref="3470669276"/>
    <nd ref="3470669260"/>
    <nd ref="3470669253"/>
    <nd ref="3470669231"/>
    <nd ref="7614040112"/>
    <nd ref="7614040044"/>
    <nd ref="3470669100"/>
    <nd ref="3470668958"/>
    <nd ref="7614040111"/>
    <nd ref="3470668947"/>
    <nd ref="3470668932"/>
    <nd ref="7614040110"/>
    <nd ref="3470668926"/>
    <nd ref="3470668924"/>
    <nd ref="7614040124"/>
    <nd ref="3470668921"/>
    <nd ref="3470668922"/>
    <nd ref="3470668923"/>
    <nd ref="7614036634"/>
    <nd ref="3470668933"/>
    <nd ref="3470668941"/>
    <nd ref="3470668966"/>
    <nd ref="3470669095"/>
    <nd ref="7618558007"/>
    <nd ref="3470669148"/>
    <nd ref="3470669167"/>
    <nd ref="3470669180"/>
    <nd ref="3470669202"/>
    <nd ref="3470669219"/>
    <nd ref="3470669224"/>
    <nd ref="3470669226"/>
    <nd ref="3470669240"/>
    <nd ref="7618558922"/>
    <nd ref="3470669242"/>
    <nd ref="3470669244"/>
    <nd ref="3470669290"/>
    <nd ref="3470669334"/>
    <tag k="highway" v="residential"/>
    <tag k="name" v="Joe Conway Circle"/>
  </way>
  <way id="339854607">
    <nd ref="164870034"/>
    <nd ref="3470669336"/>
    <nd ref="3470669332"/>
    <nd ref="3470669335"/>
    <nd ref="3470669334"/>
    <nd ref="3470669333"/>
    <nd ref="3470669330"/>
    <nd ref="7618559920"/>
    <nd ref="3470669326"/>
    <nd ref="3470669324"/>
    <nd ref="3470669321"/>
    <nd ref="3470669308"/>
    <nd ref="3470669302"/>
    <nd ref="3470669295"/>
    <nd ref="3470669294"/>
    <nd ref="3470669292"/>
    <nd ref="3470669296"/>
    <nd ref="7618558006"/>
    <nd ref="3470669299"/>
    <nd ref="3470669301"/>
    <nd ref="3470669303"/>
    <nd ref="3470669310"/>
    <nd ref="7614036629"/>
    <nd ref="3470669315"/>
    <nd ref="3470669318"/>
    <nd ref="3470669325"/>
    <nd ref="3470669344"/>
    <nd ref="3470669360"/>
    <nd ref="3470669367"/>
    <nd ref="3470669496"/>
    <nd ref="3470669515"/>
    <nd ref="3470669524"/>
    <nd ref="3470669539"/>
    <nd ref="3470669554"/>
    <nd ref="7614036628"/>
    <nd ref="3470669904"/>
    <nd ref="7618557881"/>
    <nd ref="3470669932"/>
    <nd ref="3470669953"/>
    <nd ref="3470669956"/>
    <nd ref="3470669961"/>
    <nd ref="3470669965"/>
    <nd ref="3470669970"/>
    <nd ref="3470669982"/>
    <nd ref="7614036627"/>
    <nd ref="3470670010"/>
    <nd ref="3470670011"/>
    <nd ref="3470670009"/>
    <nd ref="3470670008"/>
    <nd ref="7618557878"/>
    <nd ref="7328047912"/>
    <nd ref="3470670014"/>
    <tag k="highway" v="residential"/>
    <tag k="name" v="Moyers Circle"/>
  </way>
  <way id="339854625">
    <nd ref="3470669360"/>
    <nd ref="3470669363"/>
    <nd ref="3470669364"/>
    <nd ref="3470669362"/>
    <nd ref="3470669356"/>
    <nd ref="3470669348"/>
    <nd ref="3470669338"/>
    <nd ref="3470669327"/>
    <nd ref="3470669323"/>
    <nd ref="3470669318"/>
    <tag k="highway" v="service"/>
  </way>
  <way id="339854631">
    <nd ref="3470669312"/>
    <nd ref="3470669294"/>
    <tag k="highway" v="service"/>
  </way>
  <way id="339854640">
    <nd ref="3470669327"/>
    <nd ref="3470669322"/>
    <nd ref="3470669317"/>
    <nd ref="3470669313"/>
    <nd ref="3470669311"/>
    <nd ref="3470669312"/>
    <nd ref="3470669314"/>
    <nd ref="3470669316"/>
    <nd ref="3470669320"/>
    <nd ref="3470669329"/>
    <nd ref="3470669337"/>
    <nd ref="3470669347"/>
    <nd ref="3470669353"/>
    <nd ref="3470669355"/>
    <nd ref="3470669359"/>
    <nd ref="3470669357"/>
    <nd ref="3470669351"/>
    <nd ref="3470669346"/>
    <nd ref="3470669339"/>
    <nd ref="3470669326"/>
    <tag k="highway" v="service"/>
  </way>
  <way id="339854643">
    <nd ref="3470669515"/>
    <nd ref="3470669520"/>
    <nd ref="3470669463"/>
    <tag k="highway" v="service"/>
  </way>
  <way id="339856400">
    <nd ref="3470675852"/>
    <nd ref="3470675850"/>
    <nd ref="3470675851"/>
    <nd ref="3470675853"/>
    <nd ref="3470675854"/>
    <nd ref="3470675856"/>
    <nd ref="3470675858"/>
    <nd ref="3470675861"/>
    <nd ref="3470675863"/>
    <nd ref="3470675865"/>
    <nd ref="3470675867"/>
    <nd ref="3470675866"/>
    <nd ref="3470675864"/>
    <nd ref="3470675862"/>
    <nd ref="3470675860"/>
    <nd ref="3470675857"/>
    <nd ref="3470675855"/>
    <nd ref="3470675852"/>
    <tag k="highway" v="residential"/>
    <tag k="junction" v="roundabout"/>
    <tag k="name" v="Mockingbird Gardens Drive"/>
    <tag k="tiger:cfcc" v="A41"/>
    <tag k="tiger:county" v="Jefferson, KY"/>
    <tag k="tiger:name_base" v="Mockingbird Gardens"/>
    <tag k="tiger:name_type" v="Dr"/>
    <tag k="tiger:reviewed" v="no"/>
    <tag k="tiger:zip_left" v="40207"/>
    <tag k="tiger:zip_right" v="40207"/>
  </way>
  <way id="339856401">
    <nd ref="164928205"/>
    <nd ref="164928207"/>
    <nd ref="164754103"/>
    <nd ref="164928209"/>
    <nd ref="164928211"/>
    <nd ref="164928212"/>
    <nd ref="164928215"/>
    <nd ref="164928218"/>
    <nd ref="164928221"/>
    <nd ref="164928224"/>
    <nd ref="164928228"/>
    <nd ref="164928231"/>
    <nd ref="164928234"/>
    <nd ref="3470675769"/>
    <nd ref="164928237"/>
    <nd ref="164928239"/>
    <nd ref="164928242"/>
    <nd ref="164928245"/>
    <nd ref="164928248"/>
    <nd ref="164928255"/>
    <nd ref="164928258"/>
    <nd ref="164928261"/>
    <nd ref="164928264"/>
    <nd ref="164928267"/>
    <nd ref="164928270"/>
    <nd ref="164928273"/>
    <nd ref="164759678"/>
    <nd ref="164928276"/>
    <nd ref="164928279"/>
    <nd ref="164928282"/>
    <nd ref="164928285"/>
    <nd ref="164928288"/>
    <nd ref="2280214441"/>
    <nd ref="164928289"/>
    <nd ref="2280214437"/>
    <nd ref="2280214436"/>
    <nd ref="164928292"/>
    <nd ref="164928295"/>
    <nd ref="164928298"/>
    <nd ref="2280214431"/>
    <nd ref="164928301"/>
    <nd ref="2280214453"/>
    <nd ref="164928305"/>
    <nd ref="164928308"/>
    <nd ref="164928314"/>
    <tag k="highway" v="residential"/>
    <tag k="name" v="Mockingbird Gardens Drive"/>
    <tag k="tiger:cfcc" v="A41"/>
    <tag k="tiger:county" v="Jefferson, KY"/>
    <tag k="tiger:name_base" v="Mockingbird Gardens"/>
    <tag k="tiger:name_type" v="Dr"/>
    <tag k="tiger:reviewed" v="no"/>
    <tag k="tiger:zip_left" v="40207"/>
    <tag k="tiger:zip_right" v="40207"/>
  </way>
  <way id="339856402">
    <nd ref="3470675922"/>
    <nd ref="7029836480"/>
    <nd ref="3470675898"/>
    <nd ref="3470675891"/>
    <nd ref="3470675885"/>
    <nd ref="3470675877"/>
    <nd ref="3470675876"/>
    <nd ref="3470675864"/>
    <tag k="highway" v="residential"/>
    <tag k="name" v="Mockingbird Gardens Drive"/>
    <tag k="oneway" v="yes"/>
    <tag k="tiger:cfcc" v="A41"/>
    <tag k="tiger:county" v="Jefferson, KY"/>
    <tag k="tiger:name_base" v="Mockingbird Gardens"/>
    <tag k="tiger:name_type" v="Dr"/>
    <tag k="tiger:reviewed" v="no"/>
    <tag k="tiger:zip_left" v="40207"/>
    <tag k="tiger:zip_right" v="40207"/>
  </way>
  <way id="339856403">
    <nd ref="3470675865"/>
    <nd ref="3470675875"/>
    <nd ref="3470675884"/>
    <nd ref="3470675890"/>
    <nd ref="3470675896"/>
    <nd ref="3470675900"/>
    <nd ref="3470675903"/>
    <nd ref="3470675919"/>
    <nd ref="7029836481"/>
    <nd ref="164852422"/>
    <tag k="highway" v="residential"/>
    <tag k="name" v="Mockingbird Gardens Drive"/>
    <tag k="oneway" v="yes"/>
    <tag k="tiger:cfcc" v="A41"/>
    <tag k="tiger:county" v="Jefferson, KY"/>
    <tag k="tiger:name_base" v="Mockingbird Gardens"/>
    <tag k="tiger:name_type" v="Dr"/>
    <tag k="tiger:reviewed" v="no"/>
    <tag k="tiger:zip_left" v="40207"/>
    <tag k="tiger:zip_right" v="40207"/>
  </way>
  <way id="339856404">
    <nd ref="164928205"/>
    <nd ref="3470675793"/>
    <nd ref="3470675820"/>
    <nd ref="3470675826"/>
    <nd ref="3470675830"/>
    <nd ref="3470675838"/>
    <nd ref="3470675846"/>
    <nd ref="3470675848"/>
    <nd ref="3470675854"/>
    <tag k="highway" v="residential"/>
    <tag k="name" v="Mockingbird Gardens Drive"/>
    <tag k="oneway" v="yes"/>
    <tag k="tiger:cfcc" v="A41"/>
    <tag k="tiger:county" v="Jefferson, KY"/>
    <tag k="tiger:name_base" v="Mockingbird Gardens"/>
    <tag k="tiger:name_type" v="Dr"/>
    <tag k="tiger:reviewed" v="no"/>
    <tag k="tiger:zip_left" v="40207"/>
    <tag k="tiger:zip_right" v="40207"/>
  </way>
  <way id="339856405">
    <nd ref="3470675852"/>
    <nd ref="3470675849"/>
    <nd ref="3470675847"/>
    <nd ref="3470675839"/>
    <nd ref="3470675829"/>
    <nd ref="3470675824"/>
    <nd ref="3470675817"/>
    <nd ref="3470675792"/>
    <nd ref="164928205"/>
    <tag k="highway" v="residential"/>
    <tag k="name" v="Mockingbird Gardens Drive"/>
    <tag k="oneway" v="yes"/>
    <tag k="tiger:cfcc" v="A41"/>
    <tag k="tiger:county" v="Jefferson, KY"/>
    <tag k="tiger:name_base" v="Mockingbird Gardens"/>
    <tag k="tiger:name_type" v="Dr"/>
    <tag k="tiger:reviewed" v="no"/>
    <tag k="tiger:zip_left" v="40207"/>
    <tag k="tiger:zip_right" v="40207"/>
  </way>
  <way id="339856406">
    <nd ref="3470675577"/>
    <nd ref="164792509"/>
    <nd ref="164941762"/>
    <tag k="highway" v="residential"/>
    <tag k="name" v="Seminary Village"/>
    <tag k="tiger:cfcc" v="A41"/>
    <tag k="tiger:county" v="Jefferson, KY"/>
    <tag k="tiger:name_base" v="Seminary Village"/>
    <tag k="tiger:reviewed" v="no"/>
    <tag k="tiger:zip_left" v="40207"/>
    <tag k="tiger:zip_right" v="40207"/>
  </way>
  <way id="339856407">
    <nd ref="3470675572"/>
    <nd ref="164941759"/>
    <nd ref="3470675577"/>
    <nd ref="3470675576"/>
    <nd ref="3470675574"/>
    <nd ref="3470675571"/>
    <tag k="highway" v="residential"/>
    <tag k="name" v="Seminary Village"/>
    <tag k="oneway" v="yes"/>
    <tag k="tiger:cfcc" v="A41"/>
    <tag k="tiger:county" v="Jefferson, KY"/>
    <tag k="tiger:name_base" v="Seminary Village"/>
    <tag k="tiger:reviewed" v="no"/>
    <tag k="tiger:zip_left" v="40207"/>
    <tag k="tiger:zip_right" v="40207"/>
  </way>
  <way id="339856408">
    <nd ref="3470675791"/>
    <nd ref="3470675789"/>
    <nd ref="3470675787"/>
    <nd ref="3470675786"/>
    <nd ref="165152895"/>
    <nd ref="165152890"/>
    <tag k="highway" v="residential"/>
    <tag k="name" v="Winterleaf Drive"/>
    <tag k="oneway" v="yes"/>
    <tag k="tiger:cfcc" v="A41"/>
    <tag k="tiger:county" v="Jefferson, KY"/>
    <tag k="tiger:name_base" v="Winterleaf"/>
    <tag k="tiger:name_type" v="Dr"/>
    <tag k="tiger:reviewed" v="no"/>
    <tag k="tiger:zip_left" v="40207"/>
    <tag k="tiger:zip_right" v="40207"/>
  </way>
  <way id="339856409">
    <nd ref="165152890"/>
    <nd ref="3470675782"/>
    <nd ref="3470675783"/>
    <nd ref="3470675784"/>
    <nd ref="3470675785"/>
    <nd ref="3470675788"/>
    <nd ref="3470675790"/>
    <tag k="highway" v="residential"/>
    <tag k="name" v="Winterleaf Drive"/>
    <tag k="oneway" v="yes"/>
    <tag k="tiger:cfcc" v="A41"/>
    <tag k="tiger:county" v="Jefferson, KY"/>
    <tag k="tiger:name_base" v="Winterleaf"/>
    <tag k="tiger:name_type" v="Dr"/>
    <tag k="tiger:reviewed" v="no"/>
    <tag k="tiger:zip_left" v="40207"/>
    <tag k="tiger:zip_right" v="40207"/>
  </way>
  <way id="339856410">
    <nd ref="3470675583"/>
    <nd ref="3470675694"/>
    <nd ref="3470675693"/>
    <nd ref="3470675592"/>
    <nd ref="3470675590"/>
    <nd ref="3470675588"/>
    <nd ref="3470675587"/>
    <nd ref="3470675586"/>
    <nd ref="3470675585"/>
    <nd ref="3470675582"/>
    <tag k="highway" v="service"/>
  </way>
  <way id="339856411">
    <nd ref="3470675826"/>
    <nd ref="3470675824"/>
    <nd ref="3470675818"/>
    <nd ref="3470675814"/>
    <nd ref="3470675808"/>
    <nd ref="3470675804"/>
    <nd ref="3470675800"/>
    <nd ref="3470675801"/>
    <nd ref="3470675803"/>
    <nd ref="3470675817"/>
    <nd ref="3470675820"/>
    <tag k="highway" v="service"/>
  </way>
  <way id="339856412">
    <nd ref="3470675887"/>
    <nd ref="3470675882"/>
    <nd ref="3470675878"/>
    <nd ref="3470675874"/>
    <nd ref="3470675868"/>
    <nd ref="3470675859"/>
    <nd ref="3470675869"/>
    <nd ref="3470675870"/>
    <nd ref="3470675871"/>
    <nd ref="3470675872"/>
    <nd ref="3470675873"/>
    <nd ref="3470675874"/>
    <tag k="highway" v="service"/>
  </way>
  <way id="339856413">
    <nd ref="3470675883"/>
    <nd ref="3470675887"/>
    <nd ref="3470675889"/>
    <nd ref="3470675893"/>
    <nd ref="3470675895"/>
    <nd ref="3470675899"/>
    <nd ref="3470675902"/>
    <nd ref="3470675901"/>
    <nd ref="3470675897"/>
    <nd ref="3470675894"/>
    <nd ref="3470675892"/>
    <nd ref="3470675888"/>
    <nd ref="3470675886"/>
    <nd ref="3470675881"/>
    <nd ref="3470675879"/>
    <nd ref="3470675880"/>
    <nd ref="3470675883"/>
    <tag k="highway" v="service"/>
  </way>
  <way id="339856414">
    <nd ref="3470675704"/>
    <nd ref="3470675702"/>
    <nd ref="3470675700"/>
    <nd ref="3470675697"/>
    <nd ref="3470675699"/>
    <nd ref="3470675701"/>
    <nd ref="3470675703"/>
    <nd ref="3470675705"/>
    <nd ref="164759644"/>
    <nd ref="3470675708"/>
    <nd ref="3470675710"/>
    <nd ref="3470675712"/>
    <nd ref="3470675711"/>
    <nd ref="3470675709"/>
    <nd ref="3470675707"/>
    <nd ref="3470675706"/>
    <nd ref="3470675704"/>
    <tag k="highway" v="residential"/>
  </way>
  <way id="339856415">
    <nd ref="164657862"/>
    <nd ref="3470675832"/>
    <nd ref="3470675834"/>
    <nd ref="3470675836"/>
    <nd ref="3470675840"/>
    <nd ref="3470675842"/>
    <nd ref="3470675844"/>
    <nd ref="3470675845"/>
    <nd ref="3470675843"/>
    <nd ref="3470675841"/>
    <nd ref="3470675837"/>
    <nd ref="3470675835"/>
    <nd ref="3470675833"/>
    <nd ref="3470675831"/>
    <nd ref="3470675828"/>
    <nd ref="3470675827"/>
    <nd ref="164657862"/>
    <tag k="highway" v="residential"/>
  </way>
  <way id="339856416">
    <nd ref="164923472"/>
    <nd ref="3470675715"/>
    <nd ref="3470675713"/>
    <nd ref="3470675714"/>
    <nd ref="3470675716"/>
    <nd ref="3470675717"/>
    <nd ref="3470675719"/>
    <nd ref="3470675721"/>
    <nd ref="3470675723"/>
    <nd ref="3470675725"/>
    <nd ref="3470675727"/>
    <nd ref="3470675726"/>
    <nd ref="3470675724"/>
    <nd ref="3470675722"/>
    <nd ref="3470675720"/>
    <nd ref="3470675718"/>
    <nd ref="164923472"/>
    <tag k="highway" v="residential"/>
  </way>
  <way id="339856417">
    <nd ref="164771737"/>
    <nd ref="3470675797"/>
    <nd ref="3470675799"/>
    <nd ref="3470675805"/>
    <nd ref="3470675807"/>
    <nd ref="3470675810"/>
    <nd ref="3470675812"/>
    <nd ref="3470675813"/>
    <nd ref="3470675811"/>
    <nd ref="3470675809"/>
    <nd ref="3470675806"/>
    <nd ref="3470675802"/>
    <nd ref="3470675798"/>
    <nd ref="3470675796"/>
    <nd ref="3470675795"/>
    <nd ref="3470675794"/>
    <nd ref="164771737"/>
    <tag k="highway" v="residential"/>
  </way>
  <way id="339856418">
    <nd ref="3470675927"/>
    <nd ref="3470675921"/>
    <tag k="highway" v="service"/>
  </way>
  <way id="339856419">
    <nd ref="3470675575"/>
    <nd ref="3470675569"/>
    <tag k="highway" v="service"/>
  </way>
  <way id="339856420">
    <nd ref="3470675573"/>
    <nd ref="3470675574"/>
    <tag k="highway" v="service"/>
  </way>
  <way id="339856421">
    <nd ref="3470675778"/>
    <nd ref="3470675777"/>
    <tag k="highway" v="service"/>
  </way>
  <way id="339856422">
    <nd ref="3470675695"/>
    <nd ref="164941762"/>
    <nd ref="3470675566"/>
    <tag k="highway" v="service"/>
  </way>
  <way id="339856424">
    <nd ref="3470675934"/>
    <nd ref="3470675933"/>
    <nd ref="3470675930"/>
    <nd ref="3470675925"/>
    <tag k="highway" v="service"/>
  </way>
  <way id="339856425">
    <nd ref="3470675570"/>
    <nd ref="3470675573"/>
    <nd ref="3470675575"/>
    <nd ref="3470675577"/>
    <tag k="highway" v="service"/>
  </way>
  <way id="339856426">
    <nd ref="3470675924"/>
    <nd ref="3470675925"/>
    <nd ref="3470675931"/>
    <nd ref="3470675932"/>
    <nd ref="3470675933"/>
    <tag k="highway" v="service"/>
    <tag k="oneway" v="yes"/>
  </way>
  <way id="339856427">
    <nd ref="3470675920"/>
    <nd ref="3470675926"/>
    <nd ref="3470675927"/>
    <nd ref="3470675929"/>
    <nd ref="3470675923"/>
    <tag k="highway" v="service"/>
  </way>
  <way id="339856428">
    <nd ref="164852405"/>
    <nd ref="7029820249"/>
    <nd ref="3470675924"/>
    <nd ref="3470675914"/>
    <nd ref="3470675905"/>
    <nd ref="3470675897"/>
    <tag k="highway" v="service"/>
  </way>
  <way id="339856429">
    <nd ref="3470675928"/>
    <nd ref="7029840388"/>
    <nd ref="3470675918"/>
    <nd ref="3470675920"/>
    <nd ref="3470675921"/>
    <nd ref="3470675923"/>
    <nd ref="3470675924"/>
    <tag k="highway" v="service"/>
  </way>
  <way id="339856430">
    <nd ref="3470675591"/>
    <nd ref="3470675695"/>
    <nd ref="3470675698"/>
    <nd ref="9837943710"/>
    <nd ref="9837943708"/>
    <nd ref="9837943709"/>
    <nd ref="3470675696"/>
    <nd ref="3470675591"/>
    <tag k="highway" v="service"/>
    <tag k="oneway" v="yes"/>
  </way>
  <way id="339856431">
    <nd ref="3470675823"/>
    <nd ref="3470675825"/>
    <nd ref="3470675822"/>
    <nd ref="3470675821"/>
    <nd ref="3470675819"/>
    <nd ref="3470675816"/>
    <nd ref="3470675815"/>
    <nd ref="164754067"/>
    <tag k="highway" v="service"/>
  </way>
  <way id="339856432">
    <nd ref="3470675769"/>
    <nd ref="3470675763"/>
    <nd ref="3470675770"/>
    <nd ref="3470675774"/>
    <nd ref="3470675775"/>
    <nd ref="3470675776"/>
    <nd ref="3470675778"/>
    <nd ref="3470675781"/>
    <nd ref="165152890"/>
    <tag k="highway" v="service"/>
  </way>
  <way id="463921277">
    <nd ref="164708365"/>
    <nd ref="4591209460"/>
    <tag k="highway" v="residential"/>
  </way>
  <way id="464733052">
    <nd ref="164792513"/>
    <nd ref="3470675580"/>
    <nd ref="3470675581"/>
    <nd ref="3470675584"/>
    <nd ref="3470675589"/>
    <nd ref="3470675582"/>
    <nd ref="3470675579"/>
    <nd ref="3470675578"/>
    <nd ref="164792513"/>
    <tag k="highway" v="residential"/>
    <tag k="name" v="Seminary Village Road"/>
    <tag k="oneway" v="yes"/>
    <tag k="tiger:cfcc" v="A41"/>
    <tag k="tiger:county" v="Jefferson, KY"/>
    <tag k="tiger:name_base" v="Seminary Village"/>
    <tag k="tiger:name_type" v="Rd"/>
    <tag k="tiger:reviewed" v="no"/>
  </way>
  <way id="466744316">
    <nd ref="4614857703"/>
    <nd ref="4614857702"/>
    <nd ref="4614857701"/>
    <nd ref="4614857700"/>
    <tag k="highway" v="service"/>
  </way>
  <way id="467216544">
    <nd ref="4618637990"/>
    <nd ref="6034793673"/>
    <nd ref="4618637989"/>
    <tag k="highway" v="service"/>
    <tag k="service" v="alley"/>
  </way>
  <way id="467223336">
    <nd ref="4618696414"/>
    <nd ref="4618696413"/>
    <nd ref="4591209460"/>
    <nd ref="4618696412"/>
    <nd ref="4618696411"/>
    <nd ref="164759586"/>
    <tag k="highway" v="residential"/>
  </way>
  <way id="467257090">
    <nd ref="4619027590"/>
    <nd ref="4619027589"/>
    <nd ref="4619027188"/>
    <nd ref="4619027187"/>
    <nd ref="7242795383"/>
    <nd ref="4619027186"/>
    <tag k="highway" v="service"/>
  </way>
  <way id="467527011">
    <nd ref="4621361394"/>
    <nd ref="4621361393"/>
    <nd ref="4621361392"/>
    <nd ref="4621361391"/>
    <tag k="highway" v="service"/>
  </way>
  <way id="467527012">
    <nd ref="4621361391"/>
    <nd ref="4621361390"/>
    <nd ref="4621361389"/>
    <nd ref="4621359988"/>
    <nd ref="4621359987"/>
    <nd ref="4621359986"/>
    <nd ref="4621359985"/>
    <nd ref="4621359984"/>
    <nd ref="164759559"/>
    <tag k="highway" v="service"/>
  </way>
  <way id="532906315">
    <nd ref="164852473"/>
    <nd ref="165003806"/>
    <nd ref="8236323432"/>
    <nd ref="6338026580"/>
    <nd ref="8236323440"/>
    <nd ref="7087875336"/>
    <nd ref="7122120092"/>
    <nd ref="7122120097"/>
    <nd ref="7087875338"/>
    <nd ref="8730093631"/>
    <nd ref="8730093646"/>
    <nd ref="165003810"/>
    <nd ref="164865949"/>
    <tag k="highway" v="residential"/>
    <tag k="name" v="Zorn Avenue"/>
    <tag k="tiger:cfcc" v="A41"/>
    <tag k="tiger:county" v="Jefferson, KY"/>
    <tag k="tiger:name_base" v="Zorn"/>
    <tag k="tiger:name_type" v="Ave"/>
    <tag k="tiger:reviewed" v="no"/>
    <tag k="tiger:zip_left" v="40206"/>
    <tag k="tiger:zip_right" v="40206"/>
  </way>
  <way id="532912144">
    <nd ref="164852400"/>
    <nd ref="7029820254"/>
    <nd ref="164852405"/>
    <tag k="highway" v="primary"/>
    <tag k="lanes" v="5"/>
    <tag k="lanes:backward" v="2"/>
    <tag k="lanes:forward" v="3"/>
    <tag k="maxspeed" v="35 mph"/>
    <tag k="maxspeed:conditional" v="25 mph @ when_flashing"/>
    <tag k="name" v="Brownsboro Road"/>
    <tag k="ref" v="US 42"/>
    <tag k="source:maxspeed" v="sign"/>
    <tag k="tiger:cfcc" v="A21"/>
    <tag k="tiger:county" v="Jefferson, KY"/>
    <tag k="tiger:name_base" v="United States Highway 42"/>
    <tag k="tiger:zip_left" v="40059"/>
    <tag k="tiger:zip_right" v="40059"/>
    <tag k="turn:lanes:forward" v="left|through|right"/>
  </way>
  <way id="532912150">
    <nd ref="5170905564"/>
    <nd ref="164852424"/>
    <nd ref="164852426"/>
    <nd ref="164852429"/>
    <nd ref="164852433"/>
    <nd ref="164852436"/>
    <nd ref="13016867957"/>
    <tag k="highway" v="primary"/>
    <tag k="lanes" v="4"/>
    <tag k="maxspeed" v="35 mph"/>
    <tag k="name" v="Brownsboro Road"/>
    <tag k="ref" v="US 42"/>
    <tag k="source:maxspeed" v="sign"/>
    <tag k="tiger:cfcc" v="A21"/>
    <tag k="tiger:county" v="Jefferson, KY"/>
    <tag k="tiger:name_base" v="United States Highway 42"/>
    <tag k="tiger:zip_left" v="40059"/>
    <tag k="tiger:zip_right" v="40059"/>
  </way>
  <way id="532912274">
    <nd ref="164852444"/>
    <nd ref="164852447"/>
    <nd ref="164852450"/>
    <nd ref="164852454"/>
    <nd ref="164852458"/>
    <nd ref="13088555210"/>
    <tag k="highway" v="primary"/>
    <tag k="lanes" v="4"/>
    <tag k="maxspeed" v="35 mph"/>
    <tag k="name" v="Brownsboro Road"/>
    <tag k="ref" v="US 42"/>
    <tag k="source:maxspeed" v="sign"/>
    <tag k="tiger:cfcc" v="A21"/>
    <tag k="tiger:county" v="Jefferson, KY"/>
    <tag k="tiger:name_base" v="United States Highway 42"/>
    <tag k="tiger:zip_left" v="40059"/>
    <tag k="tiger:zip_right" v="40059"/>
  </way>
  <way id="532912327">
    <nd ref="13015583390"/>
    <nd ref="5170921428"/>
    <tag k="highway" v="primary"/>
    <tag k="lanes" v="4"/>
    <tag k="maxspeed" v="35 mph"/>
    <tag k="name" v="Brownsboro Road"/>
    <tag k="ref" v="US 42"/>
    <tag k="source:maxspeed" v="sign"/>
    <tag k="tiger:cfcc" v="A21"/>
    <tag k="tiger:county" v="Jefferson, KY"/>
    <tag k="tiger:name_base" v="United States Highway 42"/>
    <tag k="tiger:zip_left" v="40059"/>
    <tag k="tiger:zip_right" v="40059"/>
  </way>
  <way id="532912366">
    <nd ref="13018349623"/>
    <nd ref="9016627021"/>
    <nd ref="164852468"/>
    <nd ref="5170933462"/>
    <tag k="highway" v="primary"/>
    <tag k="lanes" v="4"/>
    <tag k="maxspeed" v="35 mph"/>
    <tag k="name" v="Brownsboro Road"/>
    <tag k="ref" v="US 42"/>
    <tag k="source:maxspeed" v="sign"/>
    <tag k="tiger:cfcc" v="A21"/>
    <tag k="tiger:county" v="Jefferson, KY"/>
    <tag k="tiger:name_base" v="United States Highway 42"/>
    <tag k="tiger:zip_left" v="40059"/>
    <tag k="tiger:zip_right" v="40059"/>
  </way>
  <way id="532912534">
    <nd ref="5170933462"/>
    <nd ref="164852473"/>
    <nd ref="9142610433"/>
    <nd ref="5170933465"/>
    <tag k="highway" v="primary"/>
    <tag k="lanes" v="4"/>
    <tag k="maxspeed" v="35 mph"/>
    <tag k="name" v="Brownsboro Road"/>
    <tag k="ref" v="US 42"/>
    <tag k="source:maxspeed" v="sign"/>
    <tag k="tiger:cfcc" v="A21"/>
    <tag k="tiger:county" v="Jefferson, KY"/>
    <tag k="tiger:name_base" v="United States Highway 42"/>
    <tag k="tiger:zip_left" v="40059"/>
    <tag k="tiger:zip_right" v="40059"/>
  </way>
  <way id="533528231">
    <nd ref="5170933465"/>
    <nd ref="164852477"/>
    <nd ref="12870714971"/>
    <tag k="highway" v="primary"/>
    <tag k="lanes" v="4"/>
    <tag k="maxspeed" v="35 mph"/>
    <tag k="name" v="Brownsboro Road"/>
    <tag k="ref" v="US 42"/>
    <tag k="source:maxspeed" v="sign"/>
    <tag k="tiger:cfcc" v="A21"/>
    <tag k="tiger:county" v="Jefferson, KY"/>
    <tag k="tiger:name_base" v="United States Highway 42"/>
    <tag k="tiger:zip_left" v="40059"/>
    <tag k="tiger:zip_right" v="40059"/>
  </way>
  <way id="534202200">
    <nd ref="164852391"/>
    <nd ref="164852394"/>
    <nd ref="7725953351"/>
    <tag k="highway" v="primary"/>
    <tag k="lanes" v="4"/>
    <tag k="lanes:backward" v="2"/>
    <tag k="lanes:forward" v="2"/>
    <tag k="maxspeed" v="35 mph"/>
    <tag k="name" v="Brownsboro Road"/>
    <tag k="ref" v="US 42"/>
    <tag k="source:maxspeed" v="sign"/>
    <tag k="tiger:cfcc" v="A21"/>
    <tag k="tiger:county" v="Jefferson, KY"/>
    <tag k="tiger:name_base" v="United States Highway 42"/>
    <tag k="tiger:zip_left" v="40059"/>
    <tag k="tiger:zip_right" v="40059"/>
    <tag k="turn:lanes:forward" v="left|none"/>
  </way>
  <way id="534202201">
    <nd ref="165222102"/>
    <nd ref="165222105"/>
    <nd ref="165222108"/>
    <nd ref="8236252137"/>
    <nd ref="165222110"/>
    <nd ref="164767831"/>
    <tag k="highway" v="residential"/>
    <tag k="name" v="Old Brownsboro Road"/>
    <tag k="tiger:cfcc" v="A41"/>
    <tag k="tiger:county" v="Jefferson, KY"/>
    <tag k="tiger:name_base" v="Old Brownsboro"/>
    <tag k="tiger:name_type" v="Rd"/>
    <tag k="tiger:reviewed" v="no"/>
  </way>
  <way id="591942964">
    <nd ref="3395741686"/>
    <nd ref="5650759640"/>
    <nd ref="5650759639"/>
    <nd ref="5650759638"/>
    <nd ref="5650759637"/>
    <nd ref="5650759629"/>
    <nd ref="5650759630"/>
    <nd ref="5650759631"/>
    <nd ref="5650759632"/>
    <nd ref="5650759633"/>
    <nd ref="5650759634"/>
    <nd ref="5650759635"/>
    <nd ref="5650759636"/>
    <tag k="barrier" v="fence"/>
  </way>
  <way id="591942965">
    <nd ref="3395741846"/>
    <nd ref="5650759641"/>
    <nd ref="5650759642"/>
    <nd ref="5650759643"/>
    <nd ref="7390749183"/>
    <nd ref="5650759644"/>
    <nd ref="5650759645"/>
    <nd ref="3395743732"/>
    <tag k="barrier" v="fence"/>
  </way>
  <way id="640614985">
    <nd ref="6034793668"/>
    <nd ref="6034793667"/>
    <nd ref="6034793666"/>
    <tag k="crossing" v="unmarked"/>
    <tag k="footway" v="crossing"/>
    <tag k="highway" v="footway"/>
  </way>
  <way id="640614987">
    <nd ref="6034793680"/>
    <nd ref="6034793679"/>
    <nd ref="6034793678"/>
    <tag k="crossing" v="unmarked"/>
    <tag k="footway" v="crossing"/>
    <tag k="highway" v="footway"/>
    <tag k="surface" v="asphalt"/>
  </way>
  <way id="676272278">
    <nd ref="164759588"/>
    <nd ref="6333231277"/>
    <nd ref="6333231278"/>
    <nd ref="6333231279"/>
    <nd ref="6333231280"/>
    <tag k="highway" v="service"/>
  </way>
  <way id="703820514">
    <nd ref="6609119479"/>
    <nd ref="6609119480"/>
    <nd ref="6609119481"/>
    <nd ref="6609119482"/>
    <nd ref="6609119483"/>
    <nd ref="6609119484"/>
    <tag k="access" v="private"/>
    <tag k="highway" v="service"/>
    <tag k="service" v="driveway"/>
  </way>
  <way id="736220027">
    <nd ref="6892595908"/>
    <nd ref="6892595909"/>
    <nd ref="6892595910"/>
    <nd ref="6892595911"/>
    <nd ref="6892595912"/>
    <nd ref="6892595913"/>
    <nd ref="6892595914"/>
    <nd ref="6892595915"/>
    <tag k="highway" v="residential"/>
    <tag k="name" v="Lightfoot Ct"/>
  </way>
  <way id="736220028">
    <nd ref="6892595916"/>
    <nd ref="6892595917"/>
    <nd ref="6892595918"/>
    <nd ref="6892595919"/>
    <nd ref="6892595920"/>
    <tag k="highway" v="service"/>
  </way>
  <way id="736220029">
    <nd ref="6892595916"/>
    <nd ref="7724725830"/>
    <tag k="highway" v="primary"/>
    <tag k="lanes" v="5"/>
    <tag k="lanes:backward" v="3"/>
    <tag k="lanes:forward" v="2"/>
    <tag k="maxspeed" v="35 mph"/>
    <tag k="name" v="Brownsboro Road"/>
    <tag k="ref" v="US 42"/>
    <tag k="source:maxspeed" v="sign"/>
    <tag k="tiger:cfcc" v="A21"/>
    <tag k="tiger:county" v="Jefferson, KY"/>
    <tag k="tiger:name_base" v="United States Highway 42"/>
    <tag k="tiger:zip_left" v="40059"/>
    <tag k="tiger:zip_right" v="40059"/>
    <tag k="turn:lanes:backward" v="none|none|right"/>
  </way>
  <way id="736220030">
    <nd ref="3470675922"/>
    <nd ref="6892595916"/>
    <tag k="highway" v="primary"/>
    <tag k="lanes" v="5"/>
    <tag k="lanes:backward" v="3"/>
    <tag k="lanes:forward" v="2"/>
    <tag k="maxspeed" v="35 mph"/>
    <tag k="name" v="Brownsboro Road"/>
    <tag k="ref" v="US 42"/>
    <tag k="source:maxspeed" v="sign"/>
    <tag k="tiger:cfcc" v="A21"/>
    <tag k="tiger:county" v="Jefferson, KY"/>
    <tag k="tiger:name_base" v="United States Highway 42"/>
    <tag k="tiger:zip_left" v="40059"/>
    <tag k="tiger:zip_right" v="40059"/>
    <tag k="turn:lanes:backward" v="none|none|right"/>
  </way>
  <way id="736220031">
    <nd ref="164852422"/>
    <nd ref="3470675922"/>
    <tag k="highway" v="primary"/>
    <tag k="lanes" v="5"/>
    <tag k="lanes:backward" v="2"/>
    <tag k="lanes:forward" v="3"/>
    <tag k="maxspeed" v="35 mph"/>
    <tag k="name" v="Brownsboro Road"/>
    <tag k="ref" v="US 42"/>
    <tag k="source:maxspeed" v="sign"/>
    <tag k="tiger:cfcc" v="A21"/>
    <tag k="tiger:county" v="Jefferson, KY"/>
    <tag k="tiger:name_base" v="United States Highway 42"/>
    <tag k="tiger:zip_left" v="40059"/>
    <tag k="tiger:zip_right" v="40059"/>
    <tag k="turn:lanes:forward" v="left|none|none"/>
  </way>
  <way id="737251216">
    <nd ref="6902277292"/>
    <nd ref="6902277295"/>
    <nd ref="6902277293"/>
    <nd ref="6902277294"/>
    <tag k="highway" v="service"/>
  </way>
  <way id="751701432">
    <nd ref="7027088088"/>
    <nd ref="7027088089"/>
    <nd ref="7027088090"/>
    <tag k="crossing" v="marked"/>
    <tag k="footway" v="crossing"/>
    <tag k="highway" v="footway"/>
  </way>
  <way id="751701433">
    <nd ref="7027088090"/>
    <nd ref="7027088093"/>
    <nd ref="7027088091"/>
    <tag k="crossing" v="marked"/>
    <tag k="footway" v="crossing"/>
    <tag k="highway" v="footway"/>
  </way>
  <way id="751701434">
    <nd ref="7027088091"/>
    <nd ref="7027088094"/>
    <nd ref="7027088092"/>
    <tag k="crossing" v="marked"/>
    <tag k="footway" v="crossing"/>
    <tag k="highway" v="footway"/>
  </way>
  <way id="751703944">
    <nd ref="7027088091"/>
    <nd ref="7027104326"/>
    <nd ref="7027104327"/>
    <nd ref="7027104328"/>
    <tag k="footway" v="sidewalk"/>
    <tag k="highway" v="footway"/>
    <tag k="surface" v="paved"/>
  </way>
  <way id="751703945">
    <nd ref="7027088086"/>
    <nd ref="7027088088"/>
    <tag k="footway" v="sidewalk"/>
    <tag k="highway" v="footway"/>
    <tag k="surface" v="paved"/>
  </way>
  <way id="752021449">
    <nd ref="7029836473"/>
    <nd ref="7029836474"/>
    <nd ref="7029836475"/>
    <tag k="crossing" v="unmarked"/>
    <tag k="footway" v="crossing"/>
    <tag k="highway" v="footway"/>
    <tag k="surface" v="asphalt"/>
  </way>
  <way id="752021450">
    <nd ref="7029836475"/>
    <nd ref="7412919748"/>
    <nd ref="7029836476"/>
    <tag k="footway" v="sidewalk"/>
    <tag k="highway" v="footway"/>
    <tag k="surface" v="paved"/>
  </way>
  <way id="752021451">
    <nd ref="7029836476"/>
    <nd ref="7029836477"/>
    <nd ref="7029836478"/>
    <tag k="crossing" v="unmarked"/>
    <tag k="footway" v="crossing"/>
    <tag k="highway" v="footway"/>
    <tag k="surface" v="asphalt"/>
  </way>
  <way id="752021452">
    <nd ref="7029836479"/>
    <nd ref="7029836480"/>
    <nd ref="7029836481"/>
    <nd ref="9142596100"/>
    <nd ref="7029836482"/>
    <tag k="crossing" v="marked"/>
    <tag k="footway" v="crossing"/>
    <tag k="highway" v="footway"/>
    <tag k="surface" v="asphalt"/>
  </way>
  <way id="752021453">
    <nd ref="7029836482"/>
    <nd ref="7029836483"/>
    <nd ref="7029836484"/>
    <nd ref="7029840385"/>
    <nd ref="7029840386"/>
    <nd ref="7029840387"/>
    <tag k="footway" v="sidewalk"/>
    <tag k="highway" v="footway"/>
    <tag k="surface" v="paved"/>
  </way>
  <way id="752021454">
    <nd ref="7029840387"/>
    <nd ref="7029840388"/>
    <nd ref="7029840389"/>
    <tag k="crossing" v="marked"/>
    <tag k="footway" v="crossing"/>
    <tag k="highway" v="footway"/>
    <tag k="surface" v="asphalt"/>
  </way>
  <way id="752021455">
    <nd ref="7029840389"/>
    <nd ref="7029820252"/>
    <tag k="footway" v="sidewalk"/>
    <tag k="highway" v="footway"/>
    <tag k="surface" v="paved"/>
  </way>
  <way id="752021456">
    <nd ref="7029820252"/>
    <nd ref="7029840392"/>
    <nd ref="7029840393"/>
    <nd ref="7029840394"/>
    <nd ref="7029840395"/>
    <nd ref="7029840396"/>
    <tag k="footway" v="sidewalk"/>
    <tag k="highway" v="footway"/>
    <tag k="surface" v="paved"/>
  </way>
  <way id="752021457">
    <nd ref="7029840396"/>
    <nd ref="7029820249"/>
    <nd ref="7029840398"/>
    <tag k="crossing" v="marked"/>
    <tag k="footway" v="crossing"/>
    <tag k="highway" v="footway"/>
    <tag k="surface" v="asphalt"/>
  </way>
  <way id="752021458">
    <nd ref="7029840399"/>
    <nd ref="165132037"/>
    <nd ref="7029840400"/>
    <tag k="crossing" v="zebra"/>
    <tag k="footway" v="crossing"/>
    <tag k="highway" v="footway"/>
    <tag k="surface" v="asphalt"/>
  </way>
  <way id="752025091">
    <nd ref="7029820250"/>
    <nd ref="7029820251"/>
    <nd ref="7029820252"/>
    <tag k="crossing" v="zebra"/>
    <tag k="footway" v="crossing"/>
    <tag k="highway" v="footway"/>
    <tag k="surface" v="asphalt"/>
  </way>
  <way id="752025092">
    <nd ref="7029820253"/>
    <nd ref="7029820254"/>
    <nd ref="7029820255"/>
    <tag k="crossing" v="zebra"/>
    <tag k="footway" v="crossing"/>
    <tag k="highway" v="footway"/>
    <tag k="surface" v="asphalt"/>
  </way>
  <way id="752025093">
    <nd ref="7029820256"/>
    <nd ref="7029840398"/>
    <nd ref="7029820257"/>
    <nd ref="7029820258"/>
    <nd ref="7029820259"/>
    <nd ref="7029820260"/>
    <nd ref="7029820261"/>
    <nd ref="7029820255"/>
    <tag k="footway" v="sidewalk"/>
    <tag k="highway" v="footway"/>
    <tag k="surface" v="paved"/>
  </way>
  <way id="752025094">
    <nd ref="7029820262"/>
    <nd ref="7029820253"/>
    <nd ref="7029820263"/>
    <nd ref="7029820264"/>
    <nd ref="7029820265"/>
    <nd ref="7029820266"/>
    <nd ref="7029820267"/>
    <nd ref="7029820268"/>
    <nd ref="7029840400"/>
    <nd ref="7029820269"/>
    <nd ref="7029820270"/>
    <nd ref="7029820271"/>
    <nd ref="7029820272"/>
    <tag k="footway" v="sidewalk"/>
    <tag k="highway" v="footway"/>
    <tag k="surface" v="paved"/>
  </way>
  <way id="752025095">
    <nd ref="7029820273"/>
    <nd ref="7029820250"/>
    <nd ref="7029820274"/>
    <nd ref="7029820275"/>
    <nd ref="7029820276"/>
    <nd ref="7029820277"/>
    <nd ref="7029820278"/>
    <nd ref="7029840399"/>
    <nd ref="7029820279"/>
    <nd ref="7029820280"/>
    <nd ref="7029820281"/>
    <tag k="footway" v="sidewalk"/>
    <tag k="highway" v="footway"/>
    <tag k="surface" v="paved"/>
  </way>
  <way id="758845248">
    <nd ref="7087380770"/>
    <nd ref="7087380771"/>
    <nd ref="7087380772"/>
    <nd ref="7087380773"/>
    <nd ref="7087380774"/>
    <nd ref="7087380775"/>
    <tag k="access" v="private"/>
    <tag k="highway" v="service"/>
    <tag k="service" v="driveway"/>
  </way>
  <way id="758888284">
    <nd ref="7087875336"/>
    <nd ref="7087875337"/>
    <tag k="access" v="private"/>
    <tag k="highway" v="service"/>
    <tag k="service" v="driveway"/>
  </way>
  <way id="759495156">
    <nd ref="7094788041"/>
    <nd ref="7094788042"/>
    <nd ref="7094788043"/>
    <nd ref="7094788044"/>
    <tag k="access" v="private"/>
    <tag k="highway" v="service"/>
    <tag k="service" v="driveway"/>
  </way>
  <way id="759495157">
    <nd ref="7094788045"/>
    <nd ref="7094788046"/>
    <nd ref="7094788047"/>
    <tag k="access" v="private"/>
    <tag k="highway" v="service"/>
    <tag k="service" v="driveway"/>
  </way>
  <way id="759495158">
    <nd ref="7094788048"/>
    <nd ref="7094788049"/>
    <tag k="access" v="private"/>
    <tag k="highway" v="service"/>
    <tag k="service" v="driveway"/>
  </way>
  <way id="759495159">
    <nd ref="164852414"/>
    <nd ref="7094788050"/>
    <nd ref="7094788051"/>
    <tag k="highway" v="service"/>
  </way>
  <way id="759495160">
    <nd ref="7094788052"/>
    <nd ref="7094788050"/>
    <tag k="highway" v="service"/>
  </way>
  <way id="762230964">
    <nd ref="7122120092"/>
    <nd ref="7122120093"/>
    <nd ref="7122120094"/>
    <nd ref="7122120095"/>
    <nd ref="7122120096"/>
    <tag k="access" v="private"/>
    <tag k="highway" v="service"/>
    <tag k="service" v="driveway"/>
  </way>
  <way id="763093584">
    <nd ref="7130807704"/>
    <nd ref="7130807705"/>
    <nd ref="7130807706"/>
    <nd ref="7130807707"/>
    <nd ref="7130807708"/>
    <nd ref="7130807709"/>
    <nd ref="7130807710"/>
    <nd ref="7130807711"/>
    <nd ref="7130807712"/>
    <nd ref="7130807713"/>
    <nd ref="7130807714"/>
    <nd ref="7130807707"/>
    <tag k="access" v="private"/>
    <tag k="highway" v="service"/>
    <tag k="service" v="driveway"/>
  </way>
  <way id="763093585">
    <nd ref="7130807715"/>
    <nd ref="7130807716"/>
    <nd ref="7130807717"/>
    <nd ref="7130807718"/>
    <nd ref="7130807719"/>
    <nd ref="7130807720"/>
    <nd ref="7130807721"/>
    <nd ref="7130807722"/>
    <nd ref="7130807723"/>
    <nd ref="7130807724"/>
    <nd ref="7130807725"/>
    <nd ref="7130807726"/>
    <nd ref="7130807727"/>
    <nd ref="7130807728"/>
    <nd ref="7130807729"/>
    <nd ref="7130807716"/>
    <tag k="access" v="private"/>
    <tag k="highway" v="service"/>
    <tag k="service" v="driveway"/>
  </way>
  <way id="763413001">
    <nd ref="7027088085"/>
    <nd ref="7496233397"/>
    <nd ref="7133561312"/>
    <nd ref="7496233399"/>
    <nd ref="7496233398"/>
    <nd ref="7496233389"/>
    <nd ref="7461419092"/>
    <nd ref="7133561313"/>
    <nd ref="7133561311"/>
    <tag k="footway" v="sidewalk"/>
    <tag k="highway" v="footway"/>
    <tag k="surface" v="paved"/>
  </way>
  <way id="764088479">
    <nd ref="7138434001"/>
    <nd ref="8236229803"/>
    <nd ref="7138434005"/>
    <nd ref="7138434004"/>
    <nd ref="7138434002"/>
    <nd ref="7138434003"/>
    <nd ref="165132051"/>
    <tag k="highway" v="service"/>
  </way>
  <way id="764160405">
    <nd ref="7139052035"/>
    <nd ref="7139052036"/>
    <nd ref="7139052037"/>
    <nd ref="7139052038"/>
    <nd ref="7139052039"/>
    <nd ref="7139052040"/>
    <nd ref="7139052041"/>
    <nd ref="7139052042"/>
    <nd ref="7139052043"/>
    <nd ref="7139052044"/>
    <nd ref="7139052036"/>
    <tag k="access" v="private"/>
    <tag k="highway" v="service"/>
    <tag k="service" v="driveway"/>
  </way>
  <way id="766262872">
    <nd ref="7027088092"/>
    <nd ref="7391292185"/>
    <nd ref="7156652107"/>
    <nd ref="3469726656"/>
    <nd ref="7156652112"/>
    <nd ref="7156652101"/>
    <nd ref="7156652102"/>
    <nd ref="7156652103"/>
    <nd ref="7156652104"/>
    <nd ref="7156652105"/>
    <nd ref="7424283433"/>
    <tag k="footway" v="sidewalk"/>
    <tag k="highway" v="footway"/>
    <tag k="surface" v="paved"/>
  </way>
  <way id="766262873">
    <nd ref="7156652107"/>
    <nd ref="6662676289"/>
    <nd ref="7156652108"/>
    <tag k="crossing" v="zebra"/>
    <tag k="footway" v="crossing"/>
    <tag k="highway" v="footway"/>
    <tag k="surface" v="asphalt"/>
  </way>
  <way id="766262874">
    <nd ref="7156652108"/>
    <nd ref="7156652109"/>
    <nd ref="7156652110"/>
    <tag k="crossing" v="unmarked"/>
    <tag k="footway" v="crossing"/>
    <tag k="highway" v="footway"/>
    <tag k="surface" v="asphalt"/>
  </way>
  <way id="766262875">
    <nd ref="7156652110"/>
    <nd ref="7156652111"/>
    <tag k="footway" v="sidewalk"/>
    <tag k="highway" v="footway"/>
    <tag k="surface" v="paved"/>
  </way>
  <way id="766262876">
    <nd ref="7156652112"/>
    <nd ref="6662676288"/>
    <nd ref="7156652113"/>
    <tag k="crossing" v="zebra"/>
    <tag k="footway" v="crossing"/>
    <tag k="highway" v="footway"/>
    <tag k="surface" v="asphalt"/>
  </way>
  <way id="766262877">
    <nd ref="7156652114"/>
    <nd ref="7156652113"/>
    <nd ref="7156652115"/>
    <tag k="footway" v="sidewalk"/>
    <tag k="highway" v="footway"/>
    <tag k="surface" v="paved"/>
  </way>
  <way id="766266665">
    <nd ref="7156652115"/>
    <nd ref="7390752744"/>
    <nd ref="6662676291"/>
    <nd ref="7156707185"/>
    <tag k="crossing" v="unmarked"/>
    <tag k="footway" v="crossing"/>
    <tag k="highway" v="footway"/>
    <tag k="surface" v="asphalt"/>
  </way>
  <way id="766266666">
    <nd ref="7156707185"/>
    <nd ref="7156707186"/>
    <tag k="highway" v="steps"/>
    <tag k="incline" v="down"/>
    <tag k="step_count" v="2"/>
  </way>
  <way id="766266667">
    <nd ref="7156707185"/>
    <nd ref="7156707187"/>
    <nd ref="7390752746"/>
    <nd ref="7390752745"/>
    <nd ref="7390752747"/>
    <tag k="footway" v="sidewalk"/>
    <tag k="highway" v="footway"/>
    <tag k="surface" v="asphalt"/>
  </way>
  <way id="766283670">
    <nd ref="7156819265"/>
    <nd ref="7156819266"/>
    <nd ref="7156819267"/>
    <nd ref="7156819268"/>
    <nd ref="7156819269"/>
    <nd ref="7156819270"/>
    <nd ref="7156819271"/>
    <nd ref="7729125675"/>
    <nd ref="7729125689"/>
    <nd ref="7156819272"/>
    <tag k="footway" v="sidewalk"/>
    <tag k="highway" v="footway"/>
    <tag k="surface" v="paved"/>
  </way>
  <way id="775860234">
    <nd ref="7238024415"/>
    <nd ref="7238024416"/>
    <nd ref="7238024417"/>
    <nd ref="7238024418"/>
    <nd ref="7238024419"/>
    <tag k="access" v="private"/>
    <tag k="highway" v="service"/>
    <tag k="service" v="driveway"/>
  </way>
  <way id="775860235">
    <nd ref="7238024420"/>
    <nd ref="7238024421"/>
    <nd ref="7238024422"/>
    <tag k="access" v="private"/>
    <tag k="highway" v="service"/>
    <tag k="service" v="driveway"/>
  </way>
  <way id="775867746">
    <nd ref="7238096173"/>
    <nd ref="7238096174"/>
    <nd ref="7238096175"/>
    <nd ref="7238096176"/>
    <nd ref="7238096177"/>
    <nd ref="7238096178"/>
    <nd ref="7238096179"/>
    <nd ref="7238096180"/>
    <nd ref="7238096181"/>
    <tag k="highway" v="service"/>
    <tag k="service" v="alley"/>
  </way>
  <way id="776264388">
    <nd ref="7242795372"/>
    <nd ref="7242795370"/>
    <nd ref="7242795369"/>
    <nd ref="7242795368"/>
    <nd ref="10883967261"/>
    <nd ref="7242795367"/>
    <nd ref="7242795366"/>
    <tag k="footway" v="sidewalk"/>
    <tag k="highway" v="footway"/>
    <tag k="surface" v="paved"/>
  </way>
  <way id="776264389">
    <nd ref="6034793671"/>
    <nd ref="7242795373"/>
    <tag k="footway" v="sidewalk"/>
    <tag k="highway" v="footway"/>
    <tag k="surface" v="paved"/>
  </way>
  <way id="776264390">
    <nd ref="7242795374"/>
    <nd ref="7243000036"/>
    <nd ref="6034793680"/>
    <tag k="footway" v="sidewalk"/>
    <tag k="highway" v="footway"/>
    <tag k="surface" v="paved"/>
  </way>
  <way id="776264391">
    <nd ref="7242795376"/>
    <nd ref="7242795375"/>
    <nd ref="7242795374"/>
    <tag k="crossing" v="unmarked"/>
    <tag k="footway" v="crossing"/>
    <tag k="highway" v="footway"/>
    <tag k="surface" v="asphalt"/>
  </way>
  <way id="776264392">
    <nd ref="7242795377"/>
    <nd ref="7242795376"/>
    <tag k="footway" v="sidewalk"/>
    <tag k="highway" v="footway"/>
    <tag k="surface" v="paved"/>
  </way>
  <way id="776264393">
    <nd ref="7242795380"/>
    <nd ref="7242795379"/>
    <tag k="footway" v="sidewalk"/>
    <tag k="highway" v="footway"/>
    <tag k="surface" v="paved"/>
  </way>
  <way id="776264394">
    <nd ref="7242795379"/>
    <nd ref="7242795378"/>
    <nd ref="7242795377"/>
    <tag k="crossing" v="unmarked"/>
    <tag k="footway" v="crossing"/>
    <tag k="highway" v="footway"/>
    <tag k="surface" v="asphalt"/>
  </way>
  <way id="776264395">
    <nd ref="7242795382"/>
    <nd ref="7242795381"/>
    <nd ref="7242795380"/>
    <tag k="crossing" v="unmarked"/>
    <tag k="footway" v="crossing"/>
    <tag k="highway" v="footway"/>
    <tag k="surface" v="asphalt"/>
  </way>
  <way id="776264396">
    <nd ref="7242795382"/>
    <nd ref="7242795383"/>
    <tag k="footway" v="sidewalk"/>
    <tag k="highway" v="footway"/>
    <tag k="surface" v="paved"/>
  </way>
  <way id="776264397">
    <nd ref="7242795384"/>
    <nd ref="7242939747"/>
    <nd ref="7242795383"/>
    <tag k="footway" v="sidewalk"/>
    <tag k="highway" v="footway"/>
    <tag k="surface" v="paved"/>
  </way>
  <way id="776264398">
    <nd ref="7242837586"/>
    <nd ref="7242837585"/>
    <nd ref="7242795384"/>
    <tag k="crossing" v="unmarked"/>
    <tag k="footway" v="crossing"/>
    <tag k="highway" v="footway"/>
    <tag k="surface" v="asphalt"/>
  </way>
  <way id="776264399">
    <nd ref="7242837587"/>
    <nd ref="7242939745"/>
    <nd ref="7242837586"/>
    <tag k="footway" v="sidewalk"/>
    <tag k="highway" v="footway"/>
    <tag k="surface" v="paved"/>
  </way>
  <way id="776264400">
    <nd ref="7156652106"/>
    <nd ref="7156707188"/>
    <nd ref="7242837587"/>
    <tag k="crossing" v="unmarked"/>
    <tag k="footway" v="crossing"/>
    <tag k="highway" v="footway"/>
    <tag k="surface" v="asphalt"/>
  </way>
  <way id="776275676">
    <nd ref="7242795374"/>
    <nd ref="7242939725"/>
    <nd ref="7242939724"/>
    <nd ref="7242939723"/>
    <nd ref="7242795352"/>
    <nd ref="7242939722"/>
    <nd ref="7242795350"/>
    <nd ref="7242939721"/>
    <tag k="footway" v="sidewalk"/>
    <tag k="highway" v="footway"/>
    <tag k="surface" v="paved"/>
  </way>
  <way id="776275677">
    <nd ref="7242795376"/>
    <nd ref="7242939728"/>
    <nd ref="7242939727"/>
    <nd ref="7242939726"/>
    <tag k="footway" v="sidewalk"/>
    <tag k="highway" v="footway"/>
    <tag k="surface" v="paved"/>
  </way>
  <way id="776275678">
    <nd ref="7242939730"/>
    <nd ref="7242939729"/>
    <tag k="footway" v="sidewalk"/>
    <tag k="highway" v="footway"/>
    <tag k="surface" v="paved"/>
  </way>
  <way id="776275679">
    <nd ref="7242795380"/>
    <nd ref="7242939731"/>
    <tag k="footway" v="sidewalk"/>
    <tag k="highway" v="footway"/>
    <tag k="surface" v="paved"/>
  </way>
  <way id="776275680">
    <nd ref="7242939745"/>
    <nd ref="7242939744"/>
    <nd ref="7242939743"/>
    <nd ref="7242939742"/>
    <nd ref="7242939741"/>
    <nd ref="7242939740"/>
    <nd ref="7242939739"/>
    <nd ref="7242939738"/>
    <nd ref="7242939737"/>
    <nd ref="7242939736"/>
    <nd ref="7242939735"/>
    <nd ref="7242939734"/>
    <nd ref="7242939733"/>
    <nd ref="7242939732"/>
    <tag k="footway" v="sidewalk"/>
    <tag k="highway" v="footway"/>
    <tag k="surface" v="paved"/>
  </way>
  <way id="776275681">
    <nd ref="7242939747"/>
    <nd ref="7242939746"/>
    <tag k="footway" v="sidewalk"/>
    <tag k="highway" v="footway"/>
    <tag k="surface" v="paved"/>
  </way>
  <way id="776284359">
    <nd ref="6034793675"/>
    <nd ref="7243000031"/>
    <tag k="footway" v="sidewalk"/>
    <tag k="highway" v="footway"/>
    <tag k="surface" v="paved"/>
  </way>
  <way id="776284360">
    <nd ref="13272365997"/>
    <nd ref="7243000032"/>
    <tag k="footway" v="sidewalk"/>
    <tag k="highway" v="footway"/>
    <tag k="surface" v="paved"/>
  </way>
  <way id="776284361">
    <nd ref="7243000034"/>
    <nd ref="7243000033"/>
    <tag k="footway" v="sidewalk"/>
    <tag k="highway" v="footway"/>
    <tag k="surface" v="paved"/>
  </way>
  <way id="776284362">
    <nd ref="7243000036"/>
    <nd ref="7243000035"/>
    <tag k="footway" v="sidewalk"/>
    <tag k="highway" v="footway"/>
    <tag k="surface" v="paved"/>
  </way>
  <way id="776667890">
    <nd ref="7246679324"/>
    <nd ref="7246679325"/>
    <tag k="highway" v="service"/>
  </way>
  <way id="790552634">
    <nd ref="7390749124"/>
    <nd ref="7390749123"/>
    <tag k="footway" v="sidewalk"/>
    <tag k="highway" v="footway"/>
    <tag k="surface" v="paved"/>
  </way>
  <way id="790552635">
    <nd ref="7390752692"/>
    <nd ref="7390749126"/>
    <nd ref="7390749125"/>
    <nd ref="7390752728"/>
    <tag k="crossing" v="marked"/>
    <tag k="footway" v="crossing"/>
    <tag k="highway" v="footway"/>
    <tag k="surface" v="asphalt"/>
  </way>
  <way id="790552636">
    <nd ref="7390749127"/>
    <nd ref="7390749129"/>
    <nd ref="7390749128"/>
    <tag k="crossing" v="unmarked"/>
    <tag k="footway" v="crossing"/>
    <tag k="highway" v="footway"/>
    <tag k="lit" v="yes"/>
    <tag k="surface" v="asphalt"/>
  </way>
  <way id="790552637">
    <nd ref="7390752738"/>
    <nd ref="7390749127"/>
    <tag k="footway" v="sidewalk"/>
    <tag k="highway" v="footway"/>
    <tag k="lit" v="yes"/>
    <tag k="surface" v="paved"/>
  </way>
  <way id="790552638">
    <nd ref="7390749133"/>
    <nd ref="7390749130"/>
    <nd ref="7390749131"/>
    <nd ref="7390749129"/>
    <nd ref="7390749132"/>
    <tag k="access" v="private"/>
    <tag k="highway" v="service"/>
  </way>
  <way id="790552639">
    <nd ref="7390749136"/>
    <nd ref="7029836478"/>
    <tag k="footway" v="sidewalk"/>
    <tag k="highway" v="footway"/>
    <tag k="surface" v="paved"/>
  </way>
  <way id="790552640">
    <nd ref="7390749137"/>
    <nd ref="7390749138"/>
    <nd ref="7390749136"/>
    <tag k="footway" v="crossing"/>
    <tag k="highway" v="footway"/>
    <tag k="surface" v="paved"/>
  </way>
  <way id="790552641">
    <nd ref="7390752724"/>
    <nd ref="7390749135"/>
    <nd ref="7390749144"/>
    <nd ref="7390749143"/>
    <nd ref="7390749142"/>
    <nd ref="7390749141"/>
    <nd ref="7390749140"/>
    <nd ref="7390749139"/>
    <nd ref="7390749137"/>
    <tag k="footway" v="sidewalk"/>
    <tag k="highway" v="footway"/>
    <tag k="surface" v="paved"/>
  </way>
  <way id="790552642">
    <nd ref="7390749146"/>
    <nd ref="7390749145"/>
    <tag k="footway" v="sidewalk"/>
    <tag k="highway" v="footway"/>
    <tag k="surface" v="paved"/>
  </way>
  <way id="790552643">
    <nd ref="7390749148"/>
    <nd ref="7390749147"/>
    <tag k="footway" v="sidewalk"/>
    <tag k="highway" v="footway"/>
    <tag k="surface" v="paved"/>
  </way>
  <way id="790552644">
    <nd ref="7390749177"/>
    <nd ref="7390749175"/>
    <nd ref="7390749173"/>
    <nd ref="7390749174"/>
    <nd ref="7390749176"/>
    <tag k="barrier" v="fence"/>
  </way>
  <way id="790552645">
    <nd ref="7390749149"/>
    <nd ref="3395741405"/>
    <nd ref="7390749181"/>
    <nd ref="7390749180"/>
    <nd ref="7390749178"/>
    <nd ref="9221398831"/>
    <nd ref="7390749177"/>
    <nd ref="7390749179"/>
    <nd ref="7390749169"/>
    <nd ref="7390749168"/>
    <nd ref="7390749167"/>
    <nd ref="7390749166"/>
    <nd ref="9221398830"/>
    <nd ref="7390749164"/>
    <nd ref="7390749163"/>
    <nd ref="7390749162"/>
    <nd ref="7390749161"/>
    <nd ref="7390749160"/>
    <nd ref="7390749159"/>
    <nd ref="7390749158"/>
    <nd ref="7390749157"/>
    <nd ref="7390749156"/>
    <nd ref="7390749155"/>
    <nd ref="7390749154"/>
    <nd ref="9106003326"/>
    <nd ref="3469682372"/>
    <nd ref="7390749153"/>
    <nd ref="7390749152"/>
    <nd ref="7390749151"/>
    <nd ref="7390749150"/>
    <nd ref="7390749149"/>
    <tag k="barrier" v="fence"/>
  </way>
  <way id="790552646">
    <nd ref="7390752685"/>
    <nd ref="7390749183"/>
    <nd ref="7390749182"/>
    <nd ref="7390749184"/>
    <tag k="access" v="private"/>
    <tag k="highway" v="service"/>
  </way>
  <way id="790552647">
    <nd ref="5650759639"/>
    <nd ref="7390749172"/>
    <nd ref="7390749171"/>
    <nd ref="7390749170"/>
    <nd ref="7390752687"/>
    <nd ref="7390752686"/>
    <tag k="barrier" v="fence"/>
  </way>
  <way id="790552648">
    <nd ref="7390752688"/>
    <nd ref="4668493642"/>
    <tag k="footway" v="sidewalk"/>
    <tag k="highway" v="footway"/>
    <tag k="surface" v="paved"/>
  </way>
  <way id="790552649">
    <nd ref="7390752724"/>
    <nd ref="7390752719"/>
    <tag k="footway" v="sidewalk"/>
    <tag k="highway" v="footway"/>
    <tag k="surface" v="paved"/>
  </way>
  <way id="790552650">
    <nd ref="7390752716"/>
    <nd ref="7390752691"/>
    <nd ref="7390752690"/>
    <nd ref="7390752689"/>
    <nd ref="7390752724"/>
    <tag k="footway" v="sidewalk"/>
    <tag k="highway" v="footway"/>
    <tag k="surface" v="paved"/>
  </way>
  <way id="790552651">
    <nd ref="7390752693"/>
    <nd ref="7390752713"/>
    <tag k="footway" v="sidewalk"/>
    <tag k="highway" v="footway"/>
    <tag k="surface" v="paved"/>
  </way>
  <way id="790552652">
    <nd ref="7390752694"/>
    <nd ref="7390752693"/>
    <nd ref="7390752692"/>
    <tag k="footway" v="sidewalk"/>
    <tag k="highway" v="footway"/>
    <tag k="surface" v="paved"/>
  </way>
  <way id="790552653">
    <nd ref="7390752696"/>
    <nd ref="9106003295"/>
    <nd ref="7390752694"/>
    <nd ref="7390752695"/>
    <tag k="footway" v="sidewalk"/>
    <tag k="highway" v="footway"/>
    <tag k="surface" v="paved"/>
  </way>
  <way id="790552654">
    <nd ref="7390752698"/>
    <nd ref="7390752697"/>
    <tag k="footway" v="sidewalk"/>
    <tag k="highway" v="footway"/>
    <tag k="surface" v="paved"/>
  </way>
  <way id="790552655">
    <nd ref="7390752700"/>
    <nd ref="7390752699"/>
    <tag k="footway" v="sidewalk"/>
    <tag k="highway" v="footway"/>
    <tag k="surface" v="paved"/>
  </way>
  <way id="790552656">
    <nd ref="7390752719"/>
    <nd ref="7390752718"/>
    <nd ref="7390752717"/>
    <nd ref="7390752716"/>
    <nd ref="7390752698"/>
    <nd ref="7390752688"/>
    <nd ref="7390752700"/>
    <nd ref="7390752696"/>
    <nd ref="7390752715"/>
    <nd ref="9106003287"/>
    <nd ref="7390752714"/>
    <nd ref="7390752713"/>
    <nd ref="7390752712"/>
    <nd ref="7390752711"/>
    <nd ref="9106003284"/>
    <nd ref="7390752710"/>
    <nd ref="7390752709"/>
    <nd ref="7390752708"/>
    <nd ref="7390752707"/>
    <nd ref="7390752706"/>
    <nd ref="7390752705"/>
    <nd ref="7390752704"/>
    <nd ref="7390752703"/>
    <nd ref="9106003277"/>
    <nd ref="9106003276"/>
    <nd ref="7390749146"/>
    <nd ref="9106003275"/>
    <nd ref="7390749124"/>
    <nd ref="7390752702"/>
    <nd ref="7390752701"/>
    <tag k="footway" v="sidewalk"/>
    <tag k="highway" v="footway"/>
    <tag k="surface" v="paved"/>
  </way>
  <way id="790552657">
    <nd ref="7390752739"/>
    <nd ref="7390752720"/>
    <nd ref="9142610424"/>
    <nd ref="7390752724"/>
    <tag k="crossing" v="unmarked"/>
    <tag k="footway" v="crossing"/>
    <tag k="highway" v="footway"/>
    <tag k="surface" v="asphalt"/>
  </way>
  <way id="790552658">
    <nd ref="7390752724"/>
    <nd ref="7390752723"/>
    <nd ref="7390752722"/>
    <nd ref="7390752721"/>
    <nd ref="7390752730"/>
    <tag k="crossing" v="unmarked"/>
    <tag k="footway" v="crossing"/>
    <tag k="highway" v="footway"/>
    <tag k="surface" v="asphalt"/>
  </way>
  <way id="790552659">
    <nd ref="7390752730"/>
    <nd ref="9106003310"/>
    <nd ref="7390752728"/>
    <nd ref="9221398829"/>
    <nd ref="9221398828"/>
    <nd ref="7390752727"/>
    <nd ref="7390749148"/>
    <nd ref="7390752726"/>
    <nd ref="9221398827"/>
    <tag k="footway" v="sidewalk"/>
    <tag k="highway" v="footway"/>
    <tag k="surface" v="paved"/>
  </way>
  <way id="790552660">
    <nd ref="7390752737"/>
    <nd ref="7390752729"/>
    <nd ref="7390752739"/>
    <tag k="crossing" v="unmarked"/>
    <tag k="footway" v="crossing"/>
    <tag k="highway" v="footway"/>
    <tag k="surface" v="asphalt"/>
  </way>
  <way id="790552661">
    <nd ref="7390752737"/>
    <nd ref="7390752730"/>
    <tag k="crossing" v="unmarked"/>
    <tag k="footway" v="crossing"/>
    <tag k="highway" v="footway"/>
    <tag k="surface" v="asphalt"/>
  </way>
  <way id="790552662">
    <nd ref="7390752735"/>
    <nd ref="7390752734"/>
    <tag k="dog" v="no"/>
    <tag k="highway" v="footway"/>
    <tag k="lit" v="yes"/>
    <tag k="surface" v="concrete"/>
  </way>
  <way id="790552663">
    <nd ref="7390752734"/>
    <nd ref="7390752733"/>
    <tag k="dog" v="no"/>
    <tag k="handrail" v="yes"/>
    <tag k="highway" v="steps"/>
    <tag k="incline" v="up"/>
    <tag k="lit" v="yes"/>
    <tag k="ramp" v="no"/>
    <tag k="stairs" v="yes"/>
    <tag k="step_count" v="19"/>
    <tag k="surface" v="concrete"/>
  </way>
  <way id="790552664">
    <nd ref="7390752736"/>
    <nd ref="7390752732"/>
    <tag k="dog" v="no"/>
    <tag k="highway" v="footway"/>
    <tag k="lit" v="yes"/>
    <tag k="surface" v="concrete"/>
  </way>
  <way id="790552665">
    <nd ref="7390752732"/>
    <nd ref="7390752735"/>
    <tag k="dog" v="no"/>
    <tag k="handrail" v="yes"/>
    <tag k="highway" v="steps"/>
    <tag k="incline" v="up"/>
    <tag k="lit" v="yes"/>
    <tag k="ramp" v="no"/>
    <tag k="stairs" v="yes"/>
    <tag k="step_count" v="22"/>
    <tag k="surface" v="concrete"/>
  </way>
  <way id="790552666">
    <nd ref="7390752741"/>
    <nd ref="7390749170"/>
    <nd ref="7390752736"/>
    <nd ref="7390749175"/>
    <nd ref="7390752737"/>
    <tag k="footway" v="sidewalk"/>
    <tag k="highway" v="footway"/>
    <tag k="lit" v="yes"/>
    <tag k="surface" v="paved"/>
  </way>
  <way id="790552667">
    <nd ref="7390749128"/>
    <nd ref="9142610427"/>
    <nd ref="7390749174"/>
    <nd ref="7390752739"/>
    <nd ref="7390752731"/>
    <tag k="footway" v="sidewalk"/>
    <tag k="highway" v="footway"/>
    <tag k="lit" v="yes"/>
    <tag k="surface" v="paved"/>
  </way>
  <way id="790552668">
    <nd ref="7390752743"/>
    <nd ref="7390749182"/>
    <nd ref="7390752738"/>
    <tag k="crossing" v="unmarked"/>
    <tag k="footway" v="crossing"/>
    <tag k="highway" v="footway"/>
    <tag k="surface" v="asphalt"/>
  </way>
  <way id="790552669">
    <nd ref="7390752742"/>
    <nd ref="7390752740"/>
    <nd ref="7390752741"/>
    <tag k="crossing" v="unmarked"/>
    <tag k="footway" v="crossing"/>
    <tag k="highway" v="footway"/>
    <tag k="surface" v="asphalt"/>
  </way>
  <way id="790552670">
    <nd ref="7390752747"/>
    <nd ref="7390752742"/>
    <nd ref="7390749172"/>
    <nd ref="7390752743"/>
    <tag k="footway" v="sidewalk"/>
    <tag k="highway" v="footway"/>
    <tag k="surface" v="paved"/>
  </way>
  <way id="790848753">
    <nd ref="7393266075"/>
    <nd ref="7391292185"/>
    <tag k="footway" v="sidewalk"/>
    <tag k="highway" v="footway"/>
    <tag k="surface" v="paved"/>
  </way>
  <way id="790848754">
    <nd ref="7393266079"/>
    <nd ref="7393266078"/>
    <nd ref="7393266077"/>
    <nd ref="7393266076"/>
    <nd ref="7393266075"/>
    <nd ref="7393266074"/>
    <nd ref="7393266073"/>
    <nd ref="7393266072"/>
    <nd ref="7393266080"/>
    <nd ref="7393266071"/>
    <nd ref="7393266070"/>
    <nd ref="7393266069"/>
    <nd ref="7393266068"/>
    <nd ref="7393266067"/>
    <nd ref="7393266066"/>
    <nd ref="7393266065"/>
    <nd ref="7393266079"/>
    <tag k="footway" v="sidewalk"/>
    <tag k="highway" v="footway"/>
    <tag k="surface" v="paved"/>
  </way>
  <way id="792241216">
    <nd ref="7027088089"/>
    <nd ref="164724220"/>
    <tag k="highway" v="primary"/>
    <tag k="lanes" v="4"/>
    <tag k="lanes:backward" v="2"/>
    <tag k="lanes:forward" v="2"/>
    <tag k="maxspeed" v="35 mph"/>
    <tag k="name" v="Frankfort Avenue"/>
    <tag k="ref" v="US 60"/>
    <tag k="tiger:cfcc" v="A21"/>
    <tag k="tiger:county" v="Jefferson, KY"/>
    <tag k="tiger:name_base" v="Frankfort"/>
    <tag k="tiger:name_base_1" v="United States Highway 60"/>
    <tag k="tiger:name_type" v="Ave"/>
    <tag k="tiger:reviewed" v="no"/>
    <tag k="tiger:zip_left" v="40207"/>
    <tag k="tiger:zip_right" v="40207"/>
    <tag k="turn:lanes:backward" v="left|none"/>
    <tag k="turn:lanes:forward" v="left|none"/>
  </way>
  <way id="792241217">
    <nd ref="164663308"/>
    <nd ref="7396217222"/>
    <nd ref="7027088089"/>
    <tag k="highway" v="primary"/>
    <tag k="lanes" v="4"/>
    <tag k="lanes:backward" v="2"/>
    <tag k="lanes:forward" v="2"/>
    <tag k="maxspeed" v="35 mph"/>
    <tag k="name" v="Frankfort Avenue"/>
    <tag k="ref" v="US 60"/>
    <tag k="source:maxspeed" v="sign"/>
    <tag k="tiger:cfcc" v="A21"/>
    <tag k="tiger:county" v="Jefferson, KY"/>
    <tag k="tiger:name_base" v="Frankfort"/>
    <tag k="tiger:name_base_1" v="United States Highway 60"/>
    <tag k="tiger:name_type" v="Ave"/>
    <tag k="tiger:reviewed" v="no"/>
    <tag k="tiger:zip_left" v="40207"/>
    <tag k="tiger:zip_right" v="40207"/>
    <tag k="turn:lanes:backward" v="left|none"/>
    <tag k="turn:lanes:forward" v="left|none"/>
  </way>
  <way id="792256454">
    <nd ref="7406620914"/>
    <nd ref="7390783721"/>
    <nd ref="7406620912"/>
    <tag k="highway" v="residential"/>
    <tag k="maxspeed:advisory" v="15 mph"/>
    <tag k="name" v="Reservoir Avenue"/>
    <tag k="parking:condition:both" v="free"/>
    <tag k="parking:lane:both" v="parallel"/>
    <tag k="parking:lane:both:parallel" v="on_street"/>
    <tag k="tiger:cfcc" v="A41"/>
    <tag k="tiger:county" v="Jefferson, KY"/>
    <tag k="tiger:name_base" v="Reservoir"/>
    <tag k="tiger:name_type" v="Ave"/>
    <tag k="tiger:reviewed" v="no"/>
    <tag k="tiger:zip_left" v="40206"/>
    <tag k="tiger:zip_right" v="40206"/>
    <tag k="traffic_calming" v="hump"/>
  </way>
  <way id="792256455">
    <nd ref="7406620913"/>
    <nd ref="7406620914"/>
    <tag k="highway" v="residential"/>
    <tag k="maxspeed:advisory" v="15 mph"/>
    <tag k="name" v="Reservoir Avenue"/>
    <tag k="parking:condition:right" v="free"/>
    <tag k="parking:lane:left" v="no_stopping"/>
    <tag k="parking:lane:right" v="parallel"/>
    <tag k="parking:lane:right:parallel" v="on_street"/>
    <tag k="tiger:cfcc" v="A41"/>
    <tag k="tiger:county" v="Jefferson, KY"/>
    <tag k="tiger:name_base" v="Reservoir"/>
    <tag k="tiger:name_type" v="Ave"/>
    <tag k="tiger:reviewed" v="no"/>
    <tag k="tiger:zip_left" v="40206"/>
    <tag k="tiger:zip_right" v="40206"/>
    <tag k="traffic_calming" v="hump"/>
  </way>
  <way id="792256456">
    <nd ref="7406620911"/>
    <nd ref="165003794"/>
    <nd ref="165003797"/>
    <nd ref="165003799"/>
    <nd ref="165003801"/>
    <nd ref="7390783720"/>
    <nd ref="3469682685"/>
    <nd ref="7390749122"/>
    <nd ref="165003803"/>
    <nd ref="7029836477"/>
    <nd ref="164852473"/>
    <tag k="highway" v="residential"/>
    <tag k="maxspeed:advisory" v="15 mph"/>
    <tag k="name" v="Reservoir Avenue"/>
    <tag k="parking:condition:both" v="free"/>
    <tag k="parking:lane:both" v="parallel"/>
    <tag k="parking:lane:both:parallel" v="on_street"/>
    <tag k="tiger:cfcc" v="A41"/>
    <tag k="tiger:county" v="Jefferson, KY"/>
    <tag k="tiger:name_base" v="Reservoir"/>
    <tag k="tiger:name_type" v="Ave"/>
    <tag k="tiger:reviewed" v="no"/>
    <tag k="tiger:zip_left" v="40206"/>
    <tag k="tiger:zip_right" v="40206"/>
    <tag k="traffic_calming" v="hump"/>
  </way>
  <way id="792256457">
    <nd ref="7406620912"/>
    <nd ref="7496661810"/>
    <nd ref="7406620911"/>
    <tag k="highway" v="residential"/>
    <tag k="maxspeed:advisory" v="15 mph"/>
    <tag k="name" v="Reservoir Avenue"/>
    <tag k="parking:condition:right" v="free"/>
    <tag k="parking:lane:left" v="no_stopping"/>
    <tag k="parking:lane:right" v="parallel"/>
    <tag k="parking:lane:right:parallel" v="on_street"/>
    <tag k="tiger:cfcc" v="A41"/>
    <tag k="tiger:county" v="Jefferson, KY"/>
    <tag k="tiger:name_base" v="Reservoir"/>
    <tag k="tiger:name_type" v="Ave"/>
    <tag k="tiger:reviewed" v="no"/>
    <tag k="tiger:zip_left" v="40206"/>
    <tag k="tiger:zip_right" v="40206"/>
    <tag k="traffic_calming" v="hump"/>
  </way>
  <way id="792256458">
    <nd ref="7390749171"/>
    <nd ref="7390749184"/>
    <nd ref="7390783723"/>
    <nd ref="7390749132"/>
    <nd ref="7406620918"/>
    <nd ref="7406620916"/>
    <nd ref="7406620915"/>
    <tag k="highway" v="residential"/>
    <tag k="maxspeed:advisory" v="15 mph"/>
    <tag k="name" v="Reservoir Avenue"/>
    <tag k="parking:condition:right" v="free"/>
    <tag k="parking:lane:left" v="no_stopping"/>
    <tag k="parking:lane:right" v="parallel"/>
    <tag k="parking:lane:right:parallel" v="on_street"/>
    <tag k="tiger:cfcc" v="A41"/>
    <tag k="tiger:county" v="Jefferson, KY"/>
    <tag k="tiger:name_base" v="Reservoir"/>
    <tag k="tiger:name_type" v="Ave"/>
    <tag k="tiger:reviewed" v="no"/>
    <tag k="tiger:zip_left" v="40206"/>
    <tag k="tiger:zip_right" v="40206"/>
    <tag k="traffic_calming" v="hump"/>
  </way>
  <way id="792256459">
    <nd ref="7406620915"/>
    <nd ref="7390783722"/>
    <nd ref="7406620917"/>
    <tag k="highway" v="residential"/>
    <tag k="maxspeed:advisory" v="15 mph"/>
    <tag k="name" v="Reservoir Avenue"/>
    <tag k="parking:condition:both" v="free"/>
    <tag k="parking:lane:both" v="parallel"/>
    <tag k="parking:lane:both:parallel" v="on_street"/>
    <tag k="tiger:cfcc" v="A41"/>
    <tag k="tiger:county" v="Jefferson, KY"/>
    <tag k="tiger:name_base" v="Reservoir"/>
    <tag k="tiger:name_type" v="Ave"/>
    <tag k="tiger:reviewed" v="no"/>
    <tag k="tiger:zip_left" v="40206"/>
    <tag k="tiger:zip_right" v="40206"/>
    <tag k="traffic_calming" v="hump"/>
  </way>
  <way id="792256460">
    <nd ref="164724226"/>
    <nd ref="7390749134"/>
    <nd ref="6662676291"/>
    <nd ref="164845675"/>
    <nd ref="164980129"/>
    <nd ref="6662676290"/>
    <nd ref="7390752740"/>
    <nd ref="7390749171"/>
    <tag k="highway" v="residential"/>
    <tag k="maxspeed:advisory" v="15 mph"/>
    <tag k="name" v="Reservoir Avenue"/>
    <tag k="parking:lane:both" v="no_stopping"/>
    <tag k="tiger:cfcc" v="A41"/>
    <tag k="tiger:county" v="Jefferson, KY"/>
    <tag k="tiger:name_base" v="Reservoir"/>
    <tag k="tiger:name_type" v="Ave"/>
    <tag k="tiger:reviewed" v="no"/>
    <tag k="tiger:zip_left" v="40206"/>
    <tag k="tiger:zip_right" v="40206"/>
    <tag k="traffic_calming" v="hump"/>
  </way>
  <way id="792733345">
    <nd ref="7412620956"/>
    <nd ref="7412620976"/>
    <nd ref="7412620958"/>
    <tag k="footway" v="crossing"/>
    <tag k="highway" v="footway"/>
    <tag k="surface" v="asphalt"/>
  </way>
  <way id="792733346">
    <nd ref="7412739908"/>
    <nd ref="7412620967"/>
    <nd ref="7412739907"/>
    <nd ref="7412739906"/>
    <nd ref="7412739905"/>
    <nd ref="7412739904"/>
    <nd ref="7412620956"/>
    <tag k="footway" v="sidewalk"/>
    <tag k="highway" v="footway"/>
    <tag k="surface" v="paved"/>
  </way>
  <way id="792733349">
    <nd ref="7412739922"/>
    <nd ref="7412620968"/>
    <nd ref="7412739921"/>
    <nd ref="7412739920"/>
    <nd ref="7412739923"/>
    <nd ref="7412739919"/>
    <nd ref="7412739918"/>
    <tag k="footway" v="sidewalk"/>
    <tag k="highway" v="footway"/>
    <tag k="surface" v="paved"/>
  </way>
  <way id="792733350">
    <nd ref="7412620968"/>
    <nd ref="7412620966"/>
    <nd ref="7412620967"/>
    <tag k="footway" v="crossing"/>
    <tag k="highway" v="footway"/>
    <tag k="surface" v="asphalt"/>
  </way>
  <way id="792733351">
    <nd ref="7412620969"/>
    <nd ref="7412620978"/>
    <nd ref="7412739908"/>
    <tag k="footway" v="crossing"/>
    <tag k="highway" v="footway"/>
    <tag k="surface" v="asphalt"/>
  </way>
  <way id="792733352">
    <nd ref="7412620982"/>
    <nd ref="7412620969"/>
    <tag k="footway" v="sidewalk"/>
    <tag k="highway" v="footway"/>
    <tag k="surface" v="paved"/>
  </way>
  <way id="792733353">
    <nd ref="7412620970"/>
    <nd ref="7412620977"/>
    <nd ref="7412739922"/>
    <tag k="footway" v="crossing"/>
    <tag k="highway" v="footway"/>
    <tag k="surface" v="asphalt"/>
  </way>
  <way id="792733354">
    <nd ref="7412739924"/>
    <nd ref="7412620970"/>
    <tag k="footway" v="sidewalk"/>
    <tag k="highway" v="footway"/>
    <tag k="surface" v="paved"/>
  </way>
  <way id="792733355">
    <nd ref="7027088088"/>
    <nd ref="7412620981"/>
    <nd ref="7027088092"/>
    <tag k="crossing" v="unmarked"/>
    <tag k="footway" v="crossing"/>
    <tag k="highway" v="footway"/>
    <tag k="surface" v="paved"/>
  </way>
  <way id="792733356">
    <nd ref="7412739895"/>
    <nd ref="7412620979"/>
    <nd ref="7412620982"/>
    <tag k="footway" v="crossing"/>
    <tag k="highway" v="footway"/>
    <tag k="surface" v="asphalt"/>
  </way>
  <way id="792733357">
    <nd ref="7027088091"/>
    <nd ref="7412739891"/>
    <nd ref="7412739892"/>
    <nd ref="7412739893"/>
    <nd ref="7412739894"/>
    <nd ref="7412620983"/>
    <nd ref="7412739895"/>
    <tag k="highway" v="footway"/>
    <tag k="surface" v="asphalt"/>
  </way>
  <way id="792733358">
    <nd ref="7412739890"/>
    <nd ref="7412620980"/>
    <nd ref="7412739924"/>
    <tag k="footway" v="crossing"/>
    <tag k="highway" v="footway"/>
    <tag k="surface" v="asphalt"/>
  </way>
  <way id="792733359">
    <nd ref="7027088090"/>
    <nd ref="7412739886"/>
    <nd ref="7412620984"/>
    <nd ref="7412739887"/>
    <nd ref="7412739888"/>
    <nd ref="7412739889"/>
    <nd ref="7412739890"/>
    <tag k="highway" v="footway"/>
    <tag k="surface" v="asphalt"/>
  </way>
  <way id="792733360">
    <nd ref="7412739887"/>
    <nd ref="7412739885"/>
    <nd ref="7412739890"/>
    <tag k="highway" v="path"/>
    <tag k="surface" v="unpaved"/>
  </way>
  <way id="792753598">
    <nd ref="7412919726"/>
    <nd ref="7412919753"/>
    <nd ref="7412919752"/>
    <nd ref="7412919751"/>
    <nd ref="7412919750"/>
    <nd ref="7412919749"/>
    <tag k="footway" v="sidewalk"/>
    <tag k="highway" v="footway"/>
    <tag k="surface" v="paved"/>
  </way>
  <way id="792753599">
    <nd ref="7412919725"/>
    <nd ref="164658794"/>
    <nd ref="7412919726"/>
    <tag k="crossing" v="unmarked"/>
    <tag k="footway" v="crossing"/>
    <tag k="highway" v="footway"/>
    <tag k="surface" v="asphalt"/>
  </way>
  <way id="792753600">
    <nd ref="7412919736"/>
    <nd ref="7412919729"/>
    <nd ref="7412919728"/>
    <tag k="crossing" v="unmarked"/>
    <tag k="footway" v="crossing"/>
    <tag k="highway" v="footway"/>
    <tag k="surface" v="asphalt"/>
  </way>
  <way id="792753601">
    <nd ref="7412919732"/>
    <nd ref="7412919730"/>
    <nd ref="7412919731"/>
    <tag k="crossing" v="unmarked"/>
    <tag k="footway" v="crossing"/>
    <tag k="highway" v="footway"/>
    <tag k="surface" v="asphalt"/>
  </way>
  <way id="792753602">
    <nd ref="7412919775"/>
    <nd ref="7412919731"/>
    <nd ref="7412919736"/>
    <tag k="footway" v="sidewalk"/>
    <tag k="highway" v="footway"/>
    <tag k="surface" v="paved"/>
  </way>
  <way id="792753603">
    <nd ref="7412919774"/>
    <nd ref="7412919735"/>
    <nd ref="7412919775"/>
    <tag k="crossing" v="unmarked"/>
    <tag k="footway" v="crossing"/>
    <tag k="highway" v="footway"/>
    <tag k="surface" v="asphalt"/>
  </way>
  <way id="792753604">
    <nd ref="7412919765"/>
    <nd ref="7412919732"/>
    <nd ref="7412919747"/>
    <nd ref="7412919746"/>
    <nd ref="7412919745"/>
    <nd ref="7412919744"/>
    <nd ref="7412919743"/>
    <nd ref="7412919742"/>
    <nd ref="7412919741"/>
    <nd ref="7412919740"/>
    <nd ref="7412919739"/>
    <nd ref="7412919738"/>
    <nd ref="7412919737"/>
    <nd ref="7412919748"/>
    <tag k="footway" v="sidewalk"/>
    <tag k="highway" v="footway"/>
    <tag k="surface" v="paved"/>
  </way>
  <way id="792753605">
    <nd ref="7412919728"/>
    <nd ref="7412919759"/>
    <nd ref="7412919760"/>
    <nd ref="7412919758"/>
    <nd ref="7412919757"/>
    <nd ref="7412919756"/>
    <nd ref="7412919755"/>
    <nd ref="7412919754"/>
    <nd ref="7412919725"/>
    <tag k="footway" v="sidewalk"/>
    <tag k="highway" v="footway"/>
    <tag k="surface" v="paved"/>
  </way>
  <way id="792753606">
    <nd ref="7156652110"/>
    <nd ref="7412919769"/>
    <nd ref="7412919768"/>
    <nd ref="7412919764"/>
    <nd ref="7412919767"/>
    <nd ref="7412919763"/>
    <nd ref="7412919766"/>
    <nd ref="7412919765"/>
    <tag k="highway" v="footway"/>
    <tag k="surface" v="asphalt"/>
  </way>
  <way id="792753607">
    <nd ref="7156652108"/>
    <nd ref="7412919770"/>
    <nd ref="7412919771"/>
    <nd ref="7412919772"/>
    <nd ref="7412919773"/>
    <nd ref="7412919761"/>
    <nd ref="7412919762"/>
    <nd ref="7412919774"/>
    <tag k="highway" v="footway"/>
    <tag k="surface" v="asphalt"/>
  </way>
  <way id="793356799">
    <nd ref="6034793672"/>
    <nd ref="6034793671"/>
    <tag k="footway" v="sidewalk"/>
    <tag k="highway" v="footway"/>
    <tag k="surface" v="paved"/>
  </way>
  <way id="793356800">
    <nd ref="6034793675"/>
    <nd ref="6034793674"/>
    <tag k="footway" v="sidewalk"/>
    <tag k="highway" v="footway"/>
    <tag k="surface" v="paved"/>
  </way>
  <way id="793356801">
    <nd ref="6034793678"/>
    <nd ref="7243000034"/>
    <tag k="footway" v="sidewalk"/>
    <tag k="highway" v="footway"/>
    <tag k="surface" v="paved"/>
  </way>
  <way id="793356802">
    <nd ref="7242795372"/>
    <nd ref="7418421280"/>
    <nd ref="13272377213"/>
    <nd ref="7418421433"/>
    <tag k="crossing" v="marked"/>
    <tag k="crossing:island" v="no"/>
    <tag k="crossing:markings" v="lines"/>
    <tag k="footway" v="crossing"/>
    <tag k="highway" v="footway"/>
  </way>
  <way id="793356803">
    <nd ref="7418421433"/>
    <nd ref="7418421432"/>
    <tag k="footway" v="sidewalk"/>
    <tag k="highway" v="footway"/>
    <tag k="surface" v="paved"/>
  </way>
  <way id="793356819">
    <nd ref="7243000034"/>
    <nd ref="13272377207"/>
    <nd ref="13272377206"/>
    <nd ref="6034793677"/>
    <tag k="footway" v="sidewalk"/>
    <tag k="highway" v="footway"/>
    <tag k="surface" v="paved"/>
  </way>
  <way id="793356820">
    <nd ref="6034793674"/>
    <nd ref="6034793673"/>
    <nd ref="6034793672"/>
    <tag k="crossing" v="unmarked"/>
    <tag k="crossing:markings" v="no"/>
    <tag k="footway" v="crossing"/>
    <tag k="highway" v="footway"/>
  </way>
  <way id="793356821">
    <nd ref="6034793677"/>
    <nd ref="6034793676"/>
    <nd ref="6034793675"/>
    <tag k="crossing" v="unmarked"/>
    <tag k="crossing:island" v="no"/>
    <tag k="crossing:markings" v="no"/>
    <tag k="footway" v="crossing"/>
    <tag k="highway" v="footway"/>
    <tag k="surface" v="asphalt"/>
  </way>
  <way id="793356822">
    <nd ref="7242795372"/>
    <nd ref="10883967260"/>
    <nd ref="7418421466"/>
    <tag k="footway" v="sidewalk"/>
    <tag k="highway" v="footway"/>
    <tag k="surface" v="paved"/>
  </way>
  <way id="793356823">
    <nd ref="6034793671"/>
    <nd ref="6034793670"/>
    <nd ref="7242795372"/>
    <tag k="crossing" v="marked"/>
    <tag k="crossing:island" v="no"/>
    <tag k="crossing:markings" v="lines"/>
    <tag k="footway" v="crossing"/>
    <tag k="highway" v="footway"/>
    <tag k="surface" v="asphalt"/>
  </way>
  <way id="793356824">
    <nd ref="7418421465"/>
    <nd ref="7418421467"/>
    <tag k="footway" v="sidewalk"/>
    <tag k="highway" v="footway"/>
    <tag k="surface" v="paved"/>
  </way>
  <way id="793356825">
    <nd ref="7418421466"/>
    <nd ref="6034793669"/>
    <nd ref="7418421465"/>
    <tag k="crossing" v="unmarked"/>
    <tag k="footway" v="crossing"/>
    <tag k="highway" v="footway"/>
  </way>
  <way id="793356826">
    <nd ref="7418421468"/>
    <nd ref="6034793668"/>
    <tag k="footway" v="sidewalk"/>
    <tag k="highway" v="footway"/>
    <tag k="surface" v="paved"/>
  </way>
  <way id="793356827">
    <nd ref="7418421467"/>
    <nd ref="6902277295"/>
    <nd ref="7418421468"/>
    <tag k="crossing" v="unmarked"/>
    <tag k="footway" v="crossing"/>
    <tag k="highway" v="footway"/>
  </way>
  <way id="793356829">
    <nd ref="6034793666"/>
    <nd ref="6034793665"/>
    <tag k="footway" v="sidewalk"/>
    <tag k="highway" v="footway"/>
    <tag k="surface" v="paved"/>
  </way>
  <way id="793702233">
    <nd ref="7424283432"/>
    <nd ref="7156819265"/>
    <nd ref="7156652106"/>
    <tag k="footway" v="sidewalk"/>
    <tag k="highway" v="footway"/>
    <tag k="surface" v="paved"/>
  </way>
  <way id="793702234">
    <nd ref="7424283433"/>
    <nd ref="7424283434"/>
    <nd ref="7424283432"/>
    <tag k="crossing" v="unmarked"/>
    <tag k="footway" v="crossing"/>
    <tag k="highway" v="footway"/>
    <tag k="surface" v="asphalt"/>
  </way>
  <way id="800664300">
    <nd ref="7488665027"/>
    <nd ref="7524746572"/>
    <nd ref="7488665028"/>
    <nd ref="7488665029"/>
    <nd ref="7488665030"/>
    <nd ref="7488665031"/>
    <nd ref="7488665032"/>
    <nd ref="7488665033"/>
    <tag k="highway" v="service"/>
    <tag k="service" v="alley"/>
  </way>
  <way id="801474045">
    <nd ref="7519405531"/>
    <nd ref="7496285895"/>
    <nd ref="7412620981"/>
    <nd ref="164724220"/>
    <tag k="access" v="private"/>
    <tag k="highway" v="service"/>
    <tag k="oneway" v="yes"/>
  </way>
  <way id="801509120">
    <nd ref="7496651381"/>
    <nd ref="7496651380"/>
    <tag k="barrier" v="fence"/>
  </way>
  <way id="801509122">
    <nd ref="7496651337"/>
    <nd ref="7496651336"/>
    <tag k="bridge" v="yes"/>
    <tag k="highway" v="footway"/>
    <tag k="layer" v="1"/>
  </way>
  <way id="801509123">
    <nd ref="7496651338"/>
    <nd ref="7496651337"/>
    <tag k="highway" v="footway"/>
  </way>
  <way id="801509125">
    <nd ref="7496651343"/>
    <nd ref="7496651338"/>
    <nd ref="7496651344"/>
    <tag k="access" v="private"/>
    <tag k="highway" v="footway"/>
    <tag k="surface" v="paved"/>
  </way>
  <way id="801509126">
    <nd ref="7496651345"/>
    <nd ref="7496651343"/>
    <tag k="highway" v="footway"/>
    <tag k="surface" v="paved"/>
  </way>
  <way id="801509127">
    <nd ref="7496651379"/>
    <nd ref="7496651346"/>
    <nd ref="7496651378"/>
    <nd ref="7496651377"/>
    <nd ref="7496651376"/>
    <nd ref="7496651375"/>
    <nd ref="7496651374"/>
    <nd ref="7496651373"/>
    <nd ref="7496651372"/>
    <nd ref="7496651371"/>
    <nd ref="7496651370"/>
    <nd ref="7496651369"/>
    <nd ref="7496651368"/>
    <nd ref="7496651367"/>
    <nd ref="7496651366"/>
    <nd ref="7496651365"/>
    <nd ref="7496651364"/>
    <nd ref="7496651363"/>
    <nd ref="7496651362"/>
    <nd ref="7496651361"/>
    <nd ref="7496651330"/>
    <nd ref="7496651360"/>
    <nd ref="7496651359"/>
    <nd ref="7496651331"/>
    <nd ref="7496651358"/>
    <nd ref="7496651357"/>
    <nd ref="7496651356"/>
    <nd ref="7496651355"/>
    <nd ref="7496651354"/>
    <nd ref="7496651353"/>
    <nd ref="7496651352"/>
    <nd ref="7496651351"/>
    <nd ref="7496651350"/>
    <nd ref="7496651349"/>
    <nd ref="7496651348"/>
    <nd ref="7496651347"/>
    <tag k="barrier" v="fence"/>
  </way>
  <way id="801509128">
    <nd ref="7496661808"/>
    <nd ref="7496661807"/>
    <nd ref="7496651333"/>
    <nd ref="7496661806"/>
    <nd ref="7496661805"/>
    <nd ref="7496661804"/>
    <nd ref="7496661803"/>
    <nd ref="7496651332"/>
    <nd ref="7496661802"/>
    <nd ref="7496661801"/>
    <nd ref="7496661800"/>
    <nd ref="7496661799"/>
    <nd ref="7496661798"/>
    <nd ref="7496661797"/>
    <nd ref="7496661796"/>
    <nd ref="7496661795"/>
    <nd ref="7496661794"/>
    <nd ref="7496661793"/>
    <nd ref="7496661792"/>
    <nd ref="7496661791"/>
    <nd ref="7496661790"/>
    <nd ref="7496661789"/>
    <nd ref="7496661788"/>
    <nd ref="7496661787"/>
    <nd ref="7496661786"/>
    <nd ref="7496661785"/>
    <nd ref="7496651384"/>
    <nd ref="7496651383"/>
    <nd ref="7496651382"/>
    <nd ref="7496651343"/>
    <nd ref="7496651346"/>
    <tag k="barrier" v="fence"/>
  </way>
  <way id="801509129">
    <nd ref="2769924797"/>
    <nd ref="3395747149"/>
    <tag k="highway" v="footway"/>
    <tag k="lit" v="yes"/>
    <tag k="surface" v="concrete"/>
  </way>
  <way id="801509130">
    <nd ref="7496661810"/>
    <nd ref="7496661809"/>
    <tag k="access" v="private"/>
    <tag k="highway" v="service"/>
  </way>
  <way id="801509131">
    <nd ref="7496661814"/>
    <nd ref="7496661813"/>
    <nd ref="7496661812"/>
    <nd ref="7496661811"/>
    <nd ref="7496661809"/>
    <nd ref="3395752268"/>
    <tag k="barrier" v="fence"/>
  </way>
  <way id="801509132">
    <nd ref="3395746928"/>
    <nd ref="7496661817"/>
    <nd ref="7496661816"/>
    <nd ref="7496661815"/>
    <nd ref="7496661814"/>
    <nd ref="3395742204"/>
    <nd ref="3395741913"/>
    <nd ref="5650759636"/>
    <tag k="barrier" v="fence"/>
  </way>
  <way id="801509133">
    <nd ref="3395744227"/>
    <nd ref="7390749130"/>
    <nd ref="7496661818"/>
    <nd ref="3395746405"/>
    <tag k="barrier" v="fence"/>
  </way>
  <way id="803852774">
    <nd ref="7519405540"/>
    <nd ref="7519405539"/>
    <nd ref="7519405538"/>
    <tag k="barrier" v="fence"/>
  </way>
  <way id="803852776">
    <nd ref="2280207044"/>
    <nd ref="7519405547"/>
    <tag k="highway" v="service"/>
  </way>
  <way id="803852777">
    <nd ref="7519417616"/>
    <nd ref="7519405561"/>
    <nd ref="7519405560"/>
    <nd ref="7519405559"/>
    <nd ref="7519405558"/>
    <nd ref="7519405557"/>
    <nd ref="7519405556"/>
    <nd ref="7519405555"/>
    <nd ref="7519405554"/>
    <nd ref="7519405553"/>
    <nd ref="7519405552"/>
    <nd ref="7519405551"/>
    <nd ref="7519405550"/>
    <nd ref="2280207044"/>
    <nd ref="7519405549"/>
    <nd ref="7519405548"/>
    <nd ref="3410913263"/>
    <tag k="barrier" v="fence"/>
  </way>
  <way id="803852787">
    <nd ref="7519405562"/>
    <nd ref="7519405563"/>
    <nd ref="7519405564"/>
    <nd ref="7519405565"/>
    <nd ref="7519405566"/>
    <nd ref="7519405567"/>
    <nd ref="7519405568"/>
    <nd ref="7519405569"/>
    <nd ref="7519405570"/>
    <nd ref="7519405571"/>
    <nd ref="7519405572"/>
    <nd ref="7519405573"/>
    <nd ref="7519405574"/>
    <nd ref="7519405575"/>
    <nd ref="7519405576"/>
    <nd ref="7519405577"/>
    <nd ref="7519405578"/>
    <nd ref="7519417648"/>
    <nd ref="7519417647"/>
    <nd ref="3469726643"/>
    <nd ref="7519417646"/>
    <nd ref="7519417645"/>
    <nd ref="7519417644"/>
    <nd ref="7519417643"/>
    <nd ref="7519417642"/>
    <nd ref="7519417641"/>
    <nd ref="7519417640"/>
    <nd ref="7519417639"/>
    <tag k="barrier" v="fence"/>
  </way>
  <way id="803852788">
    <nd ref="7519417651"/>
    <nd ref="7519417652"/>
    <nd ref="7519417650"/>
    <nd ref="7519417607"/>
    <nd ref="7519405583"/>
    <nd ref="7519417649"/>
    <nd ref="7519417627"/>
    <nd ref="7519417626"/>
    <nd ref="7519417625"/>
    <nd ref="7519417624"/>
    <nd ref="7519417623"/>
    <nd ref="7519417622"/>
    <nd ref="7519417621"/>
    <nd ref="7519417620"/>
    <nd ref="7519417619"/>
    <nd ref="7519417618"/>
    <tag k="barrier" v="fence"/>
  </way>
  <way id="803852789">
    <nd ref="7519417658"/>
    <nd ref="7519417657"/>
    <nd ref="7496285895"/>
    <nd ref="7519417656"/>
    <nd ref="7519417655"/>
    <nd ref="7519417654"/>
    <nd ref="7519417653"/>
    <nd ref="7519417652"/>
    <tag k="barrier" v="fence"/>
  </way>
  <way id="804745097">
    <nd ref="7527280524"/>
    <nd ref="7396217215"/>
    <nd ref="6662676289"/>
    <nd ref="164724223"/>
    <tag k="highway" v="primary"/>
    <tag k="lanes" v="4"/>
    <tag k="lanes:backward" v="2"/>
    <tag k="lanes:forward" v="2"/>
    <tag k="maxspeed" v="35 mph"/>
    <tag k="maxspeed:conditional" v="25 mph @ when_flashing"/>
    <tag k="name" v="Frankfort Avenue"/>
    <tag k="ref" v="US 60"/>
    <tag k="source:maxspeed" v="sign"/>
    <tag k="tiger:cfcc" v="A21"/>
    <tag k="tiger:county" v="Jefferson, KY"/>
    <tag k="tiger:name_base" v="Frankfort"/>
    <tag k="tiger:name_base_1" v="United States Highway 60"/>
    <tag k="tiger:name_type" v="Ave"/>
    <tag k="tiger:reviewed" v="no"/>
    <tag k="tiger:zip_left" v="40207"/>
    <tag k="tiger:zip_right" v="40207"/>
    <tag k="turn:lanes:backward" v="none|through;right"/>
    <tag k="turn:lanes:forward" v="left|none"/>
  </way>
  <way id="804745098">
    <nd ref="164724220"/>
    <nd ref="7027088094"/>
    <nd ref="7412620949"/>
    <nd ref="7527280524"/>
    <tag k="highway" v="primary"/>
    <tag k="lanes" v="3"/>
    <tag k="lanes:backward" v="2"/>
    <tag k="lanes:forward" v="1"/>
    <tag k="maxspeed" v="35 mph"/>
    <tag k="name" v="Frankfort Avenue"/>
    <tag k="ref" v="US 60"/>
    <tag k="source:maxspeed" v="sign"/>
    <tag k="tiger:cfcc" v="A21"/>
    <tag k="tiger:county" v="Jefferson, KY"/>
    <tag k="tiger:name_base" v="Frankfort"/>
    <tag k="tiger:name_base_1" v="United States Highway 60"/>
    <tag k="tiger:name_type" v="Ave"/>
    <tag k="tiger:reviewed" v="no"/>
    <tag k="tiger:zip_left" v="40207"/>
    <tag k="tiger:zip_right" v="40207"/>
    <tag k="turn:lanes:backward" v="none|through;right"/>
  </way>
  <way id="815743233">
    <nd ref="7618560240"/>
    <nd ref="7618560239"/>
    <nd ref="7618560238"/>
    <nd ref="7618560237"/>
    <nd ref="7618560236"/>
    <nd ref="7618560235"/>
    <nd ref="7618560234"/>
    <nd ref="7618558355"/>
    <nd ref="7618558383"/>
    <nd ref="7618560233"/>
    <nd ref="7618560232"/>
    <nd ref="7618560231"/>
    <nd ref="7618560230"/>
    <nd ref="7618560229"/>
    <nd ref="7618560228"/>
    <nd ref="7618560227"/>
    <nd ref="7618560226"/>
    <nd ref="7618560225"/>
    <nd ref="7618560224"/>
    <nd ref="7618560223"/>
    <nd ref="7618560221"/>
    <nd ref="7618560220"/>
    <nd ref="7618560219"/>
    <nd ref="7618560218"/>
    <nd ref="7618558916"/>
    <nd ref="7618560173"/>
    <nd ref="7618560172"/>
    <nd ref="7618560171"/>
    <nd ref="7618560170"/>
    <nd ref="7618560169"/>
    <nd ref="7618560168"/>
    <nd ref="7618560167"/>
    <nd ref="7618560166"/>
    <nd ref="7618560165"/>
    <nd ref="7618560164"/>
    <nd ref="7618560163"/>
    <nd ref="7618560162"/>
    <nd ref="7618560161"/>
    <nd ref="7618560160"/>
    <nd ref="7618560159"/>
    <nd ref="7618560158"/>
    <nd ref="7618560157"/>
    <nd ref="7618560156"/>
    <nd ref="7618560155"/>
    <nd ref="7618560154"/>
    <nd ref="7618560153"/>
    <nd ref="7618560152"/>
    <nd ref="7618560151"/>
    <nd ref="7618560150"/>
    <nd ref="7618560149"/>
    <nd ref="7618560148"/>
    <nd ref="7618560147"/>
    <nd ref="7618560146"/>
    <nd ref="7618560145"/>
    <nd ref="7618560144"/>
    <nd ref="7618560143"/>
    <nd ref="7618560142"/>
    <nd ref="7618560141"/>
    <nd ref="7618560140"/>
    <nd ref="7618560139"/>
    <nd ref="7618560138"/>
    <nd ref="7618560137"/>
    <nd ref="7618560136"/>
    <nd ref="7618560135"/>
    <nd ref="7618560134"/>
    <nd ref="7618560133"/>
    <nd ref="7618560132"/>
    <nd ref="7618560131"/>
    <nd ref="7618560130"/>
    <nd ref="7618560129"/>
    <nd ref="7618560128"/>
    <nd ref="7618560127"/>
    <nd ref="7618560126"/>
    <nd ref="7618560125"/>
    <nd ref="7618560124"/>
    <nd ref="7618560123"/>
    <nd ref="7618560122"/>
    <nd ref="7618560121"/>
    <nd ref="7618560120"/>
    <nd ref="7618560119"/>
    <nd ref="7618560118"/>
    <nd ref="7618560117"/>
    <nd ref="7618560116"/>
    <nd ref="7618560115"/>
    <nd ref="7618560114"/>
    <nd ref="7618560113"/>
    <nd ref="7618560112"/>
    <nd ref="7618560111"/>
    <nd ref="7618560110"/>
    <nd ref="7618560109"/>
    <nd ref="7618560108"/>
    <nd ref="7618560107"/>
    <nd ref="7618560106"/>
    <nd ref="7618560105"/>
    <nd ref="7618560104"/>
    <nd ref="7618560103"/>
    <nd ref="7618560102"/>
    <nd ref="7618560101"/>
    <nd ref="7618560100"/>
    <nd ref="7618560099"/>
    <nd ref="7618560098"/>
    <tag k="highway" v="footway"/>
  </way>
  <way id="815743234">
    <nd ref="7618560241"/>
    <nd ref="7618557881"/>
    <nd ref="7618560240"/>
    <tag k="crossing" v="marked"/>
    <tag k="footway" v="crossing"/>
    <tag k="highway" v="footway"/>
    <tag k="surface" v="asphalt"/>
  </way>
  <way id="815743269">
    <nd ref="7618559763"/>
    <nd ref="7618558006"/>
    <nd ref="7618559764"/>
    <tag k="crossing" v="marked"/>
    <tag k="footway" v="crossing"/>
    <tag k="highway" v="footway"/>
    <tag k="surface" v="asphalt"/>
  </way>
  <way id="815743270">
    <nd ref="7618560160"/>
    <nd ref="7618559763"/>
    <tag k="highway" v="footway"/>
  </way>
  <way id="815743298">
    <nd ref="7618558804"/>
    <nd ref="7618558803"/>
    <tag k="highway" v="footway"/>
  </way>
  <way id="815743301">
    <nd ref="7618558111"/>
    <nd ref="7618558110"/>
    <tag k="highway" v="footway"/>
  </way>
  <way id="815743305">
    <nd ref="7618558905"/>
    <nd ref="7618558904"/>
    <tag k="highway" v="footway"/>
  </way>
  <way id="815743323">
    <nd ref="7618560218"/>
    <nd ref="7618560217"/>
    <tag k="highway" v="footway"/>
  </way>
  <way id="815743324">
    <nd ref="7618560223"/>
    <nd ref="7618560222"/>
    <tag k="highway" v="footway"/>
  </way>
  <way id="815743336">
    <nd ref="7618558900"/>
    <nd ref="7618558324"/>
    <nd ref="7618558323"/>
    <nd ref="7618558322"/>
    <nd ref="7618558321"/>
    <nd ref="7618558320"/>
    <nd ref="7618558319"/>
    <nd ref="7618558318"/>
    <nd ref="7618558317"/>
    <nd ref="7618558316"/>
    <tag k="highway" v="footway"/>
  </way>
  <way id="815743337">
    <nd ref="7618558887"/>
    <nd ref="7618558329"/>
    <nd ref="7618558328"/>
    <nd ref="7618558327"/>
    <nd ref="7618558326"/>
    <nd ref="7618558325"/>
    <tag k="highway" v="footway"/>
  </way>
  <way id="815743338">
    <nd ref="7618558383"/>
    <nd ref="7618558382"/>
    <nd ref="7618558381"/>
    <nd ref="7618558380"/>
    <nd ref="7618558379"/>
    <nd ref="7618558378"/>
    <nd ref="7618558342"/>
    <tag k="highway" v="footway"/>
  </way>
  <way id="815743339">
    <nd ref="7618558341"/>
    <nd ref="7618558331"/>
    <nd ref="7618558352"/>
    <nd ref="7618558351"/>
    <nd ref="7618558350"/>
    <nd ref="7618558349"/>
    <nd ref="7618558348"/>
    <nd ref="7618558347"/>
    <nd ref="7618558346"/>
    <nd ref="7618558345"/>
    <tag k="highway" v="footway"/>
  </way>
  <way id="815743340">
    <nd ref="7618558342"/>
    <nd ref="7618558340"/>
    <nd ref="7618558339"/>
    <nd ref="7618558330"/>
    <nd ref="7618558338"/>
    <nd ref="7618558337"/>
    <nd ref="7618558341"/>
    <nd ref="7618558336"/>
    <nd ref="7618558335"/>
    <nd ref="7618558332"/>
    <nd ref="7618558334"/>
    <nd ref="7618558333"/>
    <nd ref="7618558342"/>
    <tag k="highway" v="footway"/>
  </way>
  <way id="815743341">
    <nd ref="7618558330"/>
    <nd ref="7618558373"/>
    <nd ref="7618558344"/>
    <nd ref="7618558343"/>
    <tag k="highway" v="footway"/>
  </way>
  <way id="815743342">
    <nd ref="7618558354"/>
    <nd ref="7618558353"/>
    <tag k="highway" v="footway"/>
  </way>
  <way id="815743343">
    <nd ref="7618558355"/>
    <nd ref="7618558356"/>
    <nd ref="7618558357"/>
    <nd ref="7618558358"/>
    <nd ref="7618558359"/>
    <nd ref="7618558364"/>
    <nd ref="7618558332"/>
    <tag k="highway" v="footway"/>
  </way>
  <way id="815743344">
    <nd ref="7618558378"/>
    <nd ref="7618558377"/>
    <nd ref="7618558111"/>
    <nd ref="7618558376"/>
    <nd ref="7618558375"/>
    <nd ref="7618558374"/>
    <nd ref="7618558373"/>
    <nd ref="7618558372"/>
    <nd ref="7618558371"/>
    <nd ref="7618558370"/>
    <nd ref="7618558369"/>
    <nd ref="7618558331"/>
    <nd ref="7618558368"/>
    <nd ref="7618558367"/>
    <nd ref="7618558354"/>
    <nd ref="7618558366"/>
    <nd ref="7618558365"/>
    <nd ref="7618558364"/>
    <nd ref="7618558363"/>
    <nd ref="7618558362"/>
    <nd ref="7618558361"/>
    <nd ref="7618558360"/>
    <nd ref="7618558378"/>
    <tag k="highway" v="footway"/>
  </way>
  <way id="815743375">
    <nd ref="7618558619"/>
    <nd ref="7618558617"/>
    <nd ref="7618558616"/>
    <tag k="highway" v="footway"/>
  </way>
  <way id="815743376">
    <nd ref="7618558627"/>
    <nd ref="7618558626"/>
    <nd ref="7618558625"/>
    <nd ref="7618558624"/>
    <nd ref="7618558623"/>
    <nd ref="7618558622"/>
    <nd ref="7618558621"/>
    <nd ref="7618558620"/>
    <nd ref="7618558619"/>
    <nd ref="7618558618"/>
    <tag k="highway" v="footway"/>
  </way>
  <way id="815743377">
    <nd ref="7618558637"/>
    <nd ref="7618558636"/>
    <nd ref="7618558635"/>
    <nd ref="7618558634"/>
    <nd ref="7618558633"/>
    <nd ref="7618558632"/>
    <nd ref="7618558631"/>
    <nd ref="7618558627"/>
    <nd ref="7618558630"/>
    <nd ref="7618558629"/>
    <nd ref="7618558628"/>
    <tag k="highway" v="footway"/>
  </way>
  <way id="815743378">
    <nd ref="7618558657"/>
    <nd ref="7618558649"/>
    <nd ref="7618558648"/>
    <nd ref="7618558647"/>
    <nd ref="7618558646"/>
    <nd ref="7618558645"/>
    <nd ref="7618558644"/>
    <nd ref="7618558643"/>
    <nd ref="7618558616"/>
    <nd ref="7618558642"/>
    <nd ref="7618558641"/>
    <nd ref="7618558640"/>
    <nd ref="7618558639"/>
    <nd ref="7618558637"/>
    <nd ref="7618558638"/>
    <nd ref="7618558651"/>
    <tag k="highway" v="footway"/>
  </way>
  <way id="815743379">
    <nd ref="7618558660"/>
    <nd ref="7618558659"/>
    <nd ref="7618558658"/>
    <nd ref="7618558657"/>
    <nd ref="7618558656"/>
    <nd ref="7618558655"/>
    <nd ref="7618558661"/>
    <nd ref="7618558654"/>
    <nd ref="7618558653"/>
    <nd ref="7618558652"/>
    <nd ref="7618558651"/>
    <nd ref="7618558650"/>
    <nd ref="7618558660"/>
    <tag k="highway" v="footway"/>
  </way>
  <way id="815743380">
    <nd ref="7618560239"/>
    <nd ref="7618558675"/>
    <nd ref="7618558674"/>
    <nd ref="7618558673"/>
    <nd ref="7618558672"/>
    <nd ref="7618558671"/>
    <nd ref="7618558670"/>
    <nd ref="7618558669"/>
    <nd ref="7618558668"/>
    <nd ref="7618558667"/>
    <nd ref="7618558666"/>
    <nd ref="7618558665"/>
    <nd ref="7618558664"/>
    <nd ref="7618558663"/>
    <nd ref="7618558662"/>
    <nd ref="7618558661"/>
    <tag k="highway" v="footway"/>
  </way>
  <way id="815743382">
    <nd ref="7618558797"/>
    <nd ref="7618558798"/>
    <nd ref="7618558799"/>
    <nd ref="7618558800"/>
    <nd ref="7618558801"/>
    <nd ref="7618558802"/>
    <nd ref="7618558803"/>
    <nd ref="7618558796"/>
    <nd ref="7618558795"/>
    <nd ref="7618558794"/>
    <nd ref="7618558793"/>
    <nd ref="7618558792"/>
    <nd ref="7618558791"/>
    <nd ref="7618558790"/>
    <nd ref="7618558789"/>
    <nd ref="7618558788"/>
    <nd ref="7618558787"/>
    <nd ref="7618558786"/>
    <nd ref="7618558785"/>
    <nd ref="7618558784"/>
    <nd ref="7618558783"/>
    <nd ref="7618558782"/>
    <nd ref="7618558699"/>
    <nd ref="7618558698"/>
    <nd ref="7618558697"/>
    <nd ref="7618558696"/>
    <nd ref="7618558695"/>
    <nd ref="7618558694"/>
    <nd ref="7618558693"/>
    <nd ref="7618558692"/>
    <nd ref="7618558691"/>
    <nd ref="7618558685"/>
    <nd ref="7618558684"/>
    <nd ref="7618558683"/>
    <nd ref="7618558682"/>
    <nd ref="7618558681"/>
    <nd ref="7618558680"/>
    <nd ref="7618558679"/>
    <nd ref="7618558678"/>
    <nd ref="7618558677"/>
    <tag k="highway" v="footway"/>
  </way>
  <way id="815743387">
    <nd ref="7618558838"/>
    <nd ref="7618558837"/>
    <nd ref="7618558836"/>
    <nd ref="7618558835"/>
    <nd ref="7618558834"/>
    <nd ref="7618558833"/>
    <nd ref="7618558832"/>
    <nd ref="7618558831"/>
    <nd ref="7618558830"/>
    <nd ref="7618558829"/>
    <nd ref="7618558828"/>
    <nd ref="7618558827"/>
    <nd ref="7618558826"/>
    <nd ref="7618558825"/>
    <nd ref="7618558824"/>
    <nd ref="7618558821"/>
    <nd ref="7618558820"/>
    <nd ref="7618558819"/>
    <nd ref="7618558818"/>
    <nd ref="7618558817"/>
    <nd ref="7618558816"/>
    <nd ref="7618558815"/>
    <nd ref="7618558814"/>
    <nd ref="7618558813"/>
    <nd ref="7618558812"/>
    <nd ref="7618558811"/>
    <nd ref="7618558810"/>
    <nd ref="7618558809"/>
    <nd ref="7618558808"/>
    <nd ref="7618558807"/>
    <nd ref="7618558806"/>
    <nd ref="7618558805"/>
    <tag k="highway" v="footway"/>
  </way>
  <way id="815743388">
    <nd ref="7618558916"/>
    <nd ref="7618558915"/>
    <nd ref="7618558914"/>
    <nd ref="7618558913"/>
    <nd ref="7618558912"/>
    <nd ref="7618558911"/>
    <nd ref="7618558910"/>
    <nd ref="7618558909"/>
    <nd ref="7618558908"/>
    <nd ref="7618558907"/>
    <nd ref="7618558906"/>
    <nd ref="7618558905"/>
    <nd ref="7618558903"/>
    <nd ref="7618558902"/>
    <nd ref="7618558901"/>
    <nd ref="7618558900"/>
    <nd ref="7618558899"/>
    <nd ref="7618558898"/>
    <nd ref="7618558897"/>
    <nd ref="7618558896"/>
    <nd ref="7618558895"/>
    <nd ref="7618558894"/>
    <nd ref="7618558893"/>
    <nd ref="7618558892"/>
    <nd ref="7618558891"/>
    <nd ref="7618558890"/>
    <nd ref="7618558889"/>
    <nd ref="7618558888"/>
    <nd ref="7618558887"/>
    <nd ref="7618558886"/>
    <nd ref="7618558885"/>
    <nd ref="7618558884"/>
    <nd ref="7618558883"/>
    <nd ref="7618558882"/>
    <nd ref="7618558881"/>
    <nd ref="7618558880"/>
    <nd ref="7618558879"/>
    <nd ref="7618558878"/>
    <nd ref="7618558877"/>
    <nd ref="7618558876"/>
    <nd ref="7618558875"/>
    <nd ref="7618558874"/>
    <nd ref="7618558872"/>
    <nd ref="7618558871"/>
    <nd ref="7618558870"/>
    <nd ref="7618558869"/>
    <nd ref="7618558868"/>
    <nd ref="7618558867"/>
    <nd ref="7618558866"/>
    <nd ref="7618558865"/>
    <nd ref="7618558864"/>
    <nd ref="7618558863"/>
    <nd ref="7618558862"/>
    <nd ref="7618558861"/>
    <nd ref="7618558859"/>
    <nd ref="7618558858"/>
    <nd ref="7618558857"/>
    <nd ref="7618558855"/>
    <nd ref="7618558854"/>
    <nd ref="7618558853"/>
    <nd ref="7618558852"/>
    <nd ref="7618558851"/>
    <nd ref="7618558850"/>
    <nd ref="7618558849"/>
    <nd ref="7618558848"/>
    <nd ref="7618558847"/>
    <nd ref="7618558846"/>
    <nd ref="7618558845"/>
    <nd ref="7618558844"/>
    <nd ref="7618558843"/>
    <nd ref="7618558842"/>
    <nd ref="7618558841"/>
    <nd ref="7618558840"/>
    <nd ref="7618558839"/>
    <tag k="highway" v="footway"/>
  </way>
  <way id="815743458">
    <nd ref="7618559764"/>
    <nd ref="7618559765"/>
    <nd ref="7618559766"/>
    <nd ref="7618559767"/>
    <nd ref="7618559768"/>
    <nd ref="7618559769"/>
    <nd ref="7618559770"/>
    <nd ref="7618559771"/>
    <nd ref="7618559772"/>
    <nd ref="7618559773"/>
    <nd ref="7618559774"/>
    <nd ref="7618559775"/>
    <nd ref="7618559762"/>
    <nd ref="7618559761"/>
    <nd ref="7618559760"/>
    <nd ref="7618559759"/>
    <nd ref="7618559758"/>
    <nd ref="7618559743"/>
    <nd ref="7618559744"/>
    <nd ref="7614040046"/>
    <nd ref="7618559745"/>
    <nd ref="7618559746"/>
    <nd ref="7618559747"/>
    <nd ref="7618559748"/>
    <nd ref="7618559749"/>
    <nd ref="7618559742"/>
    <nd ref="7618559741"/>
    <nd ref="7618559740"/>
    <nd ref="7618559739"/>
    <nd ref="7618559737"/>
    <nd ref="7618559736"/>
    <nd ref="7618559735"/>
    <nd ref="7618559734"/>
    <nd ref="7618559575"/>
    <nd ref="7618559733"/>
    <nd ref="7618559732"/>
    <nd ref="7618559731"/>
    <nd ref="7618559730"/>
    <nd ref="7618559729"/>
    <nd ref="7618559728"/>
    <nd ref="7618559727"/>
    <nd ref="7618559702"/>
    <nd ref="7618559726"/>
    <nd ref="7618559725"/>
    <nd ref="7618559724"/>
    <nd ref="7618559723"/>
    <nd ref="7618559722"/>
    <nd ref="7618559721"/>
    <nd ref="7618559720"/>
    <nd ref="7618559719"/>
    <nd ref="7618559718"/>
    <nd ref="7618559717"/>
    <nd ref="7618559716"/>
    <nd ref="7618559715"/>
    <nd ref="7618559714"/>
    <nd ref="7618559713"/>
    <nd ref="7618559712"/>
    <nd ref="7618559711"/>
    <nd ref="7618559710"/>
    <nd ref="7618559709"/>
    <nd ref="7618559708"/>
    <nd ref="7618559979"/>
    <nd ref="7618559978"/>
    <nd ref="7618559977"/>
    <nd ref="7618559976"/>
    <nd ref="7618559975"/>
    <nd ref="7618559974"/>
    <nd ref="7618559973"/>
    <nd ref="7618559972"/>
    <nd ref="7618559971"/>
    <nd ref="7618559970"/>
    <nd ref="7618559969"/>
    <nd ref="7618559968"/>
    <nd ref="7618559967"/>
    <nd ref="7618559966"/>
    <nd ref="7618559965"/>
    <nd ref="7618559964"/>
    <nd ref="7618559963"/>
    <nd ref="7618559962"/>
    <nd ref="7618559961"/>
    <nd ref="7618559960"/>
    <nd ref="7618559959"/>
    <nd ref="7618559958"/>
    <nd ref="7618559957"/>
    <nd ref="7618559955"/>
    <nd ref="7618559954"/>
    <nd ref="7618559953"/>
    <nd ref="7618559952"/>
    <nd ref="7618559951"/>
    <nd ref="7618559950"/>
    <nd ref="7618559949"/>
    <nd ref="7618559948"/>
    <nd ref="7618559947"/>
    <nd ref="7618559946"/>
    <nd ref="7618559945"/>
    <nd ref="7618559944"/>
    <nd ref="7618559943"/>
    <nd ref="7618559942"/>
    <nd ref="7618559941"/>
    <nd ref="7618559940"/>
    <nd ref="7618559939"/>
    <nd ref="7618559938"/>
    <nd ref="7618559937"/>
    <nd ref="7618559936"/>
    <nd ref="7618559935"/>
    <nd ref="7618558930"/>
    <nd ref="7618559934"/>
    <nd ref="7618559933"/>
    <nd ref="7618559932"/>
    <nd ref="7618559931"/>
    <nd ref="7618559930"/>
    <nd ref="7618559929"/>
    <nd ref="7618559928"/>
    <nd ref="7618559927"/>
    <nd ref="7618559926"/>
    <nd ref="7618559925"/>
    <nd ref="7618559924"/>
    <nd ref="7618559923"/>
    <nd ref="7618559922"/>
    <nd ref="7618559921"/>
    <tag k="highway" v="footway"/>
  </way>
  <way id="815743460">
    <nd ref="7618559926"/>
    <nd ref="7618559800"/>
    <nd ref="7618559799"/>
    <nd ref="7618559798"/>
    <nd ref="7618559797"/>
    <nd ref="7618559796"/>
    <nd ref="7618559795"/>
    <nd ref="7618559794"/>
    <nd ref="7618559793"/>
    <nd ref="7618559792"/>
    <nd ref="7618559791"/>
    <nd ref="7618559790"/>
    <nd ref="7618559789"/>
    <nd ref="7618559788"/>
    <nd ref="7618559787"/>
    <nd ref="7618559786"/>
    <nd ref="7618559785"/>
    <nd ref="7618559784"/>
    <nd ref="7618559783"/>
    <nd ref="7618559782"/>
    <nd ref="7618559781"/>
    <nd ref="7618559780"/>
    <nd ref="7618559779"/>
    <nd ref="7618559778"/>
    <nd ref="7618559777"/>
    <nd ref="7618559776"/>
    <nd ref="7618559775"/>
    <tag k="highway" v="footway"/>
  </way>
  <way id="815743478">
    <nd ref="7618560178"/>
    <nd ref="7618560177"/>
    <nd ref="7618560176"/>
    <nd ref="7618560175"/>
    <nd ref="7618560174"/>
    <tag k="highway" v="footway"/>
  </way>
  <way id="815743479">
    <nd ref="7618560194"/>
    <nd ref="7618560178"/>
    <nd ref="7618560179"/>
    <tag k="highway" v="footway"/>
  </way>
  <way id="815743480">
    <nd ref="7618560212"/>
    <nd ref="7618560211"/>
    <nd ref="7618560210"/>
    <nd ref="7618560209"/>
    <nd ref="7618560208"/>
    <nd ref="7618560207"/>
    <nd ref="7618560206"/>
    <nd ref="7618560205"/>
    <nd ref="7618560204"/>
    <nd ref="7618560203"/>
    <nd ref="7618560202"/>
    <nd ref="7618560201"/>
    <nd ref="7618560200"/>
    <nd ref="7618560199"/>
    <nd ref="7618560198"/>
    <nd ref="7618560197"/>
    <nd ref="7618560196"/>
    <nd ref="7618560195"/>
    <nd ref="7618560194"/>
    <nd ref="7618560193"/>
    <nd ref="7618560192"/>
    <nd ref="7618560191"/>
    <nd ref="7618560190"/>
    <nd ref="7618560189"/>
    <nd ref="7618560188"/>
    <nd ref="7618560187"/>
    <nd ref="7618560186"/>
    <nd ref="7618560185"/>
    <nd ref="7618560184"/>
    <nd ref="7618560183"/>
    <nd ref="7618560182"/>
    <nd ref="7618560181"/>
    <nd ref="7618560180"/>
    <nd ref="7618560209"/>
    <tag k="highway" v="footway"/>
  </way>
  <way id="815743482">
    <nd ref="7618560348"/>
    <nd ref="7618560347"/>
    <nd ref="7618560346"/>
    <nd ref="7618560345"/>
    <nd ref="7618560344"/>
    <nd ref="7618560343"/>
    <nd ref="7618560342"/>
    <nd ref="7618560341"/>
    <nd ref="7618560340"/>
    <nd ref="7618560339"/>
    <nd ref="7618560338"/>
    <nd ref="7618560337"/>
    <nd ref="7618560336"/>
    <nd ref="7618560335"/>
    <nd ref="7618560334"/>
    <nd ref="7618560333"/>
    <nd ref="7618560332"/>
    <nd ref="7618560331"/>
    <nd ref="7618560330"/>
    <nd ref="7618560329"/>
    <nd ref="7618560328"/>
    <nd ref="7618560327"/>
    <nd ref="7618560326"/>
    <nd ref="7618560325"/>
    <nd ref="7618560324"/>
    <nd ref="7618560323"/>
    <nd ref="7618560322"/>
    <nd ref="7618560321"/>
    <nd ref="7618560320"/>
    <nd ref="7618560319"/>
    <nd ref="7618560318"/>
    <nd ref="7618560317"/>
    <nd ref="7618560316"/>
    <nd ref="7618560315"/>
    <nd ref="7618560314"/>
    <nd ref="7618560313"/>
    <nd ref="7618560312"/>
    <nd ref="7618560311"/>
    <nd ref="7618560310"/>
    <nd ref="7618560309"/>
    <nd ref="7618560304"/>
    <nd ref="7618560305"/>
    <nd ref="7618560303"/>
    <nd ref="7618560302"/>
    <nd ref="7618560301"/>
    <nd ref="7618560300"/>
    <nd ref="7618560299"/>
    <nd ref="7618560298"/>
    <nd ref="7618560297"/>
    <nd ref="7618560296"/>
    <nd ref="7618560295"/>
    <nd ref="7618560294"/>
    <nd ref="7618560293"/>
    <nd ref="7618560292"/>
    <nd ref="7618560291"/>
    <nd ref="7618560290"/>
    <nd ref="7618560289"/>
    <nd ref="7618560288"/>
    <nd ref="7618560287"/>
    <nd ref="7618560286"/>
    <nd ref="7618560285"/>
    <nd ref="7618560284"/>
    <nd ref="7618560283"/>
    <nd ref="7618560282"/>
    <nd ref="7618560281"/>
    <nd ref="7618560280"/>
    <nd ref="7618560279"/>
    <nd ref="7618560278"/>
    <nd ref="7618560277"/>
    <nd ref="7618560276"/>
    <nd ref="7618560275"/>
    <nd ref="7618560274"/>
    <nd ref="7618560273"/>
    <nd ref="7618560272"/>
    <nd ref="7618560271"/>
    <nd ref="7618560270"/>
    <nd ref="7618560269"/>
    <nd ref="7618560268"/>
    <nd ref="7618560267"/>
    <nd ref="7618560266"/>
    <nd ref="7618560265"/>
    <nd ref="7618560264"/>
    <nd ref="7618560263"/>
    <nd ref="7618560262"/>
    <nd ref="7618560261"/>
    <nd ref="7618560260"/>
    <nd ref="7618560259"/>
    <nd ref="7618560258"/>
    <nd ref="7618560257"/>
    <nd ref="7618560256"/>
    <nd ref="7618560255"/>
    <nd ref="7618560254"/>
    <nd ref="7618560253"/>
    <nd ref="7618560252"/>
    <nd ref="7618560251"/>
    <nd ref="7618560250"/>
    <nd ref="7618560249"/>
    <nd ref="7618560248"/>
    <nd ref="7618560247"/>
    <nd ref="7618560246"/>
    <nd ref="7618560245"/>
    <nd ref="7618560244"/>
    <nd ref="7618560243"/>
    <nd ref="7618560242"/>
    <nd ref="7618560241"/>
    <tag k="highway" v="footway"/>
  </way>
  <way id="823882476">
    <nd ref="7692194360"/>
    <nd ref="4587671850"/>
    <nd ref="164663318"/>
    <nd ref="164663320"/>
    <nd ref="164663323"/>
    <tag k="cycleway:left" v="lane"/>
    <tag k="cycleway:right" v="shared_lane"/>
    <tag k="highway" v="tertiary"/>
    <tag k="name" v="Stilz Avenue"/>
    <tag k="tiger:cfcc" v="A41"/>
    <tag k="tiger:county" v="Jefferson, KY"/>
    <tag k="tiger:name_base" v="Stilz"/>
    <tag k="tiger:name_type" v="Ave"/>
    <tag k="tiger:reviewed" v="no"/>
    <tag k="tiger:zip_left" v="40206"/>
    <tag k="tiger:zip_right" v="40206"/>
  </way>
  <way id="827408855">
    <nd ref="13088497952"/>
    <nd ref="8236229802"/>
    <nd ref="164852398"/>
    <nd ref="164852400"/>
    <tag k="highway" v="primary"/>
    <tag k="lanes" v="5"/>
    <tag k="lanes:backward" v="2"/>
    <tag k="lanes:forward" v="3"/>
    <tag k="maxspeed" v="35 mph"/>
    <tag k="maxspeed:conditional" v="25 mph @ when_flashing"/>
    <tag k="name" v="Brownsboro Road"/>
    <tag k="ref" v="US 42"/>
    <tag k="source:maxspeed" v="sign"/>
    <tag k="tiger:cfcc" v="A21"/>
    <tag k="tiger:county" v="Jefferson, KY"/>
    <tag k="tiger:name_base" v="United States Highway 42"/>
    <tag k="tiger:zip_left" v="40059"/>
    <tag k="tiger:zip_right" v="40059"/>
    <tag k="turn:lanes:forward" v="left|through|right"/>
  </way>
  <way id="827408856">
    <nd ref="164852405"/>
    <nd ref="7029820251"/>
    <nd ref="164852412"/>
    <tag k="highway" v="primary"/>
    <tag k="lanes" v="5"/>
    <tag k="lanes:backward" v="3"/>
    <tag k="lanes:forward" v="2"/>
    <tag k="maxspeed" v="35 mph"/>
    <tag k="maxspeed:conditional" v="25 mph @ when_flashing"/>
    <tag k="name" v="Brownsboro Road"/>
    <tag k="ref" v="US 42"/>
    <tag k="source:maxspeed" v="sign"/>
    <tag k="tiger:cfcc" v="A21"/>
    <tag k="tiger:county" v="Jefferson, KY"/>
    <tag k="tiger:name_base" v="United States Highway 42"/>
    <tag k="tiger:zip_left" v="40059"/>
    <tag k="tiger:zip_right" v="40059"/>
    <tag k="turn:lanes:backward" v="left|none|none"/>
  </way>
  <way id="827408857">
    <nd ref="164852412"/>
    <nd ref="3470675928"/>
    <nd ref="164852414"/>
    <tag k="highway" v="primary"/>
    <tag k="lanes" v="5"/>
    <tag k="lanes:backward" v="2"/>
    <tag k="lanes:both_ways" v="1"/>
    <tag k="lanes:forward" v="2"/>
    <tag k="maxspeed" v="35 mph"/>
    <tag k="maxspeed:conditional" v="25 mph @ when_flashing"/>
    <tag k="name" v="Brownsboro Road"/>
    <tag k="ref" v="US 42"/>
    <tag k="source:maxspeed" v="sign"/>
    <tag k="tiger:cfcc" v="A21"/>
    <tag k="tiger:county" v="Jefferson, KY"/>
    <tag k="tiger:name_base" v="United States Highway 42"/>
    <tag k="tiger:zip_left" v="40059"/>
    <tag k="tiger:zip_right" v="40059"/>
  </way>
  <way id="827408858">
    <nd ref="7724725829"/>
    <nd ref="164852416"/>
    <nd ref="164852419"/>
    <nd ref="164852422"/>
    <tag k="highway" v="primary"/>
    <tag k="lanes" v="5"/>
    <tag k="lanes:backward" v="2"/>
    <tag k="lanes:forward" v="3"/>
    <tag k="maxspeed" v="35 mph"/>
    <tag k="name" v="Brownsboro Road"/>
    <tag k="ref" v="US 42"/>
    <tag k="source:maxspeed" v="sign"/>
    <tag k="tiger:cfcc" v="A21"/>
    <tag k="tiger:county" v="Jefferson, KY"/>
    <tag k="tiger:name_base" v="United States Highway 42"/>
    <tag k="tiger:zip_left" v="40059"/>
    <tag k="tiger:zip_right" v="40059"/>
    <tag k="turn:lanes:forward" v="left|none|none"/>
  </way>
  <way id="827408859">
    <nd ref="7724725830"/>
    <nd ref="5170905564"/>
    <tag k="highway" v="primary"/>
    <tag k="lanes" v="4"/>
    <tag k="maxspeed" v="35 mph"/>
    <tag k="name" v="Brownsboro Road"/>
    <tag k="ref" v="US 42"/>
    <tag k="source:maxspeed" v="sign"/>
    <tag k="tiger:cfcc" v="A21"/>
    <tag k="tiger:county" v="Jefferson, KY"/>
    <tag k="tiger:name_base" v="United States Highway 42"/>
    <tag k="tiger:zip_left" v="40059"/>
    <tag k="tiger:zip_right" v="40059"/>
  </way>
  <way id="827408861">
    <nd ref="3470675900"/>
    <nd ref="7724725848"/>
    <nd ref="7724725847"/>
    <nd ref="7724725846"/>
    <nd ref="7724725845"/>
    <nd ref="7724725858"/>
    <tag k="highway" v="service"/>
  </way>
  <way id="827408862">
    <nd ref="7724725850"/>
    <nd ref="7724725849"/>
    <tag k="highway" v="service"/>
    <tag k="service" v="parking_aisle"/>
  </way>
  <way id="827408863">
    <nd ref="7724725852"/>
    <nd ref="7724725851"/>
    <tag k="highway" v="service"/>
    <tag k="service" v="parking_aisle"/>
  </way>
  <way id="827408864">
    <nd ref="7724725854"/>
    <nd ref="7724725853"/>
    <tag k="highway" v="service"/>
    <tag k="service" v="parking_aisle"/>
  </way>
  <way id="827408865">
    <nd ref="3470675918"/>
    <nd ref="7724725851"/>
    <nd ref="7724725853"/>
    <nd ref="7724725849"/>
    <nd ref="7724725861"/>
    <nd ref="7724725860"/>
    <nd ref="9221398832"/>
    <nd ref="7724725858"/>
    <nd ref="7724725857"/>
    <nd ref="7724725850"/>
    <nd ref="7724725856"/>
    <nd ref="7724725854"/>
    <nd ref="7724725852"/>
    <nd ref="7724725855"/>
    <nd ref="3470675918"/>
    <tag k="highway" v="service"/>
  </way>
  <way id="827554895">
    <nd ref="7725953351"/>
    <nd ref="13088497951"/>
    <nd ref="3470675934"/>
    <nd ref="8236229794"/>
    <nd ref="164852396"/>
    <tag k="highway" v="primary"/>
    <tag k="lanes" v="4"/>
    <tag k="lanes:backward" v="2"/>
    <tag k="lanes:forward" v="2"/>
    <tag k="maxspeed" v="35 mph"/>
    <tag k="maxspeed:conditional" v="25 mph @ when_flashing"/>
    <tag k="name" v="Brownsboro Road"/>
    <tag k="ref" v="US 42"/>
    <tag k="source:maxspeed" v="sign"/>
    <tag k="tiger:cfcc" v="A21"/>
    <tag k="tiger:county" v="Jefferson, KY"/>
    <tag k="tiger:name_base" v="United States Highway 42"/>
    <tag k="tiger:zip_left" v="40059"/>
    <tag k="tiger:zip_right" v="40059"/>
    <tag k="turn:lanes:forward" v="left|none"/>
  </way>
  <way id="827554896">
    <nd ref="164852414"/>
    <nd ref="7724725829"/>
    <tag k="highway" v="primary"/>
    <tag k="lanes" v="5"/>
    <tag k="lanes:backward" v="2"/>
    <tag k="lanes:both_ways" v="1"/>
    <tag k="lanes:forward" v="2"/>
    <tag k="maxspeed" v="35 mph"/>
    <tag k="name" v="Brownsboro Road"/>
    <tag k="ref" v="US 42"/>
    <tag k="source:maxspeed" v="sign"/>
    <tag k="tiger:cfcc" v="A21"/>
    <tag k="tiger:county" v="Jefferson, KY"/>
    <tag k="tiger:name_base" v="United States Highway 42"/>
    <tag k="tiger:zip_left" v="40059"/>
    <tag k="tiger:zip_right" v="40059"/>
  </way>
  <way id="874623871">
    <nd ref="8141829982"/>
    <nd ref="8141829983"/>
    <nd ref="8141829984"/>
    <nd ref="8141829992"/>
    <nd ref="8141829985"/>
    <nd ref="8141829986"/>
    <nd ref="8141829987"/>
    <nd ref="8141829988"/>
    <tag k="highway" v="service"/>
    <tag k="service" v="driveway"/>
  </way>
  <way id="874623872">
    <nd ref="8141829986"/>
    <nd ref="8141829989"/>
    <nd ref="8141829990"/>
    <nd ref="8141829991"/>
    <nd ref="8141829992"/>
    <tag k="highway" v="service"/>
    <tag k="service" v="driveway"/>
  </way>
  <way id="874623873">
    <nd ref="8141829990"/>
    <nd ref="8141829993"/>
    <nd ref="8141829994"/>
    <nd ref="8141829995"/>
    <nd ref="8141829996"/>
    <nd ref="8141829997"/>
    <tag k="highway" v="service"/>
    <tag k="service" v="driveway"/>
  </way>
  <way id="876122380">
    <nd ref="164852419"/>
    <nd ref="8154356099"/>
    <tag k="highway" v="service"/>
  </way>
  <way id="876198759">
    <nd ref="8155011985"/>
    <nd ref="8155011986"/>
    <nd ref="8155011987"/>
    <nd ref="8155011988"/>
    <nd ref="8155011989"/>
    <nd ref="8155011990"/>
    <nd ref="8155011991"/>
    <nd ref="8155011992"/>
    <nd ref="8155011993"/>
    <nd ref="8155011994"/>
    <nd ref="8155011995"/>
    <tag k="highway" v="service"/>
  </way>
  <way id="877466817">
    <nd ref="164708386"/>
    <nd ref="8164050654"/>
    <nd ref="8164050655"/>
    <nd ref="8164050656"/>
    <nd ref="8164050657"/>
    <nd ref="8164050658"/>
    <nd ref="8164050659"/>
    <tag k="highway" v="service"/>
  </way>
  <way id="877466818">
    <nd ref="3469682347"/>
    <nd ref="8164050660"/>
    <nd ref="8164050661"/>
    <nd ref="8164050662"/>
    <nd ref="8164050663"/>
    <tag k="highway" v="service"/>
    <tag k="service" v="driveway"/>
  </way>
  <way id="885734500">
    <nd ref="7488665033"/>
    <nd ref="8236196106"/>
    <nd ref="8236196107"/>
    <nd ref="8236196108"/>
    <nd ref="8236196109"/>
    <nd ref="8236196110"/>
    <nd ref="8236196111"/>
    <nd ref="8236196112"/>
    <nd ref="7238096173"/>
    <tag k="highway" v="service"/>
    <tag k="service" v="alley"/>
  </way>
  <way id="885738305">
    <nd ref="8236229786"/>
    <nd ref="8236229787"/>
    <nd ref="8236229788"/>
    <nd ref="8236229789"/>
    <nd ref="8236229790"/>
    <nd ref="8236229791"/>
    <nd ref="8236229792"/>
    <nd ref="8236229793"/>
    <tag k="highway" v="service"/>
  </way>
  <way id="885738306">
    <nd ref="8236229794"/>
    <nd ref="8236229795"/>
    <nd ref="8236229796"/>
    <nd ref="8236229797"/>
    <nd ref="8236229798"/>
    <nd ref="8236229799"/>
    <nd ref="8236229800"/>
    <nd ref="8236229801"/>
    <nd ref="8236229802"/>
    <tag k="highway" v="service"/>
  </way>
  <way id="885738307">
    <nd ref="8236229803"/>
    <nd ref="8236229804"/>
    <nd ref="8236229805"/>
    <nd ref="8236229806"/>
    <nd ref="8236229807"/>
    <nd ref="8236229808"/>
    <tag k="highway" v="service"/>
  </way>
  <way id="885738308">
    <nd ref="8236229809"/>
    <nd ref="12352355554"/>
    <nd ref="8236229810"/>
    <nd ref="8236252146"/>
    <nd ref="8236229811"/>
    <nd ref="8236229812"/>
    <nd ref="8236229813"/>
    <nd ref="8236229814"/>
    <tag k="highway" v="service"/>
  </way>
  <way id="885738309">
    <nd ref="8236252136"/>
    <nd ref="8236252118"/>
    <nd ref="8236252117"/>
    <nd ref="8236229816"/>
    <nd ref="8236229815"/>
    <nd ref="8236229814"/>
    <tag k="highway" v="service"/>
    <tag k="oneway" v="yes"/>
  </way>
  <way id="885738312">
    <nd ref="8236252132"/>
    <nd ref="8236252133"/>
    <nd ref="8236252134"/>
    <nd ref="8236252135"/>
    <tag k="highway" v="service"/>
  </way>
  <way id="885738313">
    <nd ref="8236252132"/>
    <nd ref="8236252131"/>
    <nd ref="8236252130"/>
    <nd ref="8236252129"/>
    <nd ref="8236252128"/>
    <tag k="highway" v="service"/>
    <tag k="oneway" v="yes"/>
  </way>
  <way id="885738314">
    <nd ref="8236252133"/>
    <nd ref="8236252138"/>
    <nd ref="8236252139"/>
    <nd ref="8236252140"/>
    <nd ref="8236252141"/>
    <nd ref="8236252142"/>
    <nd ref="8236252143"/>
    <nd ref="8236252144"/>
    <nd ref="8236252145"/>
    <nd ref="8236252146"/>
    <tag k="highway" v="service"/>
  </way>
  <way id="885738316">
    <nd ref="165012744"/>
    <nd ref="8236252152"/>
    <nd ref="8236252153"/>
    <tag k="highway" v="service"/>
  </way>
  <way id="885747171">
    <nd ref="8236321878"/>
    <nd ref="8236321879"/>
    <nd ref="8236321880"/>
    <nd ref="8236321881"/>
    <nd ref="8155011993"/>
    <tag k="highway" v="service"/>
    <tag k="service" v="driveway"/>
  </way>
  <way id="885747449">
    <nd ref="8236323432"/>
    <nd ref="8236323433"/>
    <nd ref="8236323434"/>
    <nd ref="8236323435"/>
    <nd ref="8236323436"/>
    <nd ref="8236323437"/>
    <nd ref="8236323438"/>
    <nd ref="8236323439"/>
    <nd ref="8236323440"/>
    <tag k="highway" v="service"/>
    <tag k="service" v="driveway"/>
  </way>
  <way id="942448275">
    <nd ref="3470675709"/>
    <nd ref="8727109215"/>
    <nd ref="8727109216"/>
    <nd ref="8727148917"/>
    <nd ref="8727148918"/>
    <nd ref="8727148919"/>
    <nd ref="8727148920"/>
    <nd ref="8727148921"/>
    <tag k="highway" v="service"/>
    <tag k="service" v="driveway"/>
  </way>
  <way id="942448276">
    <nd ref="8727148922"/>
    <nd ref="8727148923"/>
    <nd ref="8727148924"/>
    <nd ref="8727148925"/>
    <nd ref="8727148926"/>
    <nd ref="8727148927"/>
    <tag k="highway" v="service"/>
    <tag k="service" v="driveway"/>
  </way>
  <way id="942775619">
    <nd ref="8730226243"/>
    <nd ref="8730226244"/>
    <nd ref="8730226245"/>
    <nd ref="8730226246"/>
    <nd ref="8730226247"/>
    <nd ref="8730226248"/>
    <nd ref="8730226249"/>
    <nd ref="8730226250"/>
    <nd ref="8730226251"/>
    <tag k="highway" v="service"/>
    <tag k="service" v="driveway"/>
  </way>
  <way id="974283138">
    <nd ref="9016627021"/>
    <nd ref="9016627022"/>
    <nd ref="9016627023"/>
    <nd ref="9016627024"/>
    <nd ref="9016627025"/>
    <nd ref="9016627026"/>
    <tag k="highway" v="service"/>
    <tag k="service" v="driveway"/>
  </way>
  <way id="984715238">
    <nd ref="9103887966"/>
    <nd ref="9106003217"/>
    <nd ref="9105959409"/>
    <nd ref="9105959408"/>
    <nd ref="9103887967"/>
    <nd ref="9103887968"/>
    <nd ref="9103887969"/>
    <nd ref="9103887970"/>
    <nd ref="9105959411"/>
    <nd ref="9105959410"/>
    <nd ref="9103887971"/>
    <nd ref="9103887972"/>
    <nd ref="9103887973"/>
    <nd ref="9103887974"/>
    <nd ref="9105959412"/>
    <nd ref="9103887975"/>
    <nd ref="9103887976"/>
    <nd ref="9103887977"/>
    <nd ref="9103887978"/>
    <nd ref="9103887979"/>
    <nd ref="9105959413"/>
    <nd ref="9103887980"/>
    <nd ref="9105959415"/>
    <nd ref="9105959414"/>
    <nd ref="9103887981"/>
    <nd ref="9103887982"/>
    <nd ref="9103887983"/>
    <nd ref="9105959416"/>
    <nd ref="9103887984"/>
    <nd ref="9103887985"/>
    <nd ref="9103887986"/>
    <nd ref="9103887966"/>
    <tag k="golf" v="tee"/>
    <tag k="landuse" v="grass"/>
    <tag k="ref" v="1"/>
  </way>
  <way id="984715239">
    <nd ref="9103887987"/>
    <nd ref="9103887988"/>
    <nd ref="9103887989"/>
    <nd ref="9106003218"/>
    <nd ref="9103887990"/>
    <nd ref="9103887991"/>
    <nd ref="9103887992"/>
    <nd ref="9106003220"/>
    <nd ref="9103887993"/>
    <nd ref="9103887994"/>
    <nd ref="9106003222"/>
    <nd ref="9103887995"/>
    <nd ref="9106003219"/>
    <nd ref="9106003221"/>
    <nd ref="9103887996"/>
    <nd ref="9103887997"/>
    <nd ref="9103887998"/>
    <nd ref="9103887999"/>
    <nd ref="9103887987"/>
    <tag k="golf" v="tee"/>
    <tag k="landuse" v="grass"/>
  </way>
  <way id="984715240">
    <nd ref="9103888000"/>
    <nd ref="9106003226"/>
    <nd ref="9106003225"/>
    <nd ref="9106003224"/>
    <nd ref="9103888001"/>
    <nd ref="9103888002"/>
    <nd ref="9106003223"/>
    <nd ref="9103888003"/>
    <nd ref="9103888004"/>
    <nd ref="9103888005"/>
    <nd ref="9103888006"/>
    <nd ref="9103888007"/>
    <nd ref="9103888008"/>
    <nd ref="9106003239"/>
    <nd ref="9103888009"/>
    <nd ref="9106003240"/>
    <nd ref="9103900530"/>
    <nd ref="9103900529"/>
    <nd ref="9103888010"/>
    <nd ref="9103888011"/>
    <nd ref="9103900523"/>
    <nd ref="9106003232"/>
    <nd ref="9103888012"/>
    <nd ref="9103888013"/>
    <nd ref="9103888014"/>
    <nd ref="9103888015"/>
    <nd ref="9106003231"/>
    <nd ref="9106003230"/>
    <nd ref="9103888016"/>
    <nd ref="9103900517"/>
    <nd ref="9106003229"/>
    <nd ref="9106003228"/>
    <nd ref="9103900518"/>
    <nd ref="9103900519"/>
    <nd ref="9106003227"/>
    <nd ref="9103888000"/>
    <tag k="golf" v="fairway"/>
    <tag k="landuse" v="grass"/>
  </way>
  <way id="984715241">
    <nd ref="9103900520"/>
    <nd ref="9106003234"/>
    <nd ref="9103900521"/>
    <nd ref="9106003233"/>
    <nd ref="9103900522"/>
    <nd ref="9103900523"/>
    <nd ref="9103888011"/>
    <nd ref="9103888010"/>
    <nd ref="9103900529"/>
    <nd ref="9103900530"/>
    <nd ref="9103900531"/>
    <nd ref="9106003238"/>
    <nd ref="9103900532"/>
    <nd ref="9103900533"/>
    <nd ref="9103900534"/>
    <nd ref="9103900535"/>
    <nd ref="9103900536"/>
    <nd ref="9103900537"/>
    <nd ref="9103900538"/>
    <nd ref="9103900539"/>
    <nd ref="9103900540"/>
    <nd ref="9103900541"/>
    <nd ref="9103900542"/>
    <nd ref="9106003235"/>
    <nd ref="9103900543"/>
    <nd ref="9103900544"/>
    <nd ref="9103900545"/>
    <nd ref="9103900546"/>
    <nd ref="9103900520"/>
    <tag k="golf" v="green"/>
    <tag k="landuse" v="grass"/>
    <tag k="ref" v="1"/>
  </way>
  <way id="984715242">
    <nd ref="9103900547"/>
    <nd ref="9103900548"/>
    <nd ref="9103900549"/>
    <nd ref="9103900550"/>
    <nd ref="9103900551"/>
    <nd ref="9106003348"/>
    <nd ref="9103900561"/>
    <nd ref="9106003349"/>
    <nd ref="9103900552"/>
    <nd ref="9103900562"/>
    <nd ref="9103900553"/>
    <nd ref="9103900554"/>
    <nd ref="9106003345"/>
    <nd ref="9106003346"/>
    <nd ref="9106003342"/>
    <nd ref="9103900555"/>
    <nd ref="9103900556"/>
    <nd ref="9103900557"/>
    <nd ref="9106003341"/>
    <nd ref="9106003343"/>
    <nd ref="9106003344"/>
    <nd ref="9103900558"/>
    <nd ref="9103900559"/>
    <nd ref="9103900560"/>
    <nd ref="9106003347"/>
    <nd ref="9103900547"/>
    <tag k="golf" v="tee"/>
    <tag k="landuse" v="grass"/>
    <tag k="ref" v="2"/>
  </way>
  <way id="984715243">
    <nd ref="9103900563"/>
    <nd ref="9106003354"/>
    <nd ref="9103900564"/>
    <nd ref="9103900565"/>
    <nd ref="9103900566"/>
    <nd ref="9103900567"/>
    <nd ref="9103900568"/>
    <nd ref="9103900569"/>
    <nd ref="9106003353"/>
    <nd ref="9103900570"/>
    <nd ref="9103900571"/>
    <nd ref="9103900572"/>
    <nd ref="9103900573"/>
    <nd ref="9103900574"/>
    <nd ref="9103900575"/>
    <nd ref="9103900576"/>
    <nd ref="9103900577"/>
    <nd ref="9103900578"/>
    <nd ref="9106003352"/>
    <nd ref="9103900579"/>
    <nd ref="9103900580"/>
    <nd ref="9103900581"/>
    <nd ref="9103900582"/>
    <nd ref="9103900583"/>
    <nd ref="9103900584"/>
    <nd ref="9103900585"/>
    <nd ref="9103900586"/>
    <nd ref="9106003350"/>
    <nd ref="9103900587"/>
    <nd ref="9106003351"/>
    <nd ref="9103900588"/>
    <nd ref="9103900589"/>
    <nd ref="9103900590"/>
    <nd ref="9103900591"/>
    <nd ref="9103900592"/>
    <nd ref="9103900593"/>
    <nd ref="9103900563"/>
    <tag k="golf" v="tee"/>
    <tag k="landuse" v="grass"/>
    <tag k="ref" v="2"/>
  </way>
  <way id="984715244">
    <nd ref="9103900594"/>
    <nd ref="9103900595"/>
    <nd ref="9106003355"/>
    <nd ref="9103900596"/>
    <nd ref="9106003356"/>
    <nd ref="9103900597"/>
    <nd ref="9103900598"/>
    <nd ref="9103900599"/>
    <nd ref="9103900600"/>
    <nd ref="9103900601"/>
    <nd ref="9103900602"/>
    <nd ref="9103900603"/>
    <nd ref="9103900604"/>
    <nd ref="9103900605"/>
    <nd ref="9103900606"/>
    <nd ref="9103900607"/>
    <nd ref="9103900608"/>
    <nd ref="9103900609"/>
    <nd ref="9103900610"/>
    <nd ref="9103900611"/>
    <nd ref="9106003359"/>
    <nd ref="9103900612"/>
    <nd ref="9103900613"/>
    <nd ref="9103900614"/>
    <nd ref="9103900615"/>
    <nd ref="9106003357"/>
    <nd ref="9103900616"/>
    <nd ref="9106003358"/>
    <nd ref="9103900594"/>
    <tag k="golf" v="tee"/>
    <tag k="landuse" v="grass"/>
    <tag k="ref" v="2"/>
  </way>
  <way id="984715245">
    <nd ref="9103900617"/>
    <nd ref="9103900618"/>
    <nd ref="9103900619"/>
    <nd ref="9103900620"/>
    <nd ref="9103900621"/>
    <nd ref="9103900622"/>
    <nd ref="9103900623"/>
    <nd ref="9103900624"/>
    <nd ref="9103900625"/>
    <nd ref="9103900626"/>
    <nd ref="9103900627"/>
    <nd ref="9103900628"/>
    <nd ref="9103900629"/>
    <nd ref="9103900630"/>
    <nd ref="9103900631"/>
    <nd ref="9103900632"/>
    <nd ref="9103900633"/>
    <nd ref="9103900634"/>
    <nd ref="9103900635"/>
    <nd ref="9103900636"/>
    <nd ref="9103900637"/>
    <nd ref="9103900638"/>
    <nd ref="9103900639"/>
    <nd ref="9103900640"/>
    <nd ref="9103900641"/>
    <nd ref="9103900642"/>
    <nd ref="9103900643"/>
    <nd ref="9106003369"/>
    <nd ref="9103900644"/>
    <nd ref="9106003368"/>
    <nd ref="9103900698"/>
    <nd ref="9103900645"/>
    <nd ref="9103900696"/>
    <nd ref="9103900695"/>
    <nd ref="11729772784"/>
    <nd ref="9103900647"/>
    <nd ref="9106003366"/>
    <nd ref="9106003365"/>
    <nd ref="9103900649"/>
    <nd ref="9103900650"/>
    <nd ref="9103900651"/>
    <nd ref="9103900652"/>
    <nd ref="9103900653"/>
    <nd ref="9103900654"/>
    <nd ref="9103900655"/>
    <nd ref="9103900656"/>
    <nd ref="9103900657"/>
    <nd ref="9103900658"/>
    <nd ref="9103900659"/>
    <nd ref="9103900660"/>
    <nd ref="9103900661"/>
    <nd ref="9103900662"/>
    <nd ref="9103900663"/>
    <nd ref="9103900664"/>
    <nd ref="9103900665"/>
    <nd ref="9103900666"/>
    <nd ref="9103900667"/>
    <nd ref="9103900668"/>
    <nd ref="9106003360"/>
    <nd ref="9103900669"/>
    <nd ref="9103900670"/>
    <nd ref="9103900671"/>
    <nd ref="9103900672"/>
    <nd ref="9103900673"/>
    <nd ref="9103900674"/>
    <nd ref="9103900675"/>
    <nd ref="9103900676"/>
    <nd ref="9106003361"/>
    <nd ref="9103900677"/>
    <nd ref="9106003362"/>
    <nd ref="9106003363"/>
    <nd ref="9103900678"/>
    <nd ref="9103900617"/>
    <tag k="golf" v="fairway"/>
    <tag k="landuse" v="grass"/>
  </way>
  <way id="984715246">
    <nd ref="9103900679"/>
    <nd ref="9103900680"/>
    <nd ref="9103900681"/>
    <nd ref="9103900682"/>
    <nd ref="9103900683"/>
    <nd ref="9103900684"/>
    <nd ref="9103900685"/>
    <nd ref="9103900686"/>
    <nd ref="9103900687"/>
    <nd ref="9103900688"/>
    <nd ref="9103900689"/>
    <nd ref="9103900690"/>
    <nd ref="9103900691"/>
    <nd ref="9103900692"/>
    <nd ref="9103900693"/>
    <nd ref="9103900694"/>
    <nd ref="9103900695"/>
    <nd ref="9103900696"/>
    <nd ref="9103900645"/>
    <nd ref="9103900698"/>
    <nd ref="9103900699"/>
    <nd ref="9103900700"/>
    <nd ref="9103900701"/>
    <nd ref="9103900702"/>
    <nd ref="9103900703"/>
    <nd ref="9106003364"/>
    <nd ref="9103900704"/>
    <nd ref="9103900705"/>
    <nd ref="9103900706"/>
    <nd ref="9103900707"/>
    <nd ref="9103900708"/>
    <nd ref="9103900709"/>
    <nd ref="9103900710"/>
    <nd ref="9103900711"/>
    <nd ref="9103900712"/>
    <nd ref="9103900713"/>
    <nd ref="9103900714"/>
    <nd ref="9103900715"/>
    <nd ref="9103900716"/>
    <nd ref="9103900717"/>
    <nd ref="9103900718"/>
    <nd ref="9103900719"/>
    <nd ref="9103900720"/>
    <nd ref="9103900679"/>
    <tag k="golf" v="green"/>
    <tag k="landuse" v="grass"/>
    <tag k="ref" v="2"/>
  </way>
  <way id="984715248">
    <nd ref="11729772783"/>
    <nd ref="9106003371"/>
    <nd ref="9103900818"/>
    <nd ref="9103900819"/>
    <nd ref="9103900820"/>
    <nd ref="9106003370"/>
    <nd ref="9103900821"/>
    <nd ref="9103900822"/>
    <nd ref="9103900823"/>
    <nd ref="9103900824"/>
    <nd ref="9103900825"/>
    <nd ref="9103900826"/>
    <nd ref="9103900827"/>
    <nd ref="9103900828"/>
    <nd ref="9103900829"/>
    <nd ref="9103900830"/>
    <nd ref="9103900831"/>
    <nd ref="9103900832"/>
    <nd ref="9103900833"/>
    <nd ref="9103900834"/>
    <nd ref="9103900835"/>
    <nd ref="9103900836"/>
    <nd ref="9103900837"/>
    <nd ref="9103900838"/>
    <nd ref="9103900839"/>
    <nd ref="9103900840"/>
    <nd ref="9103900841"/>
    <nd ref="9103900842"/>
    <nd ref="9103900843"/>
    <nd ref="9103900844"/>
    <nd ref="9103900845"/>
    <nd ref="9103900846"/>
    <nd ref="11729772783"/>
    <tag k="golf" v="tee"/>
    <tag k="landuse" v="grass"/>
  </way>
  <way id="984715249">
    <nd ref="9103900847"/>
    <nd ref="9106003374"/>
    <nd ref="9103900848"/>
    <nd ref="9103900849"/>
    <nd ref="9106003372"/>
    <nd ref="9103900850"/>
    <nd ref="9103900851"/>
    <nd ref="9103900852"/>
    <nd ref="9103900853"/>
    <nd ref="9103900854"/>
    <nd ref="9103900855"/>
    <nd ref="9103900856"/>
    <nd ref="9106003375"/>
    <nd ref="9103900857"/>
    <nd ref="9103900858"/>
    <nd ref="9103900889"/>
    <nd ref="9103900859"/>
    <nd ref="9103900860"/>
    <nd ref="9103900861"/>
    <nd ref="9103900885"/>
    <nd ref="9103900862"/>
    <nd ref="9103900887"/>
    <nd ref="9103900886"/>
    <nd ref="9103900863"/>
    <nd ref="9103900864"/>
    <nd ref="9103900865"/>
    <nd ref="9103900866"/>
    <nd ref="9103900867"/>
    <nd ref="9103900868"/>
    <nd ref="9103900888"/>
    <nd ref="9103900869"/>
    <nd ref="9103900870"/>
    <nd ref="9103900871"/>
    <nd ref="9103900872"/>
    <nd ref="9103900873"/>
    <nd ref="9103900874"/>
    <nd ref="9103900875"/>
    <nd ref="9103900876"/>
    <nd ref="9103900877"/>
    <nd ref="9103900890"/>
    <nd ref="9103900878"/>
    <nd ref="9103900879"/>
    <nd ref="9103900880"/>
    <nd ref="9103900881"/>
    <nd ref="9103900882"/>
    <nd ref="9103900883"/>
    <nd ref="9103900884"/>
    <nd ref="9106003373"/>
    <nd ref="9103900847"/>
    <tag k="golf" v="fairway"/>
    <tag k="landuse" v="grass"/>
  </way>
  <way id="984715250">
    <nd ref="9103900891"/>
    <nd ref="9103900892"/>
    <nd ref="9103900893"/>
    <nd ref="9106003381"/>
    <nd ref="9103900894"/>
    <nd ref="9103900895"/>
    <nd ref="9103900896"/>
    <nd ref="9103900897"/>
    <nd ref="9103900898"/>
    <nd ref="9106003380"/>
    <nd ref="9103900899"/>
    <nd ref="9103900900"/>
    <nd ref="9103900901"/>
    <nd ref="9103900902"/>
    <nd ref="9103900903"/>
    <nd ref="9103900904"/>
    <nd ref="9103900891"/>
    <tag k="golf" v="tee"/>
    <tag k="landuse" v="grass"/>
    <tag k="ref" v="4"/>
  </way>
  <way id="984715251">
    <nd ref="9103900905"/>
    <nd ref="9103900906"/>
    <nd ref="9103900907"/>
    <nd ref="9106003384"/>
    <nd ref="9103900908"/>
    <nd ref="9106003383"/>
    <nd ref="9103900909"/>
    <nd ref="9106003385"/>
    <nd ref="9103900910"/>
    <nd ref="9103900911"/>
    <nd ref="9103900912"/>
    <nd ref="9103900913"/>
    <nd ref="9103900914"/>
    <nd ref="9106003382"/>
    <nd ref="9103900915"/>
    <nd ref="9103900916"/>
    <nd ref="9103900917"/>
    <nd ref="9103900905"/>
    <tag k="golf" v="tee"/>
    <tag k="landuse" v="grass"/>
    <tag k="ref" v="4"/>
  </way>
  <way id="984715252">
    <nd ref="9103900918"/>
    <nd ref="9106003390"/>
    <nd ref="9103900919"/>
    <nd ref="9106003394"/>
    <nd ref="9103900920"/>
    <nd ref="9103900921"/>
    <nd ref="9103900922"/>
    <nd ref="9103900923"/>
    <nd ref="9103900924"/>
    <nd ref="9106003393"/>
    <nd ref="9103900925"/>
    <nd ref="9106003386"/>
    <nd ref="9106003387"/>
    <nd ref="9103900926"/>
    <nd ref="9106003389"/>
    <nd ref="9106003388"/>
    <nd ref="9103900927"/>
    <nd ref="9103900928"/>
    <nd ref="9103900929"/>
    <nd ref="9103900930"/>
    <nd ref="9106003392"/>
    <nd ref="9103900931"/>
    <nd ref="9106003391"/>
    <nd ref="9103900932"/>
    <nd ref="9103900918"/>
    <tag k="golf" v="tee"/>
    <tag k="landuse" v="grass"/>
    <tag k="ref" v="4"/>
  </way>
  <way id="984715258">
    <nd ref="9103901136"/>
    <nd ref="9103901137"/>
    <nd ref="9103901138"/>
    <nd ref="9103901139"/>
    <nd ref="9103901140"/>
    <nd ref="9103901141"/>
    <nd ref="9106003404"/>
    <nd ref="9103901143"/>
    <nd ref="9106003403"/>
    <nd ref="9103901145"/>
    <nd ref="9103901146"/>
    <nd ref="9103901147"/>
    <nd ref="9106003402"/>
    <nd ref="9103901148"/>
    <nd ref="9103901149"/>
    <nd ref="9103901150"/>
    <nd ref="9103901151"/>
    <nd ref="9103901152"/>
    <nd ref="9103901136"/>
    <tag k="golf" v="tee"/>
    <tag k="landuse" v="grass"/>
    <tag k="ref" v="5"/>
  </way>
  <way id="984715259">
    <nd ref="9103901153"/>
    <nd ref="9103901154"/>
    <nd ref="9103901155"/>
    <nd ref="9103901156"/>
    <nd ref="9103901157"/>
    <nd ref="9103901158"/>
    <nd ref="9103901159"/>
    <nd ref="9103901160"/>
    <nd ref="9103901161"/>
    <nd ref="9103901162"/>
    <nd ref="9103901163"/>
    <nd ref="9103901164"/>
    <nd ref="9103901165"/>
    <nd ref="9103901166"/>
    <nd ref="9103901167"/>
    <nd ref="9103901195"/>
    <nd ref="9103901168"/>
    <nd ref="9103901169"/>
    <nd ref="9103901153"/>
    <tag k="golf" v="tee"/>
    <tag k="landuse" v="grass"/>
    <tag k="ref" v="5"/>
  </way>
  <way id="984715260">
    <nd ref="9103901170"/>
    <nd ref="9103901171"/>
    <nd ref="9103901172"/>
    <nd ref="9103901173"/>
    <nd ref="9103901174"/>
    <nd ref="9103901175"/>
    <nd ref="9103901176"/>
    <nd ref="9103901177"/>
    <nd ref="9103901178"/>
    <nd ref="9103901179"/>
    <nd ref="9103901180"/>
    <nd ref="9103901181"/>
    <nd ref="9103901182"/>
    <nd ref="9103901183"/>
    <nd ref="9103901184"/>
    <nd ref="9103901185"/>
    <nd ref="9103901186"/>
    <nd ref="9103901187"/>
    <nd ref="9103901188"/>
    <nd ref="9103901189"/>
    <nd ref="9103901190"/>
    <nd ref="9103901191"/>
    <nd ref="9103901192"/>
    <nd ref="9103901193"/>
    <nd ref="9103901194"/>
    <nd ref="9103901170"/>
    <tag k="golf" v="tee"/>
    <tag k="landuse" v="grass"/>
    <tag k="ref" v="5"/>
  </way>
  <way id="984715261">
    <nd ref="9103901196"/>
    <nd ref="9103901197"/>
    <nd ref="9103901198"/>
    <nd ref="9103901199"/>
    <nd ref="9103901200"/>
    <nd ref="9103901201"/>
    <nd ref="9103901202"/>
    <nd ref="9103901203"/>
    <nd ref="9103901204"/>
    <nd ref="9103901205"/>
    <nd ref="9103901206"/>
    <nd ref="9103901207"/>
    <nd ref="9106003405"/>
    <nd ref="9103901208"/>
    <nd ref="9103901209"/>
    <nd ref="9103901210"/>
    <nd ref="9103901211"/>
    <nd ref="9103901212"/>
    <nd ref="9103901213"/>
    <nd ref="9103901214"/>
    <nd ref="9103901215"/>
    <nd ref="9103901216"/>
    <nd ref="9103901217"/>
    <nd ref="9103901218"/>
    <nd ref="9106003406"/>
    <nd ref="9103901219"/>
    <nd ref="9103901220"/>
    <nd ref="9103901221"/>
    <nd ref="9103901222"/>
    <nd ref="9103901223"/>
    <nd ref="9103901224"/>
    <nd ref="9103901225"/>
    <nd ref="9103901226"/>
    <nd ref="9103901227"/>
    <nd ref="9103901228"/>
    <nd ref="9103901229"/>
    <nd ref="9103901230"/>
    <nd ref="9103901231"/>
    <nd ref="9103901232"/>
    <nd ref="9103901233"/>
    <nd ref="9103901234"/>
    <nd ref="9103901235"/>
    <nd ref="9103901236"/>
    <nd ref="9103901237"/>
    <nd ref="9103901238"/>
    <nd ref="9103901239"/>
    <nd ref="9103901240"/>
    <nd ref="9103901241"/>
    <nd ref="9103901242"/>
    <nd ref="9103901196"/>
    <tag k="golf" v="fairway"/>
    <tag k="landuse" v="grass"/>
  </way>
  <way id="984715262">
    <nd ref="9103901243"/>
    <nd ref="9103901244"/>
    <nd ref="9103901245"/>
    <nd ref="9103901246"/>
    <nd ref="9106003408"/>
    <nd ref="9103901247"/>
    <nd ref="9103901248"/>
    <nd ref="9103901249"/>
    <nd ref="9103901250"/>
    <nd ref="9103901251"/>
    <nd ref="9103901252"/>
    <nd ref="9103901253"/>
    <nd ref="9103901254"/>
    <nd ref="9103901255"/>
    <nd ref="9103901256"/>
    <nd ref="9103901257"/>
    <nd ref="9103901258"/>
    <nd ref="9103901259"/>
    <nd ref="9103901260"/>
    <nd ref="9103901261"/>
    <nd ref="9103901262"/>
    <nd ref="9103901263"/>
    <nd ref="9103901264"/>
    <nd ref="9106003410"/>
    <nd ref="9103901265"/>
    <nd ref="9106003409"/>
    <nd ref="9103901266"/>
    <nd ref="9103901267"/>
    <nd ref="9103901268"/>
    <nd ref="9103901269"/>
    <nd ref="9103901270"/>
    <nd ref="9103901271"/>
    <nd ref="9103901272"/>
    <nd ref="9103901273"/>
    <nd ref="9103901274"/>
    <nd ref="9103901275"/>
    <nd ref="9103901276"/>
    <nd ref="9103901277"/>
    <nd ref="9103901278"/>
    <nd ref="9106003407"/>
    <nd ref="9103901243"/>
    <tag k="golf" v="fairway"/>
    <tag k="landuse" v="grass"/>
  </way>
  <way id="984715263">
    <nd ref="9103901279"/>
    <nd ref="9106003411"/>
    <nd ref="9103901280"/>
    <nd ref="9103901281"/>
    <nd ref="9103901282"/>
    <nd ref="9103901283"/>
    <nd ref="9103901284"/>
    <nd ref="9103901285"/>
    <nd ref="9103901286"/>
    <nd ref="9106003417"/>
    <nd ref="9103901287"/>
    <nd ref="9106003416"/>
    <nd ref="9103901288"/>
    <nd ref="9103901289"/>
    <nd ref="9106003415"/>
    <nd ref="9103901290"/>
    <nd ref="9106003414"/>
    <nd ref="9103901291"/>
    <nd ref="9103901292"/>
    <nd ref="9106003413"/>
    <nd ref="9103901293"/>
    <nd ref="9106003412"/>
    <nd ref="9103901294"/>
    <nd ref="9103901279"/>
    <tag k="golf" v="green"/>
    <tag k="landuse" v="grass"/>
    <tag k="ref" v="5"/>
  </way>
  <way id="984715264">
    <nd ref="9103901295"/>
    <nd ref="9103901296"/>
    <nd ref="9103901297"/>
    <nd ref="9103901298"/>
    <nd ref="9106003419"/>
    <nd ref="9103901299"/>
    <nd ref="9103901300"/>
    <nd ref="9103901301"/>
    <nd ref="9103901302"/>
    <nd ref="9106003418"/>
    <nd ref="9103901303"/>
    <nd ref="9103901304"/>
    <nd ref="9103901305"/>
    <nd ref="9103901306"/>
    <nd ref="9103901307"/>
    <nd ref="9103901308"/>
    <nd ref="9103901309"/>
    <nd ref="9103901310"/>
    <nd ref="9103901311"/>
    <nd ref="9103901312"/>
    <nd ref="9103901313"/>
    <nd ref="9103901314"/>
    <nd ref="9103901315"/>
    <nd ref="9103901316"/>
    <nd ref="9103901317"/>
    <nd ref="9103901295"/>
    <tag k="golf" v="tee"/>
    <tag k="landuse" v="grass"/>
  </way>
  <way id="984715265">
    <nd ref="9103901318"/>
    <nd ref="9106003432"/>
    <nd ref="9103901319"/>
    <nd ref="9106003424"/>
    <nd ref="9103901320"/>
    <nd ref="9106003425"/>
    <nd ref="9103901321"/>
    <nd ref="9106003423"/>
    <nd ref="9103901322"/>
    <nd ref="9106003422"/>
    <nd ref="9103901323"/>
    <nd ref="9103901324"/>
    <nd ref="9106003420"/>
    <nd ref="9103901325"/>
    <nd ref="9106003421"/>
    <nd ref="9103901326"/>
    <nd ref="9103901327"/>
    <nd ref="9103901328"/>
    <nd ref="9103901329"/>
    <nd ref="9106003431"/>
    <nd ref="9103901330"/>
    <nd ref="9106003430"/>
    <nd ref="9103901331"/>
    <nd ref="9106003429"/>
    <nd ref="9103901332"/>
    <nd ref="9106003427"/>
    <nd ref="9103901333"/>
    <nd ref="9106003428"/>
    <nd ref="9103901334"/>
    <nd ref="9106003426"/>
    <nd ref="9103901335"/>
    <nd ref="9103901318"/>
    <tag k="golf" v="green"/>
    <tag k="landuse" v="grass"/>
    <tag k="ref" v="6"/>
  </way>
  <way id="984715266">
    <nd ref="9103901336"/>
    <nd ref="9106003434"/>
    <nd ref="9103901337"/>
    <nd ref="9106003435"/>
    <nd ref="9103901338"/>
    <nd ref="9103901339"/>
    <nd ref="9103901340"/>
    <nd ref="9106003433"/>
    <nd ref="9103901359"/>
    <nd ref="9103901341"/>
    <nd ref="9103901342"/>
    <nd ref="9103901343"/>
    <nd ref="9103901344"/>
    <nd ref="9103901345"/>
    <nd ref="9103901346"/>
    <nd ref="9103901347"/>
    <nd ref="9103901348"/>
    <nd ref="9103901349"/>
    <nd ref="9103901350"/>
    <nd ref="9103901351"/>
    <nd ref="9103901352"/>
    <nd ref="9103901353"/>
    <nd ref="9103901354"/>
    <nd ref="9103901355"/>
    <nd ref="9103901356"/>
    <nd ref="9103901357"/>
    <nd ref="9103901358"/>
    <nd ref="9103901336"/>
    <tag k="golf" v="tee"/>
    <tag k="landuse" v="grass"/>
    <tag k="ref" v="7"/>
  </way>
  <way id="984715267">
    <nd ref="9103901360"/>
    <nd ref="9103901361"/>
    <nd ref="9103901362"/>
    <nd ref="9103901363"/>
    <nd ref="9103901364"/>
    <nd ref="9103901365"/>
    <nd ref="9103901366"/>
    <nd ref="9103901367"/>
    <nd ref="9103901368"/>
    <nd ref="9103901369"/>
    <nd ref="9103901370"/>
    <nd ref="9103901371"/>
    <nd ref="9103901372"/>
    <nd ref="9103901373"/>
    <nd ref="9103901374"/>
    <nd ref="9103901360"/>
    <tag k="golf" v="tee"/>
    <tag k="landuse" v="grass"/>
    <tag k="ref" v="7"/>
  </way>
  <way id="984715268">
    <nd ref="9103901375"/>
    <nd ref="9103901376"/>
    <nd ref="9103901377"/>
    <nd ref="9103901378"/>
    <nd ref="9103901379"/>
    <nd ref="9103901380"/>
    <nd ref="9103901381"/>
    <nd ref="9103901382"/>
    <nd ref="9103901383"/>
    <nd ref="9103901384"/>
    <nd ref="9103901385"/>
    <nd ref="9103901386"/>
    <nd ref="9103901387"/>
    <nd ref="9103901388"/>
    <nd ref="9103901389"/>
    <nd ref="9103901390"/>
    <nd ref="9103901391"/>
    <nd ref="9103901392"/>
    <nd ref="9103901393"/>
    <nd ref="9103901394"/>
    <nd ref="9103901395"/>
    <nd ref="9103901396"/>
    <nd ref="9103901397"/>
    <nd ref="9103901398"/>
    <nd ref="9103901399"/>
    <nd ref="9103901400"/>
    <nd ref="9103901401"/>
    <nd ref="9103901402"/>
    <nd ref="9103901403"/>
    <nd ref="9103901404"/>
    <nd ref="9103901405"/>
    <nd ref="9103901406"/>
    <nd ref="9103901407"/>
    <nd ref="9103901408"/>
    <nd ref="9103901409"/>
    <nd ref="9103901410"/>
    <nd ref="9103901411"/>
    <nd ref="9103901412"/>
    <nd ref="9103901413"/>
    <nd ref="9103901414"/>
    <nd ref="9106003436"/>
    <nd ref="9103901415"/>
    <nd ref="9103901375"/>
    <tag k="golf" v="fairway"/>
    <tag k="landuse" v="grass"/>
  </way>
  <way id="984715269">
    <nd ref="9103901416"/>
    <nd ref="9103901417"/>
    <nd ref="9103901418"/>
    <nd ref="9103901419"/>
    <nd ref="9103901420"/>
    <nd ref="9103901421"/>
    <nd ref="9103901422"/>
    <nd ref="9103901423"/>
    <nd ref="9103901424"/>
    <nd ref="9103901425"/>
    <nd ref="9103901426"/>
    <nd ref="9103901427"/>
    <nd ref="9103901428"/>
    <nd ref="9103901429"/>
    <nd ref="9103901430"/>
    <nd ref="9103901431"/>
    <nd ref="9103901432"/>
    <nd ref="9103901433"/>
    <nd ref="9103901434"/>
    <nd ref="9103901435"/>
    <nd ref="9103901436"/>
    <nd ref="9103901451"/>
    <nd ref="9103901450"/>
    <nd ref="9106003437"/>
    <nd ref="9103901449"/>
    <nd ref="9103901437"/>
    <nd ref="9103901438"/>
    <nd ref="9103901439"/>
    <nd ref="9103901440"/>
    <nd ref="9103901441"/>
    <nd ref="9103901442"/>
    <nd ref="9103901443"/>
    <nd ref="9103901444"/>
    <nd ref="9103901445"/>
    <nd ref="9103901416"/>
    <tag k="golf" v="fairway"/>
    <tag k="landuse" v="grass"/>
  </way>
  <way id="984715270">
    <nd ref="9103901446"/>
    <nd ref="9103901447"/>
    <nd ref="9103901448"/>
    <nd ref="9103901437"/>
    <nd ref="9103901449"/>
    <nd ref="9106003437"/>
    <nd ref="9103901450"/>
    <nd ref="9103901451"/>
    <nd ref="9106003438"/>
    <nd ref="9103901452"/>
    <nd ref="9103901453"/>
    <nd ref="9103901454"/>
    <nd ref="9103901455"/>
    <nd ref="9106003442"/>
    <nd ref="9103901456"/>
    <nd ref="9103901457"/>
    <nd ref="9103901458"/>
    <nd ref="9103901459"/>
    <nd ref="9103901460"/>
    <nd ref="9103901461"/>
    <nd ref="9106003441"/>
    <nd ref="9103901462"/>
    <nd ref="9106003440"/>
    <nd ref="9103901463"/>
    <nd ref="9106003439"/>
    <nd ref="9103901464"/>
    <nd ref="9103901465"/>
    <nd ref="9103901466"/>
    <nd ref="9103901467"/>
    <nd ref="9103901446"/>
    <tag k="golf" v="green"/>
    <tag k="landuse" v="grass"/>
    <tag k="ref" v="7"/>
  </way>
  <way id="984715271">
    <nd ref="9103901468"/>
    <nd ref="9103901469"/>
    <nd ref="9106003446"/>
    <nd ref="9103901470"/>
    <nd ref="9103901471"/>
    <nd ref="9103901472"/>
    <nd ref="9103901473"/>
    <nd ref="9103901474"/>
    <nd ref="9103901475"/>
    <nd ref="9103901476"/>
    <nd ref="9103901477"/>
    <nd ref="9103901478"/>
    <nd ref="9103901480"/>
    <nd ref="9106003445"/>
    <nd ref="9106003444"/>
    <nd ref="9103901481"/>
    <nd ref="9106003443"/>
    <nd ref="9103901482"/>
    <nd ref="9103901483"/>
    <nd ref="9103901468"/>
    <tag k="golf" v="tee"/>
    <tag k="landuse" v="grass"/>
    <tag k="ref" v="8"/>
  </way>
  <way id="984715272">
    <nd ref="9103901484"/>
    <nd ref="9106003448"/>
    <nd ref="9103901485"/>
    <nd ref="9103901486"/>
    <nd ref="9103901487"/>
    <nd ref="9106003447"/>
    <nd ref="9103901488"/>
    <nd ref="9103901489"/>
    <nd ref="9103901490"/>
    <nd ref="9103901491"/>
    <nd ref="9103901492"/>
    <nd ref="9123065609"/>
    <nd ref="9103901493"/>
    <nd ref="9106003451"/>
    <nd ref="9103901494"/>
    <nd ref="9106003452"/>
    <nd ref="9103901495"/>
    <nd ref="9103901496"/>
    <nd ref="9103901497"/>
    <nd ref="9106003450"/>
    <nd ref="9103901498"/>
    <nd ref="9103901499"/>
    <nd ref="9103901500"/>
    <nd ref="9103901501"/>
    <nd ref="9103901502"/>
    <nd ref="9103901503"/>
    <nd ref="9106003449"/>
    <nd ref="9103901484"/>
    <tag k="golf" v="green"/>
    <tag k="landuse" v="grass"/>
    <tag k="ref" v="8"/>
  </way>
  <way id="984715273">
    <nd ref="9103901504"/>
    <nd ref="9103901505"/>
    <nd ref="9103901506"/>
    <nd ref="9103901507"/>
    <nd ref="9106003376"/>
    <nd ref="9103901508"/>
    <nd ref="9103901509"/>
    <nd ref="9106003377"/>
    <nd ref="9103901510"/>
    <nd ref="9106003378"/>
    <nd ref="9103901511"/>
    <nd ref="9103900886"/>
    <nd ref="9103901512"/>
    <nd ref="9103901513"/>
    <nd ref="9106003379"/>
    <nd ref="9103901514"/>
    <nd ref="9103901515"/>
    <nd ref="9103901516"/>
    <nd ref="9103901517"/>
    <nd ref="9103901518"/>
    <nd ref="9103901519"/>
    <nd ref="9103901520"/>
    <nd ref="9103901521"/>
    <nd ref="9103901522"/>
    <nd ref="9103901523"/>
    <nd ref="9103901504"/>
    <tag k="golf" v="green"/>
    <tag k="landuse" v="grass"/>
    <tag k="ref" v="3"/>
  </way>
  <way id="984715274">
    <nd ref="9103901524"/>
    <nd ref="9103901525"/>
    <nd ref="9103901526"/>
    <nd ref="9103901527"/>
    <nd ref="9103901528"/>
    <nd ref="9103901529"/>
    <nd ref="9103901530"/>
    <nd ref="9103901531"/>
    <nd ref="9103901532"/>
    <nd ref="9103901533"/>
    <nd ref="9103901534"/>
    <nd ref="9103901535"/>
    <nd ref="9103901536"/>
    <nd ref="9103901537"/>
    <nd ref="9103901538"/>
    <nd ref="9103901539"/>
    <nd ref="9103901540"/>
    <nd ref="9103901541"/>
    <nd ref="9103901542"/>
    <nd ref="9103901524"/>
    <tag k="golf" v="tee"/>
    <tag k="landuse" v="grass"/>
    <tag k="ref" v="9"/>
  </way>
  <way id="984715275">
    <nd ref="9103901543"/>
    <nd ref="9106003453"/>
    <nd ref="9103901544"/>
    <nd ref="9103901545"/>
    <nd ref="9103901546"/>
    <nd ref="9103901547"/>
    <nd ref="9103901548"/>
    <nd ref="9103901549"/>
    <nd ref="9103901550"/>
    <nd ref="9103901551"/>
    <nd ref="9106003455"/>
    <nd ref="9103901552"/>
    <nd ref="9103901553"/>
    <nd ref="9103901554"/>
    <nd ref="9106003454"/>
    <nd ref="9103901555"/>
    <nd ref="9103901543"/>
    <tag k="golf" v="tee"/>
    <tag k="landuse" v="grass"/>
    <tag k="ref" v="9"/>
  </way>
  <way id="984715276">
    <nd ref="9103901556"/>
    <nd ref="9103901557"/>
    <nd ref="9103901558"/>
    <nd ref="9103901559"/>
    <nd ref="9103901560"/>
    <nd ref="9103901561"/>
    <nd ref="9103901562"/>
    <nd ref="9103901563"/>
    <nd ref="9103901564"/>
    <nd ref="9103901565"/>
    <nd ref="9103901566"/>
    <nd ref="9103901567"/>
    <nd ref="9103901568"/>
    <nd ref="9103901569"/>
    <nd ref="9103901570"/>
    <nd ref="9103901571"/>
    <nd ref="9103901572"/>
    <nd ref="9103901573"/>
    <nd ref="9103901574"/>
    <nd ref="9103901575"/>
    <nd ref="9103901576"/>
    <nd ref="9103901606"/>
    <nd ref="9103901577"/>
    <nd ref="9103901578"/>
    <nd ref="9103901610"/>
    <nd ref="9103901579"/>
    <nd ref="9103901580"/>
    <nd ref="9103901581"/>
    <nd ref="9103901582"/>
    <nd ref="9103901583"/>
    <nd ref="9103901584"/>
    <nd ref="9103901585"/>
    <nd ref="9103901586"/>
    <nd ref="9103901587"/>
    <nd ref="9103901588"/>
    <nd ref="9103901589"/>
    <nd ref="9103901590"/>
    <nd ref="9103901591"/>
    <nd ref="9103901556"/>
    <tag k="golf" v="fairway"/>
    <tag k="landuse" v="grass"/>
  </way>
  <way id="984715277">
    <nd ref="9103901592"/>
    <nd ref="9103901593"/>
    <nd ref="9103901594"/>
    <nd ref="9103901595"/>
    <nd ref="9103901596"/>
    <nd ref="9103901597"/>
    <nd ref="9103901598"/>
    <nd ref="9103901599"/>
    <nd ref="9103901600"/>
    <nd ref="9103901601"/>
    <nd ref="9103901602"/>
    <nd ref="9103901603"/>
    <nd ref="9103901604"/>
    <nd ref="9103901605"/>
    <nd ref="9103901606"/>
    <nd ref="9103901577"/>
    <nd ref="9103901578"/>
    <nd ref="9103901610"/>
    <nd ref="9103901611"/>
    <nd ref="9103901612"/>
    <nd ref="9103901592"/>
    <tag k="golf" v="green"/>
    <tag k="landuse" v="grass"/>
    <tag k="ref" v="9"/>
  </way>
  <way id="984715278">
    <nd ref="9103901613"/>
    <nd ref="9103901614"/>
    <nd ref="9103901615"/>
    <nd ref="9103901616"/>
    <nd ref="9103901617"/>
    <nd ref="9103901618"/>
    <nd ref="9103901619"/>
    <nd ref="9103901620"/>
    <nd ref="9103901621"/>
    <nd ref="9103901622"/>
    <nd ref="9103901623"/>
    <nd ref="9103901624"/>
    <nd ref="9103901625"/>
    <nd ref="9103901626"/>
    <nd ref="9103901627"/>
    <nd ref="9103901628"/>
    <nd ref="9103901629"/>
    <nd ref="9103901630"/>
    <nd ref="9103901631"/>
    <nd ref="9103901632"/>
    <nd ref="9103901633"/>
    <nd ref="9103901634"/>
    <nd ref="9103901635"/>
    <nd ref="9103901613"/>
    <tag k="golf" v="green"/>
    <tag k="landuse" v="grass"/>
  </way>
  <way id="986997116">
    <nd ref="9123072097"/>
    <nd ref="9123072098"/>
    <nd ref="9123072099"/>
    <nd ref="9123072100"/>
    <nd ref="9123072101"/>
    <nd ref="9123072102"/>
    <nd ref="9123072103"/>
    <nd ref="9123072104"/>
    <nd ref="9123072105"/>
    <nd ref="9123072106"/>
    <nd ref="9123072107"/>
    <nd ref="9123072108"/>
    <nd ref="9123072109"/>
    <nd ref="9123072110"/>
    <nd ref="9123072111"/>
    <nd ref="9123072112"/>
    <nd ref="9123072113"/>
    <nd ref="9123072114"/>
    <nd ref="9123072115"/>
    <nd ref="9123072116"/>
    <nd ref="9123073617"/>
    <nd ref="9123073618"/>
    <nd ref="9123073619"/>
    <nd ref="9123073620"/>
    <nd ref="9123073621"/>
    <nd ref="9123073622"/>
    <nd ref="9123073635"/>
    <nd ref="9123073623"/>
    <nd ref="9123073624"/>
    <nd ref="9123073625"/>
    <nd ref="9123073626"/>
    <nd ref="9123073627"/>
    <nd ref="9123073628"/>
    <nd ref="9123073629"/>
    <nd ref="9123073630"/>
    <nd ref="9123073631"/>
    <nd ref="9123073632"/>
    <nd ref="9123073633"/>
    <nd ref="9123073634"/>
    <nd ref="9123072097"/>
  </way>
  <way id="986997117">
    <nd ref="9123073636"/>
    <nd ref="9123073637"/>
    <nd ref="9123073638"/>
    <nd ref="9123073639"/>
    <nd ref="9123073640"/>
    <nd ref="9123073641"/>
    <nd ref="9123073642"/>
    <nd ref="9123073643"/>
    <nd ref="9123073644"/>
    <nd ref="9123073645"/>
    <nd ref="9123073646"/>
    <nd ref="9123073647"/>
    <nd ref="9123073648"/>
    <nd ref="9123073649"/>
    <nd ref="9123073650"/>
    <nd ref="9123073651"/>
    <nd ref="9123073652"/>
    <nd ref="9123073653"/>
    <nd ref="9123073654"/>
    <nd ref="9123073655"/>
    <nd ref="9123073656"/>
    <nd ref="9123073657"/>
    <nd ref="9123073658"/>
    <nd ref="9123073659"/>
    <nd ref="9123073660"/>
    <nd ref="9123073661"/>
    <nd ref="9123073662"/>
    <nd ref="9123073663"/>
    <nd ref="9123073664"/>
    <nd ref="9123073665"/>
    <nd ref="9123073666"/>
    <nd ref="9123073667"/>
    <nd ref="9123073668"/>
    <nd ref="9123073669"/>
    <nd ref="9123073670"/>
    <nd ref="9123073671"/>
    <nd ref="9123073672"/>
    <nd ref="9123073636"/>
    <tag k="golf" v="green"/>
    <tag k="landuse" v="grass"/>
  </way>
  <way id="986997118">
    <nd ref="9123073673"/>
    <nd ref="9123073693"/>
    <nd ref="9123073674"/>
    <nd ref="9123073695"/>
    <nd ref="9123073675"/>
    <nd ref="9123073676"/>
    <nd ref="9123073677"/>
    <nd ref="9123073678"/>
    <nd ref="9123073679"/>
    <nd ref="9123073680"/>
    <nd ref="9123073681"/>
    <nd ref="9123073691"/>
    <nd ref="9123073682"/>
    <nd ref="9123073683"/>
    <nd ref="9123073690"/>
    <nd ref="9123073684"/>
    <nd ref="9123073685"/>
    <nd ref="9123073686"/>
    <nd ref="9123073692"/>
    <nd ref="9123073687"/>
    <nd ref="9123073688"/>
    <nd ref="9123073689"/>
    <nd ref="9123073694"/>
    <nd ref="9123073673"/>
    <tag k="golf" v="tee"/>
    <tag k="landuse" v="grass"/>
  </way>
  <way id="986997612">
    <nd ref="9123065590"/>
    <nd ref="9123065591"/>
    <nd ref="9123065592"/>
    <nd ref="9123065593"/>
    <nd ref="9123065594"/>
    <nd ref="9123065595"/>
    <nd ref="9123065596"/>
    <nd ref="9123065597"/>
    <nd ref="9123065598"/>
    <nd ref="9123065599"/>
    <nd ref="9123065600"/>
    <nd ref="9123065601"/>
    <nd ref="9123065602"/>
    <nd ref="9123065603"/>
    <nd ref="9123065604"/>
    <nd ref="9123065605"/>
    <nd ref="9123065606"/>
    <nd ref="9123065607"/>
    <nd ref="9123065608"/>
    <nd ref="9123065609"/>
    <nd ref="9123065610"/>
    <nd ref="9123065612"/>
    <nd ref="9123065615"/>
    <nd ref="9123065613"/>
    <nd ref="9123065614"/>
    <nd ref="9123065590"/>
    <tag k="golf" v="fairway"/>
    <tag k="landuse" v="grass"/>
  </way>
  <way id="1072194139">
    <nd ref="3470675584"/>
    <nd ref="3470675591"/>
    <tag k="highway" v="service"/>
  </way>
  <way id="1155720857">
    <nd ref="164792509"/>
    <nd ref="164792513"/>
    <tag k="highway" v="residential"/>
    <tag k="name" v="Seminary Village Road"/>
    <tag k="tiger:cfcc" v="A41"/>
    <tag k="tiger:county" v="Jefferson, KY"/>
    <tag k="tiger:name_base" v="Seminary Village"/>
    <tag k="tiger:name_type" v="Rd"/>
    <tag k="tiger:reviewed" v="no"/>
  </way>
  <way id="1171254999">
    <nd ref="10883967257"/>
    <nd ref="10883967261"/>
    <nd ref="10883967258"/>
    <nd ref="10883967260"/>
    <nd ref="10883967259"/>
    <tag k="highway" v="service"/>
    <tag k="oneway" v="yes"/>
  </way>
  <way id="1200788293">
    <nd ref="11133797715"/>
    <nd ref="11133797716"/>
    <nd ref="11133797717"/>
    <tag k="access" v="private"/>
    <tag k="highway" v="service"/>
    <tag k="service" v="driveway"/>
  </way>
  <way id="1335188865">
    <nd ref="12352355555"/>
    <nd ref="12352355554"/>
    <tag k="footway" v="link"/>
    <tag k="highway" v="footway"/>
    <tag k="surface" v="asphalt"/>
  </way>
  <way id="1335188866">
    <nd ref="12352355574"/>
    <nd ref="12352355573"/>
    <nd ref="12352355572"/>
    <nd ref="12352355571"/>
    <nd ref="12352355570"/>
    <nd ref="12352355552"/>
    <nd ref="12352355569"/>
    <nd ref="12352355568"/>
    <nd ref="12352355567"/>
    <nd ref="12352355553"/>
    <nd ref="12352355566"/>
    <nd ref="12352355565"/>
    <nd ref="12352355564"/>
    <nd ref="12352355563"/>
    <nd ref="12352355562"/>
    <nd ref="12352355561"/>
    <nd ref="12352355560"/>
    <nd ref="12352355559"/>
    <nd ref="12352355558"/>
    <nd ref="12352355557"/>
    <nd ref="12352355556"/>
    <nd ref="12352355555"/>
    <tag k="footway" v="sidewalk"/>
    <tag k="highway" v="footway"/>
    <tag k="surface" v="paved"/>
  </way>
  <way id="1335752439">
    <nd ref="164724234"/>
    <nd ref="12356469181"/>
    <tag k="highway" v="primary"/>
    <tag k="lanes" v="3"/>
    <tag k="lanes:backward" v="2"/>
    <tag k="lanes:forward" v="1"/>
    <tag k="maxspeed" v="35 mph"/>
    <tag k="name" v="Frankfort Avenue"/>
    <tag k="ref" v="US 60"/>
    <tag k="source:maxspeed" v="sign"/>
    <tag k="tiger:cfcc" v="A21"/>
    <tag k="tiger:county" v="Jefferson, KY"/>
    <tag k="tiger:name_base" v="Frankfort"/>
    <tag k="tiger:name_base_1" v="United States Highway 60"/>
    <tag k="tiger:name_type" v="Ave"/>
    <tag k="tiger:reviewed" v="no"/>
    <tag k="tiger:zip_left" v="40207"/>
    <tag k="tiger:zip_right" v="40207"/>
    <tag k="turn:lanes:backward" v="left|none"/>
  </way>
  <way id="1335752440">
    <nd ref="12356469182"/>
    <nd ref="164724234"/>
    <tag k="highway" v="primary"/>
    <tag k="lanes" v="4"/>
    <tag k="lanes:backward" v="1"/>
    <tag k="lanes:both_ways" v="1"/>
    <tag k="lanes:forward" v="2"/>
    <tag k="maxspeed" v="35 mph"/>
    <tag k="name" v="Frankfort Avenue"/>
    <tag k="ref" v="US 60"/>
    <tag k="source:maxspeed" v="sign"/>
    <tag k="tiger:cfcc" v="A21"/>
    <tag k="tiger:county" v="Jefferson, KY"/>
    <tag k="tiger:name_base" v="Frankfort"/>
    <tag k="tiger:name_base_1" v="United States Highway 60"/>
    <tag k="tiger:name_type" v="Ave"/>
    <tag k="tiger:reviewed" v="no"/>
    <tag k="tiger:zip_left" v="40207"/>
    <tag k="tiger:zip_right" v="40207"/>
  </way>
  <way id="1335752441">
    <nd ref="164724231"/>
    <nd ref="12356469182"/>
    <tag k="highway" v="primary"/>
    <tag k="lanes" v="3"/>
    <tag k="lanes:backward" v="2"/>
    <tag k="lanes:forward" v="1"/>
    <tag k="maxspeed" v="35 mph"/>
    <tag k="name" v="Frankfort Avenue"/>
    <tag k="ref" v="US 60"/>
    <tag k="source:maxspeed" v="sign"/>
    <tag k="tiger:cfcc" v="A21"/>
    <tag k="tiger:county" v="Jefferson, KY"/>
    <tag k="tiger:name_base" v="Frankfort"/>
    <tag k="tiger:name_base_1" v="United States Highway 60"/>
    <tag k="tiger:name_type" v="Ave"/>
    <tag k="tiger:reviewed" v="no"/>
    <tag k="tiger:zip_left" v="40207"/>
    <tag k="tiger:zip_right" v="40207"/>
    <tag k="turn:lanes:backward" v="left|none"/>
  </way>
  <way id="1335752442">
    <nd ref="7424283435"/>
    <nd ref="164724231"/>
    <tag k="highway" v="primary"/>
    <tag k="lanes" v="3"/>
    <tag k="lanes:backward" v="1"/>
    <tag k="lanes:forward" v="2"/>
    <tag k="maxspeed" v="35 mph"/>
    <tag k="name" v="Frankfort Avenue"/>
    <tag k="ref" v="US 60"/>
    <tag k="source:maxspeed" v="sign"/>
    <tag k="tiger:cfcc" v="A21"/>
    <tag k="tiger:county" v="Jefferson, KY"/>
    <tag k="tiger:name_base" v="Frankfort"/>
    <tag k="tiger:name_base_1" v="United States Highway 60"/>
    <tag k="tiger:name_type" v="Ave"/>
    <tag k="tiger:reviewed" v="no"/>
    <tag k="tiger:zip_left" v="40207"/>
    <tag k="tiger:zip_right" v="40207"/>
    <tag k="turn:lanes:forward" v="none|right"/>
  </way>
  <way id="1335752443">
    <nd ref="164724226"/>
    <nd ref="6662676286"/>
    <nd ref="7396217221"/>
    <nd ref="6662676288"/>
    <nd ref="7424283435"/>
    <tag k="highway" v="primary"/>
    <tag k="lanes" v="3"/>
    <tag k="lanes:backward" v="2"/>
    <tag k="lanes:forward" v="1"/>
    <tag k="maxspeed" v="35 mph"/>
    <tag k="name" v="Frankfort Avenue"/>
    <tag k="ref" v="US 60"/>
    <tag k="source:maxspeed" v="sign"/>
    <tag k="tiger:cfcc" v="A21"/>
    <tag k="tiger:county" v="Jefferson, KY"/>
    <tag k="tiger:name_base" v="Frankfort"/>
    <tag k="tiger:name_base_1" v="United States Highway 60"/>
    <tag k="tiger:name_type" v="Ave"/>
    <tag k="tiger:reviewed" v="no"/>
    <tag k="tiger:zip_left" v="40207"/>
    <tag k="tiger:zip_right" v="40207"/>
    <tag k="turn:lanes:backward" v="none|right"/>
  </way>
  <way id="1335752444">
    <nd ref="12356469183"/>
    <nd ref="6662676287"/>
    <nd ref="164724226"/>
    <tag k="highway" v="primary"/>
    <tag k="lanes" v="3"/>
    <tag k="lanes:backward" v="1"/>
    <tag k="lanes:forward" v="2"/>
    <tag k="maxspeed" v="35 mph"/>
    <tag k="name" v="Frankfort Avenue"/>
    <tag k="ref" v="US 60"/>
    <tag k="source:maxspeed" v="sign"/>
    <tag k="tiger:cfcc" v="A21"/>
    <tag k="tiger:county" v="Jefferson, KY"/>
    <tag k="tiger:name_base" v="Frankfort"/>
    <tag k="tiger:name_base_1" v="United States Highway 60"/>
    <tag k="tiger:name_type" v="Ave"/>
    <tag k="tiger:reviewed" v="no"/>
    <tag k="tiger:zip_left" v="40207"/>
    <tag k="tiger:zip_right" v="40207"/>
    <tag k="turn:lanes:forward" v="left|none"/>
  </way>
  <way id="1335752445">
    <nd ref="12356469185"/>
    <nd ref="12356469183"/>
    <tag k="highway" v="primary"/>
    <tag k="lanes" v="3"/>
    <tag k="lanes:backward" v="1"/>
    <tag k="lanes:both_ways" v="1"/>
    <tag k="lanes:forward" v="1"/>
    <tag k="maxspeed" v="35 mph"/>
    <tag k="name" v="Frankfort Avenue"/>
    <tag k="ref" v="US 60"/>
    <tag k="source:maxspeed" v="sign"/>
    <tag k="tiger:cfcc" v="A21"/>
    <tag k="tiger:county" v="Jefferson, KY"/>
    <tag k="tiger:name_base" v="Frankfort"/>
    <tag k="tiger:name_base_1" v="United States Highway 60"/>
    <tag k="tiger:name_type" v="Ave"/>
    <tag k="tiger:reviewed" v="no"/>
    <tag k="tiger:zip_left" v="40207"/>
    <tag k="tiger:zip_right" v="40207"/>
  </way>
  <way id="1335752446">
    <nd ref="164724223"/>
    <nd ref="7396217216"/>
    <nd ref="12356469184"/>
    <tag k="highway" v="primary"/>
    <tag k="lanes" v="4"/>
    <tag k="lanes:backward" v="3"/>
    <tag k="lanes:forward" v="1"/>
    <tag k="maxspeed" v="35 mph"/>
    <tag k="maxspeed:conditional" v="25 mph @ when_flashing"/>
    <tag k="name" v="Frankfort Avenue"/>
    <tag k="ref" v="US 60"/>
    <tag k="source:maxspeed" v="sign"/>
    <tag k="tiger:cfcc" v="A21"/>
    <tag k="tiger:county" v="Jefferson, KY"/>
    <tag k="tiger:name_base" v="Frankfort"/>
    <tag k="tiger:name_base_1" v="United States Highway 60"/>
    <tag k="tiger:name_type" v="Ave"/>
    <tag k="tiger:reviewed" v="no"/>
    <tag k="tiger:zip_left" v="40207"/>
    <tag k="tiger:zip_right" v="40207"/>
    <tag k="turn:lanes:backward" v="left|none|none"/>
  </way>
  <way id="1335752447">
    <nd ref="12356469184"/>
    <nd ref="7527280525"/>
    <nd ref="12356469185"/>
    <tag k="highway" v="primary"/>
    <tag k="lanes" v="4"/>
    <tag k="lanes:backward" v="2"/>
    <tag k="lanes:both_ways" v="1"/>
    <tag k="lanes:forward" v="1"/>
    <tag k="maxspeed" v="35 mph"/>
    <tag k="maxspeed:conditional" v="25 mph @ when_flashing"/>
    <tag k="name" v="Frankfort Avenue"/>
    <tag k="ref" v="US 60"/>
    <tag k="source:maxspeed" v="sign"/>
    <tag k="tiger:cfcc" v="A21"/>
    <tag k="tiger:county" v="Jefferson, KY"/>
    <tag k="tiger:name_base" v="Frankfort"/>
    <tag k="tiger:name_base_1" v="United States Highway 60"/>
    <tag k="tiger:name_type" v="Ave"/>
    <tag k="tiger:reviewed" v="no"/>
    <tag k="tiger:zip_left" v="40207"/>
    <tag k="tiger:zip_right" v="40207"/>
  </way>
  <way id="1413408774">
    <nd ref="165028878"/>
    <nd ref="7418421280"/>
    <nd ref="10883967259"/>
    <nd ref="164724269"/>
    <nd ref="6902277292"/>
    <nd ref="164724271"/>
    <nd ref="164724273"/>
    <nd ref="164681008"/>
    <nd ref="8528643661"/>
    <nd ref="164724275"/>
    <tag k="fixme" v="post-construction lane counts, turn lanes and parking"/>
    <tag k="highway" v="primary"/>
    <tag k="lanes" v="3"/>
    <tag k="lanes:backward" v="1"/>
    <tag k="lanes:both_ways" v="1"/>
    <tag k="lanes:forward" v="1"/>
    <tag k="maxspeed" v="35 mph"/>
    <tag k="name" v="Frankfort Avenue"/>
    <tag k="ref" v="US 60"/>
    <tag k="source:maxspeed" v="sign"/>
    <tag k="tiger:cfcc" v="A21"/>
    <tag k="tiger:county" v="Jefferson, KY"/>
    <tag k="tiger:name_base" v="Frankfort"/>
    <tag k="tiger:name_base_1" v="United States Highway 60"/>
    <tag k="tiger:name_type" v="Ave"/>
    <tag k="tiger:reviewed" v="no"/>
    <tag k="tiger:zip_left" v="40207"/>
    <tag k="tiger:zip_right" v="40207"/>
  </way>
  <way id="1413408775">
    <nd ref="12988994759"/>
    <nd ref="12988994760"/>
    <nd ref="13272377219"/>
    <nd ref="165028878"/>
    <tag k="fixme" v="post-construction lane counts, turn lanes and parking"/>
    <tag k="highway" v="primary"/>
    <tag k="lanes" v="3"/>
    <tag k="lanes:backward" v="1"/>
    <tag k="lanes:forward" v="2"/>
    <tag k="maxspeed" v="35 mph"/>
    <tag k="name" v="Frankfort Avenue"/>
    <tag k="ref" v="US 60"/>
    <tag k="source:maxspeed" v="sign"/>
    <tag k="tiger:cfcc" v="A21"/>
    <tag k="tiger:county" v="Jefferson, KY"/>
    <tag k="tiger:name_base" v="Frankfort"/>
    <tag k="tiger:name_base_1" v="United States Highway 60"/>
    <tag k="tiger:name_type" v="Ave"/>
    <tag k="tiger:reviewed" v="no"/>
    <tag k="tiger:zip_left" v="40207"/>
    <tag k="tiger:zip_right" v="40207"/>
    <tag k="turn:lanes:forward" v="left|"/>
  </way>
  <way id="1416299758">
    <nd ref="164729446"/>
    <nd ref="13015423828"/>
    <tag k="highway" v="primary"/>
    <tag k="lanes" v="3"/>
    <tag k="lanes:backward" v="2"/>
    <tag k="lanes:forward" v="1"/>
    <tag k="maxspeed" v="35 mph"/>
    <tag k="name" v="Brownsboro Road"/>
    <tag k="ref" v="US 42"/>
    <tag k="source:maxspeed" v="sign"/>
    <tag k="tiger:cfcc" v="A21"/>
    <tag k="tiger:county" v="Jefferson, KY"/>
    <tag k="tiger:name_base" v="United States Highway 42"/>
    <tag k="tiger:zip_left" v="40059"/>
    <tag k="tiger:zip_right" v="40059"/>
    <tag k="turn:lanes:backward" v="left|"/>
  </way>
  <way id="1416299759">
    <nd ref="5170921428"/>
    <nd ref="164729446"/>
    <tag k="highway" v="primary"/>
    <tag k="lanes" v="4"/>
    <tag k="maxspeed" v="35 mph"/>
    <tag k="name" v="Brownsboro Road"/>
    <tag k="ref" v="US 42"/>
    <tag k="source:maxspeed" v="sign"/>
    <tag k="tiger:cfcc" v="A21"/>
    <tag k="tiger:county" v="Jefferson, KY"/>
    <tag k="tiger:name_base" v="United States Highway 42"/>
    <tag k="tiger:zip_left" v="40059"/>
    <tag k="tiger:zip_right" v="40059"/>
  </way>
  <way id="1416323349">
    <nd ref="5170918464"/>
    <nd ref="164852462"/>
    <tag k="highway" v="primary"/>
    <tag k="lanes" v="4"/>
    <tag k="maxspeed" v="35 mph"/>
    <tag k="name" v="Brownsboro Road"/>
    <tag k="ref" v="US 42"/>
    <tag k="source:maxspeed" v="sign"/>
    <tag k="tiger:cfcc" v="A21"/>
    <tag k="tiger:county" v="Jefferson, KY"/>
    <tag k="tiger:name_base" v="United States Highway 42"/>
    <tag k="tiger:zip_left" v="40059"/>
    <tag k="tiger:zip_right" v="40059"/>
  </way>
  <way id="1416323350">
    <nd ref="164852462"/>
    <nd ref="13015583390"/>
    <tag k="highway" v="primary"/>
    <tag k="lanes" v="3"/>
    <tag k="lanes:backward" v="2"/>
    <tag k="lanes:forward" v="1"/>
    <tag k="maxspeed" v="35 mph"/>
    <tag k="name" v="Brownsboro Road"/>
    <tag k="ref" v="US 42"/>
    <tag k="source:maxspeed" v="sign"/>
    <tag k="tiger:cfcc" v="A21"/>
    <tag k="tiger:county" v="Jefferson, KY"/>
    <tag k="tiger:name_base" v="United States Highway 42"/>
    <tag k="tiger:zip_left" v="40059"/>
    <tag k="tiger:zip_right" v="40059"/>
    <tag k="turn:lanes:backward" v="left|"/>
  </way>
  <way id="1416477233">
    <nd ref="164744495"/>
    <nd ref="164852441"/>
    <nd ref="164852444"/>
    <tag k="highway" v="primary"/>
    <tag k="lanes" v="3"/>
    <tag k="lanes:backward" v="2"/>
    <tag k="lanes:forward" v="1"/>
    <tag k="maxspeed" v="35 mph"/>
    <tag k="name" v="Brownsboro Road"/>
    <tag k="ref" v="US 42"/>
    <tag k="source:maxspeed" v="sign"/>
    <tag k="tiger:cfcc" v="A21"/>
    <tag k="tiger:county" v="Jefferson, KY"/>
    <tag k="tiger:name_base" v="United States Highway 42"/>
    <tag k="tiger:zip_left" v="40059"/>
    <tag k="tiger:zip_right" v="40059"/>
    <tag k="turn:lanes:backward" v="left|none"/>
  </way>
  <way id="1416477234">
    <nd ref="164852438"/>
    <nd ref="164744495"/>
    <tag k="highway" v="primary"/>
    <tag k="lanes" v="3"/>
    <tag k="lanes:backward" v="1"/>
    <tag k="lanes:forward" v="2"/>
    <tag k="maxspeed" v="35 mph"/>
    <tag k="name" v="Brownsboro Road"/>
    <tag k="ref" v="US 42"/>
    <tag k="source:maxspeed" v="sign"/>
    <tag k="tiger:cfcc" v="A21"/>
    <tag k="tiger:county" v="Jefferson, KY"/>
    <tag k="tiger:name_base" v="United States Highway 42"/>
    <tag k="tiger:zip_left" v="40059"/>
    <tag k="tiger:zip_right" v="40059"/>
    <tag k="turn:lanes:forward" v="none|right"/>
  </way>
  <way id="1416477235">
    <nd ref="13016867957"/>
    <nd ref="164852438"/>
    <tag k="highway" v="primary"/>
    <tag k="lanes" v="4"/>
    <tag k="lanes:backward" v="2"/>
    <tag k="lanes:forward" v="2"/>
    <tag k="maxspeed" v="35 mph"/>
    <tag k="name" v="Brownsboro Road"/>
    <tag k="ref" v="US 42"/>
    <tag k="source:maxspeed" v="sign"/>
    <tag k="tiger:cfcc" v="A21"/>
    <tag k="tiger:county" v="Jefferson, KY"/>
    <tag k="tiger:name_base" v="United States Highway 42"/>
    <tag k="tiger:zip_left" v="40059"/>
    <tag k="tiger:zip_right" v="40059"/>
    <tag k="turn:lanes:forward" v="none|right"/>
  </way>
  <way id="1416656154">
    <nd ref="13015423828"/>
    <nd ref="164852465"/>
    <tag k="highway" v="primary"/>
    <tag k="lanes" v="4"/>
    <tag k="maxspeed" v="35 mph"/>
    <tag k="name" v="Brownsboro Road"/>
    <tag k="ref" v="US 42"/>
    <tag k="source:maxspeed" v="sign"/>
    <tag k="tiger:cfcc" v="A21"/>
    <tag k="tiger:county" v="Jefferson, KY"/>
    <tag k="tiger:name_base" v="United States Highway 42"/>
    <tag k="tiger:zip_left" v="40059"/>
    <tag k="tiger:zip_right" v="40059"/>
  </way>
  <way id="1416656155">
    <nd ref="164852465"/>
    <nd ref="13018349623"/>
    <tag k="highway" v="primary"/>
    <tag k="lanes" v="3"/>
    <tag k="lanes:backward" v="2"/>
    <tag k="lanes:forward" v="1"/>
    <tag k="maxspeed" v="35 mph"/>
    <tag k="name" v="Brownsboro Road"/>
    <tag k="ref" v="US 42"/>
    <tag k="source:maxspeed" v="sign"/>
    <tag k="tiger:cfcc" v="A21"/>
    <tag k="tiger:county" v="Jefferson, KY"/>
    <tag k="tiger:name_base" v="United States Highway 42"/>
    <tag k="tiger:zip_left" v="40059"/>
    <tag k="tiger:zip_right" v="40059"/>
    <tag k="turn:lanes:backward" v="left|"/>
  </way>
  <way id="1422616954">
    <nd ref="164852387"/>
    <nd ref="164852391"/>
    <tag k="highway" v="primary"/>
    <tag k="lanes" v="4"/>
    <tag k="maxspeed" v="35 mph"/>
    <tag k="name" v="Brownsboro Road"/>
    <tag k="ref" v="US 42"/>
    <tag k="source:maxspeed" v="sign"/>
    <tag k="tiger:cfcc" v="A21"/>
    <tag k="tiger:county" v="Jefferson, KY"/>
    <tag k="tiger:name_base" v="United States Highway 42"/>
    <tag k="tiger:zip_left" v="40059"/>
    <tag k="tiger:zip_right" v="40059"/>
  </way>
  <way id="1422616956">
    <nd ref="164852381"/>
    <nd ref="164852387"/>
    <tag k="highway" v="primary"/>
    <tag k="lanes" v="4"/>
    <tag k="lanes:backward" v="2"/>
    <tag k="lanes:forward" v="2"/>
    <tag k="maxspeed" v="35 mph"/>
    <tag k="name" v="Brownsboro Road"/>
    <tag k="ref" v="US 42"/>
    <tag k="source:maxspeed" v="sign"/>
    <tag k="tiger:cfcc" v="A21"/>
    <tag k="tiger:county" v="Jefferson, KY"/>
    <tag k="tiger:name_base" v="United States Highway 42"/>
    <tag k="tiger:zip_left" v="40059"/>
    <tag k="tiger:zip_right" v="40059"/>
    <tag k="turn:lanes:forward" v="left|none"/>
  </way>
  <way id="1424044175">
    <nd ref="13088555209"/>
    <nd ref="164774390"/>
    <nd ref="5170918464"/>
    <tag k="highway" v="primary"/>
    <tag k="lanes" v="4"/>
    <tag k="maxspeed" v="35 mph"/>
    <tag k="name" v="Brownsboro Road"/>
    <tag k="ref" v="US 42"/>
    <tag k="source:maxspeed" v="sign"/>
    <tag k="tiger:cfcc" v="A21"/>
    <tag k="tiger:county" v="Jefferson, KY"/>
    <tag k="tiger:name_base" v="United States Highway 42"/>
    <tag k="tiger:zip_left" v="40059"/>
    <tag k="tiger:zip_right" v="40059"/>
  </way>
  <way id="1424044176">
    <nd ref="13088555210"/>
    <nd ref="13088555209"/>
    <tag k="highway" v="primary"/>
    <tag k="lanes" v="3"/>
    <tag k="lanes:backward" v="2"/>
    <tag k="lanes:forward" v="1"/>
    <tag k="maxspeed" v="35 mph"/>
    <tag k="name" v="Brownsboro Road"/>
    <tag k="ref" v="US 42"/>
    <tag k="source:maxspeed" v="sign"/>
    <tag k="tiger:cfcc" v="A21"/>
    <tag k="tiger:county" v="Jefferson, KY"/>
    <tag k="tiger:name_base" v="United States Highway 42"/>
    <tag k="tiger:zip_left" v="40059"/>
    <tag k="tiger:zip_right" v="40059"/>
    <tag k="turn:lanes:backward" v="merge_to_right|none"/>
  </way>
  <way id="1424047126">
    <nd ref="164852396"/>
    <nd ref="13088497952"/>
    <tag k="highway" v="primary"/>
    <tag k="lanes" v="4"/>
    <tag k="lanes:backward" v="2"/>
    <tag k="lanes:forward" v="2"/>
    <tag k="maxspeed" v="35 mph"/>
    <tag k="maxspeed:conditional" v="25 mph @ when_flashing"/>
    <tag k="name" v="Brownsboro Road"/>
    <tag k="ref" v="US 42"/>
    <tag k="source:maxspeed" v="sign"/>
    <tag k="tiger:cfcc" v="A21"/>
    <tag k="tiger:county" v="Jefferson, KY"/>
    <tag k="tiger:name_base" v="United States Highway 42"/>
    <tag k="tiger:zip_left" v="40059"/>
    <tag k="tiger:zip_right" v="40059"/>
    <tag k="turn:lanes:forward" v="left|none"/>
  </way>
  <way id="1446520381">
    <nd ref="13272365999"/>
    <nd ref="13272377207"/>
    <nd ref="13272377203"/>
    <nd ref="13272366000"/>
    <nd ref="13272377201"/>
    <nd ref="13272377208"/>
    <nd ref="13272377202"/>
    <tag k="highway" v="service"/>
  </way>
  <way id="1446520382">
    <nd ref="13272377203"/>
    <nd ref="13272377204"/>
    <nd ref="13272377206"/>
    <nd ref="13272377205"/>
    <tag k="highway" v="service"/>
  </way>
  <way id="1446520383">
    <nd ref="13272377204"/>
    <nd ref="13272377201"/>
    <tag k="highway" v="service"/>
  </way>
  <way id="1446520384">
    <nd ref="6034793677"/>
    <nd ref="13272365994"/>
    <tag k="footway" v="sidewalk"/>
    <tag k="highway" v="footway"/>
    <tag k="surface" v="paved"/>
  </way>
  <way id="1446520385">
    <nd ref="13272365994"/>
    <nd ref="13272377208"/>
    <nd ref="13272365995"/>
    <tag k="crossing" v="unmarked"/>
    <tag k="crossing:island" v="no"/>
    <tag k="crossing:markings" v="no"/>
    <tag k="footway" v="crossing"/>
    <tag k="highway" v="footway"/>
    <tag k="surface" v="paved"/>
  </way>
  <way id="1446520386">
    <nd ref="13272365996"/>
    <nd ref="13272377211"/>
    <nd ref="13272365997"/>
    <tag k="crossing" v="unmarked"/>
    <tag k="crossing:island" v="no"/>
    <tag k="crossing:markings" v="no"/>
    <tag k="footway" v="crossing"/>
    <tag k="highway" v="footway"/>
    <tag k="surface" v="paved"/>
  </way>
  <way id="1446520387">
    <nd ref="13272365995"/>
    <nd ref="13272365996"/>
    <tag k="footway" v="sidewalk"/>
    <tag k="highway" v="footway"/>
    <tag k="surface" v="paved"/>
  </way>
  <way id="1446520388">
    <nd ref="13272377209"/>
    <nd ref="13272377211"/>
    <nd ref="13272377210"/>
    <tag k="highway" v="service"/>
    <tag k="service" v="parking_aisle"/>
  </way>
  <way id="1446520389">
    <nd ref="7418421433"/>
    <nd ref="13272377215"/>
    <nd ref="13272377214"/>
    <tag k="footway" v="sidewalk"/>
    <tag k="highway" v="footway"/>
  </way>
  <way id="1446520390">
    <nd ref="13272377214"/>
    <nd ref="13272377217"/>
    <nd ref="13272377216"/>
    <tag k="button_operated" v="yes"/>
    <tag k="crossing" v="traffic_signals"/>
    <tag k="crossing:island" v="no"/>
    <tag k="crossing:markings" v="lines"/>
    <tag k="footway" v="crossing"/>
    <tag k="highway" v="footway"/>
  </way>
  <way id="1446520391">
    <nd ref="6034793671"/>
    <nd ref="13272377219"/>
    <nd ref="13272377218"/>
    <tag k="button_operated" v="yes"/>
    <tag k="crossing" v="traffic_signals"/>
    <tag k="crossing:island" v="no"/>
    <tag k="crossing:markings" v="lines"/>
    <tag k="footway" v="crossing"/>
    <tag k="highway" v="footway"/>
  </way>
  <way id="1446520392">
    <nd ref="13272377216"/>
    <nd ref="13272377218"/>
    <nd ref="13272377220"/>
    <tag k="footway" v="sidewalk"/>
    <tag k="highway" v="footway"/>
  </way>
  <relation id="13894563">
    <member type="way" ref="986997116" role="outer"/>
    <member type="way" ref="986997117" role="inner"/>
    <tag k="golf" v="fairway"/>
    <tag k="landuse" v="grass"/>
    <tag k="type" v="multipolygon"/>
  </relation>

</osm>
